solid OpenSCAD_Model
  facet normal -1 0 0
    outer loop
      vertex 14.4 31.8 10
      vertex 14.4 33.8 22
      vertex 14.4 33.8 10
    endloop
  endfacet
  facet normal -1 -0 0
    outer loop
      vertex 14.4 33.8 22
      vertex 14.4 31.8 10
      vertex 14.4 31.8 22
    endloop
  endfacet
  facet normal 0 0 -1
    outer loop
      vertex 12 31.8 22
      vertex 14.4 33.8 22
      vertex 14.4 31.8 22
    endloop
  endfacet
  facet normal -0 0 -1
    outer loop
      vertex 14.4 33.8 22
      vertex 12 31.8 22
      vertex 12 33.8 22
    endloop
  endfacet
  facet normal -0 0 1
    outer loop
      vertex 12 33.8 10
      vertex 14.4 31.8 10
      vertex 14.4 33.8 10
    endloop
  endfacet
  facet normal 0 0 1
    outer loop
      vertex 14.4 31.8 10
      vertex 12 33.8 10
      vertex 12 31.8 10
    endloop
  endfacet
  facet normal 1 -0 0
    outer loop
      vertex 12 31.8 22
      vertex 12 33.8 10
      vertex 12 33.8 22
    endloop
  endfacet
  facet normal 1 0 0
    outer loop
      vertex 12 33.8 10
      vertex 12 31.8 22
      vertex 12 31.8 10
    endloop
  endfacet
  facet normal -1 0 0
    outer loop
      vertex 20.4 31.8 10
      vertex 20.4 33.8 22
      vertex 20.4 33.8 10
    endloop
  endfacet
  facet normal -1 -0 0
    outer loop
      vertex 20.4 33.8 22
      vertex 20.4 31.8 10
      vertex 20.4 31.8 22
    endloop
  endfacet
  facet normal 0 0 -1
    outer loop
      vertex 18 31.8 22
      vertex 20.4 33.8 22
      vertex 20.4 31.8 22
    endloop
  endfacet
  facet normal -0 0 -1
    outer loop
      vertex 20.4 33.8 22
      vertex 18 31.8 22
      vertex 18 33.8 22
    endloop
  endfacet
  facet normal -0 0 1
    outer loop
      vertex 18 33.8 10
      vertex 20.4 31.8 10
      vertex 20.4 33.8 10
    endloop
  endfacet
  facet normal 0 0 1
    outer loop
      vertex 20.4 31.8 10
      vertex 18 33.8 10
      vertex 18 31.8 10
    endloop
  endfacet
  facet normal 1 -0 0
    outer loop
      vertex 18 31.8 22
      vertex 18 33.8 10
      vertex 18 33.8 22
    endloop
  endfacet
  facet normal 1 0 0
    outer loop
      vertex 18 33.8 10
      vertex 18 31.8 22
      vertex 18 31.8 10
    endloop
  endfacet
  facet normal -1 0 0
    outer loop
      vertex 26.4 31.8 10
      vertex 26.4 33.8 22
      vertex 26.4 33.8 10
    endloop
  endfacet
  facet normal -1 -0 0
    outer loop
      vertex 26.4 33.8 22
      vertex 26.4 31.8 10
      vertex 26.4 31.8 22
    endloop
  endfacet
  facet normal 0 0 -1
    outer loop
      vertex 24 31.8 22
      vertex 26.4 33.8 22
      vertex 26.4 31.8 22
    endloop
  endfacet
  facet normal -0 0 -1
    outer loop
      vertex 26.4 33.8 22
      vertex 24 31.8 22
      vertex 24 33.8 22
    endloop
  endfacet
  facet normal -0 0 1
    outer loop
      vertex 24 33.8 10
      vertex 26.4 31.8 10
      vertex 26.4 33.8 10
    endloop
  endfacet
  facet normal 0 0 1
    outer loop
      vertex 26.4 31.8 10
      vertex 24 33.8 10
      vertex 24 31.8 10
    endloop
  endfacet
  facet normal 1 -0 0
    outer loop
      vertex 24 31.8 22
      vertex 24 33.8 10
      vertex 24 33.8 22
    endloop
  endfacet
  facet normal 1 0 0
    outer loop
      vertex 24 33.8 10
      vertex 24 31.8 22
      vertex 24 31.8 10
    endloop
  endfacet
  facet normal -1 0 0
    outer loop
      vertex 32.4 31.8 10
      vertex 32.4 33.8 22
      vertex 32.4 33.8 10
    endloop
  endfacet
  facet normal -1 -0 0
    outer loop
      vertex 32.4 33.8 22
      vertex 32.4 31.8 10
      vertex 32.4 31.8 22
    endloop
  endfacet
  facet normal 0 0 -1
    outer loop
      vertex 30 31.8 22
      vertex 32.4 33.8 22
      vertex 32.4 31.8 22
    endloop
  endfacet
  facet normal -0 0 -1
    outer loop
      vertex 32.4 33.8 22
      vertex 30 31.8 22
      vertex 30 33.8 22
    endloop
  endfacet
  facet normal -0 0 1
    outer loop
      vertex 30 33.8 10
      vertex 32.4 31.8 10
      vertex 32.4 33.8 10
    endloop
  endfacet
  facet normal 0 0 1
    outer loop
      vertex 32.4 31.8 10
      vertex 30 33.8 10
      vertex 30 31.8 10
    endloop
  endfacet
  facet normal 1 -0 0
    outer loop
      vertex 30 31.8 22
      vertex 30 33.8 10
      vertex 30 33.8 22
    endloop
  endfacet
  facet normal 1 0 0
    outer loop
      vertex 30 33.8 10
      vertex 30 31.8 22
      vertex 30 31.8 10
    endloop
  endfacet
  facet normal -1 0 0
    outer loop
      vertex 38.4 31.8 10
      vertex 38.4 33.8 22
      vertex 38.4 33.8 10
    endloop
  endfacet
  facet normal -1 -0 0
    outer loop
      vertex 38.4 33.8 22
      vertex 38.4 31.8 10
      vertex 38.4 31.8 22
    endloop
  endfacet
  facet normal 0 0 -1
    outer loop
      vertex 36 31.8 22
      vertex 38.4 33.8 22
      vertex 38.4 31.8 22
    endloop
  endfacet
  facet normal -0 0 -1
    outer loop
      vertex 38.4 33.8 22
      vertex 36 31.8 22
      vertex 36 33.8 22
    endloop
  endfacet
  facet normal -0 0 1
    outer loop
      vertex 36 33.8 10
      vertex 38.4 31.8 10
      vertex 38.4 33.8 10
    endloop
  endfacet
  facet normal 0 0 1
    outer loop
      vertex 38.4 31.8 10
      vertex 36 33.8 10
      vertex 36 31.8 10
    endloop
  endfacet
  facet normal 1 -0 0
    outer loop
      vertex 36 31.8 22
      vertex 36 33.8 10
      vertex 36 33.8 22
    endloop
  endfacet
  facet normal 1 0 0
    outer loop
      vertex 36 33.8 10
      vertex 36 31.8 22
      vertex 36 31.8 10
    endloop
  endfacet
  facet normal -1 0 0
    outer loop
      vertex 44.4 31.8 10
      vertex 44.4 33.8 22
      vertex 44.4 33.8 10
    endloop
  endfacet
  facet normal -1 -0 0
    outer loop
      vertex 44.4 33.8 22
      vertex 44.4 31.8 10
      vertex 44.4 31.8 22
    endloop
  endfacet
  facet normal 0 0 -1
    outer loop
      vertex 42 31.8 22
      vertex 44.4 33.8 22
      vertex 44.4 31.8 22
    endloop
  endfacet
  facet normal -0 0 -1
    outer loop
      vertex 44.4 33.8 22
      vertex 42 31.8 22
      vertex 42 33.8 22
    endloop
  endfacet
  facet normal -0 0 1
    outer loop
      vertex 42 33.8 10
      vertex 44.4 31.8 10
      vertex 44.4 33.8 10
    endloop
  endfacet
  facet normal 0 0 1
    outer loop
      vertex 44.4 31.8 10
      vertex 42 33.8 10
      vertex 42 31.8 10
    endloop
  endfacet
  facet normal 1 -0 0
    outer loop
      vertex 42 31.8 22
      vertex 42 33.8 10
      vertex 42 33.8 22
    endloop
  endfacet
  facet normal 1 0 0
    outer loop
      vertex 42 33.8 10
      vertex 42 31.8 22
      vertex 42 31.8 10
    endloop
  endfacet
  facet normal -0.989163 -0.146821 0
    outer loop
      vertex 19.0002 17.4048 0.49
      vertex 18.926 17.9047 3.19
      vertex 18.926 17.9047 0.49
    endloop
  endfacet
  facet normal -0.989163 -0.146821 0
    outer loop
      vertex 18.926 17.9047 3.19
      vertex 19.0002 17.4048 0.49
      vertex 19.0002 17.4048 3.19
    endloop
  endfacet
  facet normal -0.998795 -0.0490692 0
    outer loop
      vertex 19.025 16.9 0.49
      vertex 19.0002 17.4048 3.19
      vertex 19.0002 17.4048 0.49
    endloop
  endfacet
  facet normal -0.998795 -0.0490692 0
    outer loop
      vertex 19.0002 17.4048 3.19
      vertex 19.025 16.9 0.49
      vertex 19.025 16.9 3.19
    endloop
  endfacet
  facet normal -0.970038 -0.242955 0
    outer loop
      vertex 18.926 17.9047 0.49
      vertex 18.8032 18.395 3.19
      vertex 18.8032 18.395 0.49
    endloop
  endfacet
  facet normal -0.970038 -0.242955 0
    outer loop
      vertex 18.8032 18.395 3.19
      vertex 18.926 17.9047 0.49
      vertex 18.926 17.9047 3.19
    endloop
  endfacet
  facet normal 0.67153 -0.740978 0
    outer loop
      vertex 10.2334 20.5416 0
      vertex 10.6079 20.881 3.19
      vertex 10.2334 20.5416 3.19
    endloop
  endfacet
  facet normal 0.67153 -0.740978 0
    outer loop
      vertex 10.6079 20.881 3.19
      vertex 10.2334 20.5416 0
      vertex 10.6079 20.881 0
    endloop
  endfacet
  facet normal 0.989175 -0.146744 0
    outer loop
      vertex 8.7498 17.4048 3.19
      vertex 8.82396 17.9047 0
      vertex 8.82396 17.9047 3.19
    endloop
  endfacet
  facet normal 0.989175 -0.146744 0
    outer loop
      vertex 8.82396 17.9047 0
      vertex 8.7498 17.4048 3.19
      vertex 8.7498 17.4048 0
    endloop
  endfacet
  facet normal -0.336813 -0.941572 0
    outer loop
      vertex 15.37 21.8282 0
      vertex 15.8458 21.658 3.19
      vertex 15.37 21.8282 3.19
    endloop
  endfacet
  facet normal -0.336813 -0.941572 -0
    outer loop
      vertex 15.8458 21.658 3.19
      vertex 15.37 21.8282 0
      vertex 15.8458 21.658 0
    endloop
  endfacet
  facet normal 0.970038 0.242955 0
    outer loop
      vertex 8.94676 15.405 3.19
      vertex 8.82396 15.8953 0
      vertex 8.82396 15.8953 3.19
    endloop
  endfacet
  facet normal 0.970038 0.242955 0
    outer loop
      vertex 8.82396 15.8953 0
      vertex 8.94676 15.405 3.19
      vertex 8.94676 15.405 0
    endloop
  endfacet
  facet normal -0.242955 0.970038 0
    outer loop
      vertex 15.37 11.9718 0
      vertex 14.8797 11.849 3.19
      vertex 15.37 11.9718 3.19
    endloop
  endfacet
  facet normal -0.242955 0.970038 0
    outer loop
      vertex 14.8797 11.849 3.19
      vertex 15.37 11.9718 0
      vertex 14.8797 11.849 0
    endloop
  endfacet
  facet normal -0.514059 0.857755 0
    outer loop
      vertex 16.7362 12.6179 0
      vertex 16.3027 12.3581 3.19
      vertex 16.7362 12.6179 3.19
    endloop
  endfacet
  facet normal -0.514059 0.857755 0
    outer loop
      vertex 16.3027 12.3581 3.19
      vertex 16.7362 12.6179 0
      vertex 16.3027 12.3581 0
    endloop
  endfacet
  facet normal 0.336813 -0.941572 0
    outer loop
      vertex 11.9042 21.658 0
      vertex 12.38 21.8282 3.19
      vertex 11.9042 21.658 3.19
    endloop
  endfacet
  facet normal 0.336813 -0.941572 0
    outer loop
      vertex 12.38 21.8282 3.19
      vertex 11.9042 21.658 0
      vertex 12.38 21.8282 0
    endloop
  endfacet
  facet normal 0.857737 0.514088 0
    outer loop
      vertex 9.59293 14.0388 3.19
      vertex 9.33311 14.4723 0
      vertex 9.33311 14.4723 3.19
    endloop
  endfacet
  facet normal 0.857737 0.514088 0
    outer loop
      vertex 9.33311 14.4723 0
      vertex 9.59293 14.0388 3.19
      vertex 9.59293 14.0388 0
    endloop
  endfacet
  facet normal -0.146821 0.989163 0
    outer loop
      vertex 14.8797 11.849 0
      vertex 14.3798 11.7748 3.19
      vertex 14.8797 11.849 3.19
    endloop
  endfacet
  facet normal -0.146821 0.989163 0
    outer loop
      vertex 14.3798 11.7748 3.19
      vertex 14.8797 11.849 0
      vertex 14.3798 11.7748 0
    endloop
  endfacet
  facet normal -0.242955 -0.970038 0
    outer loop
      vertex 14.8797 21.951 0
      vertex 15.37 21.8282 3.19
      vertex 14.8797 21.951 3.19
    endloop
  endfacet
  facet normal -0.242955 -0.970038 -0
    outer loop
      vertex 15.37 21.8282 3.19
      vertex 14.8797 21.951 0
      vertex 15.37 21.8282 0
    endloop
  endfacet
  facet normal 0.427559 0.903987 -0
    outer loop
      vertex 11.9042 12.142 0
      vertex 11.4473 12.3581 3.19
      vertex 11.9042 12.142 3.19
    endloop
  endfacet
  facet normal 0.427559 0.903987 0
    outer loop
      vertex 11.4473 12.3581 3.19
      vertex 11.9042 12.142 0
      vertex 11.4473 12.3581 0
    endloop
  endfacet
  facet normal -0.803147 0.595781 0
    outer loop
      vertex 17.856 13.6329 0
      vertex 18.1571 14.0388 3.19
      vertex 18.1571 14.0388 0
    endloop
  endfacet
  facet normal -0.803147 0.595781 0
    outer loop
      vertex 18.1571 14.0388 3.19
      vertex 17.856 13.6329 0
      vertex 17.856 13.6329 3.19
    endloop
  endfacet
  facet normal 0.803175 -0.595743 0
    outer loop
      vertex 9.59293 19.7612 3.19
      vertex 9.894 20.1671 0
      vertex 9.894 20.1671 3.19
    endloop
  endfacet
  facet normal 0.803175 -0.595743 0
    outer loop
      vertex 9.894 20.1671 0
      vertex 9.59293 19.7612 3.19
      vertex 9.59293 19.7612 0
    endloop
  endfacet
  facet normal 0.941534 0.336918 0
    outer loop
      vertex 9.11702 14.9292 3.19
      vertex 8.94676 15.405 0
      vertex 8.94676 15.405 3.19
    endloop
  endfacet
  facet normal 0.941534 0.336918 0
    outer loop
      vertex 8.94676 15.405 0
      vertex 9.11702 14.9292 3.19
      vertex 9.11702 14.9292 0
    endloop
  endfacet
  facet normal -0.989163 0.146821 0
    outer loop
      vertex 18.926 15.8953 0.49
      vertex 19.0002 16.3952 3.19
      vertex 19.0002 16.3952 0.49
    endloop
  endfacet
  facet normal -0.989163 0.146821 0
    outer loop
      vertex 19.0002 16.3952 3.19
      vertex 18.926 15.8953 0.49
      vertex 18.926 15.8953 3.19
    endloop
  endfacet
  facet normal -0.595781 0.803147 0
    outer loop
      vertex 17.1421 12.919 0
      vertex 16.7362 12.6179 3.19
      vertex 17.1421 12.919 3.19
    endloop
  endfacet
  facet normal -0.595781 0.803147 0
    outer loop
      vertex 16.7362 12.6179 3.19
      vertex 17.1421 12.919 0
      vertex 16.7362 12.6179 0
    endloop
  endfacet
  facet normal 0.146821 -0.989163 0
    outer loop
      vertex 12.8703 21.951 0
      vertex 13.3702 22.0252 3.19
      vertex 12.8703 21.951 3.19
    endloop
  endfacet
  facet normal 0.146821 -0.989163 0
    outer loop
      vertex 13.3702 22.0252 3.19
      vertex 12.8703 21.951 0
      vertex 13.3702 22.0252 0
    endloop
  endfacet
  facet normal -0.427559 -0.903987 0
    outer loop
      vertex 15.8458 21.658 0
      vertex 16.3027 21.4419 3.19
      vertex 15.8458 21.658 3.19
    endloop
  endfacet
  facet normal -0.427559 -0.903987 -0
    outer loop
      vertex 16.3027 21.4419 3.19
      vertex 15.8458 21.658 0
      vertex 16.3027 21.4419 0
    endloop
  endfacet
  facet normal -0.427559 0.903987 0
    outer loop
      vertex 16.3027 12.3581 0
      vertex 15.8458 12.142 3.19
      vertex 16.3027 12.3581 3.19
    endloop
  endfacet
  facet normal -0.427559 0.903987 0
    outer loop
      vertex 15.8458 12.142 3.19
      vertex 16.3027 12.3581 0
      vertex 15.8458 12.142 0
    endloop
  endfacet
  facet normal 0.146821 0.989163 -0
    outer loop
      vertex 13.3702 11.7748 0
      vertex 12.8703 11.849 3.19
      vertex 13.3702 11.7748 3.19
    endloop
  endfacet
  facet normal 0.146821 0.989163 0
    outer loop
      vertex 12.8703 11.849 3.19
      vertex 13.3702 11.7748 0
      vertex 12.8703 11.849 0
    endloop
  endfacet
  facet normal -0.970038 0.242955 0
    outer loop
      vertex 18.8032 15.405 0.49
      vertex 18.926 15.8953 3.19
      vertex 18.926 15.8953 0.49
    endloop
  endfacet
  facet normal -0.970038 0.242955 0
    outer loop
      vertex 18.926 15.8953 3.19
      vertex 18.8032 15.405 0.49
      vertex 18.8032 15.405 3.19
    endloop
  endfacet
  facet normal 0.0490692 -0.998795 0
    outer loop
      vertex 13.3702 22.0252 0
      vertex 13.875 22.05 3.19
      vertex 13.3702 22.0252 3.19
    endloop
  endfacet
  facet normal 0.0490692 -0.998795 0
    outer loop
      vertex 13.875 22.05 3.19
      vertex 13.3702 22.0252 0
      vertex 13.875 22.05 0
    endloop
  endfacet
  facet normal 0.740978 0.67153 0
    outer loop
      vertex 10.2334 13.2584 3.19
      vertex 9.894 13.6329 0
      vertex 9.894 13.6329 3.19
    endloop
  endfacet
  facet normal 0.740978 0.67153 0
    outer loop
      vertex 9.894 13.6329 0
      vertex 10.2334 13.2584 3.19
      vertex 10.2334 13.2584 0
    endloop
  endfacet
  facet normal 0.427559 -0.903987 0
    outer loop
      vertex 11.4473 21.4419 0
      vertex 11.9042 21.658 3.19
      vertex 11.4473 21.4419 3.19
    endloop
  endfacet
  facet normal 0.427559 -0.903987 0
    outer loop
      vertex 11.9042 21.658 3.19
      vertex 11.4473 21.4419 0
      vertex 11.9042 21.658 0
    endloop
  endfacet
  facet normal 0.242955 -0.970038 0
    outer loop
      vertex 12.38 21.8282 0
      vertex 12.8703 21.951 3.19
      vertex 12.38 21.8282 3.19
    endloop
  endfacet
  facet normal 0.242955 -0.970038 0
    outer loop
      vertex 12.8703 21.951 3.19
      vertex 12.38 21.8282 0
      vertex 12.8703 21.951 0
    endloop
  endfacet
  facet normal -0.803147 -0.595781 0
    outer loop
      vertex 18.1571 19.7612 0
      vertex 17.856 20.1671 3.19
      vertex 17.856 20.1671 0
    endloop
  endfacet
  facet normal -0.803147 -0.595781 0
    outer loop
      vertex 17.856 20.1671 3.19
      vertex 18.1571 19.7612 0
      vertex 18.1571 19.7612 3.19
    endloop
  endfacet
  facet normal 0.998795 0.0490692 0
    outer loop
      vertex 8.7498 16.3952 3.19
      vertex 8.725 16.9 0
      vertex 8.725 16.9 3.19
    endloop
  endfacet
  facet normal 0.998795 0.0490692 0
    outer loop
      vertex 8.725 16.9 0
      vertex 8.7498 16.3952 3.19
      vertex 8.7498 16.3952 0
    endloop
  endfacet
  facet normal 0.67153 0.740978 -0
    outer loop
      vertex 10.6079 12.919 0
      vertex 10.2334 13.2584 3.19
      vertex 10.6079 12.919 3.19
    endloop
  endfacet
  facet normal 0.67153 0.740978 0
    outer loop
      vertex 10.2334 13.2584 3.19
      vertex 10.6079 12.919 0
      vertex 10.2334 13.2584 0
    endloop
  endfacet
  facet normal -0.998795 0.0490692 0
    outer loop
      vertex 19.0002 16.3952 0.49
      vertex 19.025 16.9 3.19
      vertex 19.025 16.9 0.49
    endloop
  endfacet
  facet normal -0.998795 0.0490692 0
    outer loop
      vertex 19.025 16.9 3.19
      vertex 19.0002 16.3952 0.49
      vertex 19.0002 16.3952 3.19
    endloop
  endfacet
  facet normal -0.903987 0.427559 0
    outer loop
      vertex 18.4169 14.4723 0
      vertex 18.633 14.9292 3.19
      vertex 18.633 14.9292 0
    endloop
  endfacet
  facet normal -0.903987 0.427559 0
    outer loop
      vertex 18.633 14.9292 3.19
      vertex 18.4169 14.4723 0
      vertex 18.4169 14.4723 3.19
    endloop
  endfacet
  facet normal 0.740978 -0.67153 0
    outer loop
      vertex 9.894 20.1671 3.19
      vertex 10.2334 20.5416 0
      vertex 10.2334 20.5416 3.19
    endloop
  endfacet
  facet normal 0.740978 -0.67153 0
    outer loop
      vertex 10.2334 20.5416 0
      vertex 9.894 20.1671 3.19
      vertex 9.894 20.1671 0
    endloop
  endfacet
  facet normal -0.336813 0.941572 0
    outer loop
      vertex 15.8458 12.142 0
      vertex 15.37 11.9718 3.19
      vertex 15.8458 12.142 3.19
    endloop
  endfacet
  facet normal -0.336813 0.941572 0
    outer loop
      vertex 15.37 11.9718 3.19
      vertex 15.8458 12.142 0
      vertex 15.37 11.9718 0
    endloop
  endfacet
  facet normal -0.595781 -0.803147 0
    outer loop
      vertex 16.7362 21.1821 0
      vertex 17.1421 20.881 3.19
      vertex 16.7362 21.1821 3.19
    endloop
  endfacet
  facet normal -0.595781 -0.803147 -0
    outer loop
      vertex 17.1421 20.881 3.19
      vertex 16.7362 21.1821 0
      vertex 17.1421 20.881 0
    endloop
  endfacet
  facet normal -0.514059 -0.857755 0
    outer loop
      vertex 16.3027 21.4419 0
      vertex 16.7362 21.1821 3.19
      vertex 16.3027 21.4419 3.19
    endloop
  endfacet
  facet normal -0.514059 -0.857755 -0
    outer loop
      vertex 16.7362 21.1821 3.19
      vertex 16.3027 21.4419 0
      vertex 16.7362 21.1821 0
    endloop
  endfacet
  facet normal -0.0490692 0.998795 0
    outer loop
      vertex 14.3798 11.7748 0
      vertex 13.875 11.75 3.19
      vertex 14.3798 11.7748 3.19
    endloop
  endfacet
  facet normal -0.0490692 0.998795 0
    outer loop
      vertex 13.875 11.75 3.19
      vertex 14.3798 11.7748 0
      vertex 13.875 11.75 0
    endloop
  endfacet
  facet normal -0.941636 -0.336632 -0
    outer loop
      vertex 18.7124 18.6487 0.49
      vertex 18.633 18.8708 0
      vertex 18.7124 18.6487 0
    endloop
  endfacet
  facet normal -0.941636 -0.336632 0
    outer loop
      vertex 18.633 18.8708 0
      vertex 18.7124 18.6487 0.49
      vertex 18.633 18.8708 3.19
    endloop
  endfacet
  facet normal -0.941515 -0.336971 -0
    outer loop
      vertex 18.8032 18.395 3.19
      vertex 18.7124 18.6487 0.49
      vertex 18.8032 18.395 0.49
    endloop
  endfacet
  facet normal -0.941572 -0.336813 1.67842e-05
    outer loop
      vertex 18.7124 18.6487 0.49
      vertex 18.8032 18.395 3.19
      vertex 18.633 18.8708 3.19
    endloop
  endfacet
  facet normal -0.857755 0.514059 0
    outer loop
      vertex 18.1571 14.0388 0
      vertex 18.4169 14.4723 3.19
      vertex 18.4169 14.4723 0
    endloop
  endfacet
  facet normal -0.857755 0.514059 0
    outer loop
      vertex 18.4169 14.4723 3.19
      vertex 18.1571 14.0388 0
      vertex 18.1571 14.0388 3.19
    endloop
  endfacet
  facet normal 0.998795 -0.0490692 0
    outer loop
      vertex 8.725 16.9 3.19
      vertex 8.7498 17.4048 0
      vertex 8.7498 17.4048 3.19
    endloop
  endfacet
  facet normal 0.998795 -0.0490692 0
    outer loop
      vertex 8.7498 17.4048 0
      vertex 8.725 16.9 3.19
      vertex 8.725 16.9 0
    endloop
  endfacet
  facet normal 0.595781 -0.803147 0
    outer loop
      vertex 10.6079 20.881 0
      vertex 11.0138 21.1821 3.19
      vertex 10.6079 20.881 3.19
    endloop
  endfacet
  facet normal 0.595781 -0.803147 0
    outer loop
      vertex 11.0138 21.1821 3.19
      vertex 10.6079 20.881 0
      vertex 11.0138 21.1821 0
    endloop
  endfacet
  facet normal -0.740978 -0.67153 0
    outer loop
      vertex 17.856 20.1671 0
      vertex 17.5166 20.5416 3.19
      vertex 17.5166 20.5416 0
    endloop
  endfacet
  facet normal -0.740978 -0.67153 0
    outer loop
      vertex 17.5166 20.5416 3.19
      vertex 17.856 20.1671 0
      vertex 17.856 20.1671 3.19
    endloop
  endfacet
  facet normal -0.0490692 -0.998795 0
    outer loop
      vertex 13.875 22.05 0
      vertex 14.3798 22.0252 3.19
      vertex 13.875 22.05 3.19
    endloop
  endfacet
  facet normal -0.0490692 -0.998795 -0
    outer loop
      vertex 14.3798 22.0252 3.19
      vertex 13.875 22.05 0
      vertex 14.3798 22.0252 0
    endloop
  endfacet
  facet normal -0.903987 -0.427559 0
    outer loop
      vertex 18.633 18.8708 0
      vertex 18.4169 19.3277 3.19
      vertex 18.4169 19.3277 0
    endloop
  endfacet
  facet normal -0.903987 -0.427559 0
    outer loop
      vertex 18.4169 19.3277 3.19
      vertex 18.633 18.8708 0
      vertex 18.633 18.8708 3.19
    endloop
  endfacet
  facet normal 0.514059 -0.857755 0
    outer loop
      vertex 11.0138 21.1821 0
      vertex 11.4473 21.4419 3.19
      vertex 11.0138 21.1821 3.19
    endloop
  endfacet
  facet normal 0.514059 -0.857755 0
    outer loop
      vertex 11.4473 21.4419 3.19
      vertex 11.0138 21.1821 0
      vertex 11.4473 21.4419 0
    endloop
  endfacet
  facet normal 0.941534 -0.336918 0
    outer loop
      vertex 8.94676 18.395 3.19
      vertex 9.11702 18.8708 0
      vertex 9.11702 18.8708 3.19
    endloop
  endfacet
  facet normal 0.941534 -0.336918 0
    outer loop
      vertex 9.11702 18.8708 0
      vertex 8.94676 18.395 3.19
      vertex 8.94676 18.395 0
    endloop
  endfacet
  facet normal -0.67153 0.740978 0
    outer loop
      vertex 17.5166 13.2584 0
      vertex 17.1421 12.919 3.19
      vertex 17.5166 13.2584 3.19
    endloop
  endfacet
  facet normal -0.67153 0.740978 0
    outer loop
      vertex 17.1421 12.919 3.19
      vertex 17.5166 13.2584 0
      vertex 17.1421 12.919 0
    endloop
  endfacet
  facet normal -0.857755 -0.514059 0
    outer loop
      vertex 18.4169 19.3277 0
      vertex 18.1571 19.7612 3.19
      vertex 18.1571 19.7612 0
    endloop
  endfacet
  facet normal -0.857755 -0.514059 0
    outer loop
      vertex 18.1571 19.7612 3.19
      vertex 18.4169 19.3277 0
      vertex 18.4169 19.3277 3.19
    endloop
  endfacet
  facet normal 0.595781 0.803147 -0
    outer loop
      vertex 11.0138 12.6179 0
      vertex 10.6079 12.919 3.19
      vertex 11.0138 12.6179 3.19
    endloop
  endfacet
  facet normal 0.595781 0.803147 0
    outer loop
      vertex 10.6079 12.919 3.19
      vertex 11.0138 12.6179 0
      vertex 10.6079 12.919 0
    endloop
  endfacet
  facet normal -0.67153 -0.740978 0
    outer loop
      vertex 17.1421 20.881 0
      vertex 17.5166 20.5416 3.19
      vertex 17.1421 20.881 3.19
    endloop
  endfacet
  facet normal -0.67153 -0.740978 -0
    outer loop
      vertex 17.5166 20.5416 3.19
      vertex 17.1421 20.881 0
      vertex 17.5166 20.5416 0
    endloop
  endfacet
  facet normal 0.970038 -0.242955 0
    outer loop
      vertex 8.82396 17.9047 3.19
      vertex 8.94676 18.395 0
      vertex 8.94676 18.395 3.19
    endloop
  endfacet
  facet normal 0.970038 -0.242955 0
    outer loop
      vertex 8.94676 18.395 0
      vertex 8.82396 17.9047 3.19
      vertex 8.82396 17.9047 0
    endloop
  endfacet
  facet normal 0.514059 0.857755 -0
    outer loop
      vertex 11.4473 12.3581 0
      vertex 11.0138 12.6179 3.19
      vertex 11.4473 12.3581 3.19
    endloop
  endfacet
  facet normal 0.514059 0.857755 0
    outer loop
      vertex 11.0138 12.6179 3.19
      vertex 11.4473 12.3581 0
      vertex 11.0138 12.6179 0
    endloop
  endfacet
  facet normal 0.803175 0.595743 0
    outer loop
      vertex 9.894 13.6329 3.19
      vertex 9.59293 14.0388 0
      vertex 9.59293 14.0388 3.19
    endloop
  endfacet
  facet normal 0.803175 0.595743 0
    outer loop
      vertex 9.59293 14.0388 0
      vertex 9.894 13.6329 3.19
      vertex 9.894 13.6329 0
    endloop
  endfacet
  facet normal 0.989175 0.146744 0
    outer loop
      vertex 8.82396 15.8953 3.19
      vertex 8.7498 16.3952 0
      vertex 8.7498 16.3952 3.19
    endloop
  endfacet
  facet normal 0.989175 0.146744 0
    outer loop
      vertex 8.7498 16.3952 0
      vertex 8.82396 15.8953 3.19
      vertex 8.82396 15.8953 0
    endloop
  endfacet
  facet normal -0.941561 0.336843 0
    outer loop
      vertex 18.7551 15.2705 0
      vertex 18.633 14.9292 0
      vertex 18.7551 15.2705 0.49
    endloop
  endfacet
  facet normal -0.941599 0.336736 0
    outer loop
      vertex 18.7551 15.2705 0.49
      vertex 18.8032 15.405 3.19
      vertex 18.8032 15.405 0.49
    endloop
  endfacet
  facet normal -0.941561 0.336843 0
    outer loop
      vertex 18.633 14.9292 3.19
      vertex 18.7551 15.2705 0.49
      vertex 18.633 14.9292 0
    endloop
  endfacet
  facet normal -0.941572 0.336813 -4.33897e-06
    outer loop
      vertex 18.7551 15.2705 0.49
      vertex 18.633 14.9292 3.19
      vertex 18.8032 15.405 3.19
    endloop
  endfacet
  facet normal -0.146821 -0.989163 0
    outer loop
      vertex 14.3798 22.0252 0
      vertex 14.8797 21.951 3.19
      vertex 14.3798 22.0252 3.19
    endloop
  endfacet
  facet normal -0.146821 -0.989163 -0
    outer loop
      vertex 14.8797 21.951 3.19
      vertex 14.3798 22.0252 0
      vertex 14.8797 21.951 0
    endloop
  endfacet
  facet normal 0.857737 -0.514088 0
    outer loop
      vertex 9.33311 19.3277 3.19
      vertex 9.59293 19.7612 0
      vertex 9.59293 19.7612 3.19
    endloop
  endfacet
  facet normal 0.857737 -0.514088 0
    outer loop
      vertex 9.59293 19.7612 0
      vertex 9.33311 19.3277 3.19
      vertex 9.33311 19.3277 0
    endloop
  endfacet
  facet normal 0.0490692 0.998795 -0
    outer loop
      vertex 13.875 11.75 0
      vertex 13.3702 11.7748 3.19
      vertex 13.875 11.75 3.19
    endloop
  endfacet
  facet normal 0.0490692 0.998795 0
    outer loop
      vertex 13.3702 11.7748 3.19
      vertex 13.875 11.75 0
      vertex 13.3702 11.7748 0
    endloop
  endfacet
  facet normal 0 0 -1
    outer loop
      vertex 19.0002 16.3952 3.19
      vertex 19.0002 17.4048 3.19
      vertex 19.025 16.9 3.19
    endloop
  endfacet
  facet normal 0 0 -1
    outer loop
      vertex 18.926 15.8953 3.19
      vertex 19.0002 17.4048 3.19
      vertex 19.0002 16.3952 3.19
    endloop
  endfacet
  facet normal 0 0 -1
    outer loop
      vertex 18.926 15.8953 3.19
      vertex 18.926 17.9047 3.19
      vertex 19.0002 17.4048 3.19
    endloop
  endfacet
  facet normal 0 0 -1
    outer loop
      vertex 18.8032 15.405 3.19
      vertex 18.926 17.9047 3.19
      vertex 18.926 15.8953 3.19
    endloop
  endfacet
  facet normal 0 0 -1
    outer loop
      vertex 18.8032 15.405 3.19
      vertex 18.8032 18.395 3.19
      vertex 18.926 17.9047 3.19
    endloop
  endfacet
  facet normal 0 0 -1
    outer loop
      vertex 18.633 14.9292 3.19
      vertex 18.8032 18.395 3.19
      vertex 18.8032 15.405 3.19
    endloop
  endfacet
  facet normal 0 0 -1
    outer loop
      vertex 18.633 14.9292 3.19
      vertex 18.633 18.8708 3.19
      vertex 18.8032 18.395 3.19
    endloop
  endfacet
  facet normal 0 0 -1
    outer loop
      vertex 18.4169 14.4723 3.19
      vertex 18.633 18.8708 3.19
      vertex 18.633 14.9292 3.19
    endloop
  endfacet
  facet normal 0 0 -1
    outer loop
      vertex 18.4169 14.4723 3.19
      vertex 18.4169 19.3277 3.19
      vertex 18.633 18.8708 3.19
    endloop
  endfacet
  facet normal 0 0 -1
    outer loop
      vertex 18.1571 14.0388 3.19
      vertex 18.4169 19.3277 3.19
      vertex 18.4169 14.4723 3.19
    endloop
  endfacet
  facet normal 0 0 -1
    outer loop
      vertex 18.1571 14.0388 3.19
      vertex 18.1571 19.7612 3.19
      vertex 18.4169 19.3277 3.19
    endloop
  endfacet
  facet normal 0 0 -1
    outer loop
      vertex 17.856 13.6329 3.19
      vertex 18.1571 19.7612 3.19
      vertex 18.1571 14.0388 3.19
    endloop
  endfacet
  facet normal 0 0 -1
    outer loop
      vertex 17.856 13.6329 3.19
      vertex 17.856 20.1671 3.19
      vertex 18.1571 19.7612 3.19
    endloop
  endfacet
  facet normal 0 0 -1
    outer loop
      vertex 17.5166 13.2584 3.19
      vertex 17.856 20.1671 3.19
      vertex 17.856 13.6329 3.19
    endloop
  endfacet
  facet normal 0 0 -1
    outer loop
      vertex 17.5166 13.2584 3.19
      vertex 17.5166 20.5416 3.19
      vertex 17.856 20.1671 3.19
    endloop
  endfacet
  facet normal 0 0 -1
    outer loop
      vertex 17.1421 12.919 3.19
      vertex 17.5166 20.5416 3.19
      vertex 17.5166 13.2584 3.19
    endloop
  endfacet
  facet normal 0 0 -1
    outer loop
      vertex 17.1421 12.919 3.19
      vertex 17.1421 20.881 3.19
      vertex 17.5166 20.5416 3.19
    endloop
  endfacet
  facet normal 0 0 -1
    outer loop
      vertex 16.7362 12.6179 3.19
      vertex 17.1421 20.881 3.19
      vertex 17.1421 12.919 3.19
    endloop
  endfacet
  facet normal 0 0 -1
    outer loop
      vertex 16.7362 12.6179 3.19
      vertex 16.7362 21.1821 3.19
      vertex 17.1421 20.881 3.19
    endloop
  endfacet
  facet normal 0 0 -1
    outer loop
      vertex 16.3027 12.3581 3.19
      vertex 16.7362 21.1821 3.19
      vertex 16.7362 12.6179 3.19
    endloop
  endfacet
  facet normal 0 0 -1
    outer loop
      vertex 16.3027 12.3581 3.19
      vertex 16.3027 21.4419 3.19
      vertex 16.7362 21.1821 3.19
    endloop
  endfacet
  facet normal 0 0 -1
    outer loop
      vertex 15.8458 12.142 3.19
      vertex 16.3027 21.4419 3.19
      vertex 16.3027 12.3581 3.19
    endloop
  endfacet
  facet normal 0 0 -1
    outer loop
      vertex 15.8458 12.142 3.19
      vertex 15.8458 21.658 3.19
      vertex 16.3027 21.4419 3.19
    endloop
  endfacet
  facet normal 0 0 -1
    outer loop
      vertex 15.37 11.9718 3.19
      vertex 15.8458 21.658 3.19
      vertex 15.8458 12.142 3.19
    endloop
  endfacet
  facet normal 0 0 -1
    outer loop
      vertex 15.37 11.9718 3.19
      vertex 15.37 21.8282 3.19
      vertex 15.8458 21.658 3.19
    endloop
  endfacet
  facet normal 0 0 -1
    outer loop
      vertex 14.8797 11.849 3.19
      vertex 15.37 21.8282 3.19
      vertex 15.37 11.9718 3.19
    endloop
  endfacet
  facet normal 0 0 -1
    outer loop
      vertex 14.8797 11.849 3.19
      vertex 14.8797 21.951 3.19
      vertex 15.37 21.8282 3.19
    endloop
  endfacet
  facet normal 0 0 -1
    outer loop
      vertex 14.3798 11.7748 3.19
      vertex 14.8797 21.951 3.19
      vertex 14.8797 11.849 3.19
    endloop
  endfacet
  facet normal 0 0 -1
    outer loop
      vertex 14.3798 11.7748 3.19
      vertex 14.3798 22.0252 3.19
      vertex 14.8797 21.951 3.19
    endloop
  endfacet
  facet normal 0 0 -1
    outer loop
      vertex 13.875 11.75 3.19
      vertex 14.3798 22.0252 3.19
      vertex 14.3798 11.7748 3.19
    endloop
  endfacet
  facet normal 0 0 -1
    outer loop
      vertex 13.875 11.75 3.19
      vertex 13.875 22.05 3.19
      vertex 14.3798 22.0252 3.19
    endloop
  endfacet
  facet normal 0 0 -1
    outer loop
      vertex 13.3702 11.7748 3.19
      vertex 13.875 22.05 3.19
      vertex 13.875 11.75 3.19
    endloop
  endfacet
  facet normal 0 0 -1
    outer loop
      vertex 13.3702 11.7748 3.19
      vertex 13.3702 22.0252 3.19
      vertex 13.875 22.05 3.19
    endloop
  endfacet
  facet normal 0 0 -1
    outer loop
      vertex 12.8703 11.849 3.19
      vertex 13.3702 22.0252 3.19
      vertex 13.3702 11.7748 3.19
    endloop
  endfacet
  facet normal 0 0 -1
    outer loop
      vertex 12.8703 11.849 3.19
      vertex 12.8703 21.951 3.19
      vertex 13.3702 22.0252 3.19
    endloop
  endfacet
  facet normal 0 0 -1
    outer loop
      vertex 12.38 11.9718 3.19
      vertex 12.8703 21.951 3.19
      vertex 12.8703 11.849 3.19
    endloop
  endfacet
  facet normal 0 0 -1
    outer loop
      vertex 12.38 11.9718 3.19
      vertex 12.38 21.8282 3.19
      vertex 12.8703 21.951 3.19
    endloop
  endfacet
  facet normal 0 0 -1
    outer loop
      vertex 11.9042 12.142 3.19
      vertex 12.38 21.8282 3.19
      vertex 12.38 11.9718 3.19
    endloop
  endfacet
  facet normal 0 0 -1
    outer loop
      vertex 11.9042 12.142 3.19
      vertex 11.9042 21.658 3.19
      vertex 12.38 21.8282 3.19
    endloop
  endfacet
  facet normal 0 0 -1
    outer loop
      vertex 11.4473 12.3581 3.19
      vertex 11.9042 21.658 3.19
      vertex 11.9042 12.142 3.19
    endloop
  endfacet
  facet normal 0 0 -1
    outer loop
      vertex 11.4473 12.3581 3.19
      vertex 11.4473 21.4419 3.19
      vertex 11.9042 21.658 3.19
    endloop
  endfacet
  facet normal 0 0 -1
    outer loop
      vertex 11.0138 12.6179 3.19
      vertex 11.4473 21.4419 3.19
      vertex 11.4473 12.3581 3.19
    endloop
  endfacet
  facet normal 0 0 -1
    outer loop
      vertex 11.0138 12.6179 3.19
      vertex 11.0138 21.1821 3.19
      vertex 11.4473 21.4419 3.19
    endloop
  endfacet
  facet normal 0 0 -1
    outer loop
      vertex 10.6079 12.919 3.19
      vertex 11.0138 21.1821 3.19
      vertex 11.0138 12.6179 3.19
    endloop
  endfacet
  facet normal 0 0 -1
    outer loop
      vertex 10.6079 12.919 3.19
      vertex 10.6079 20.881 3.19
      vertex 11.0138 21.1821 3.19
    endloop
  endfacet
  facet normal 0 0 -1
    outer loop
      vertex 10.2334 13.2584 3.19
      vertex 10.6079 20.881 3.19
      vertex 10.6079 12.919 3.19
    endloop
  endfacet
  facet normal 0 0 -1
    outer loop
      vertex 10.2334 13.2584 3.19
      vertex 10.2334 20.5416 3.19
      vertex 10.6079 20.881 3.19
    endloop
  endfacet
  facet normal 0 0 -1
    outer loop
      vertex 9.894 13.6329 3.19
      vertex 10.2334 20.5416 3.19
      vertex 10.2334 13.2584 3.19
    endloop
  endfacet
  facet normal 0 0 -1
    outer loop
      vertex 9.894 13.6329 3.19
      vertex 9.894 20.1671 3.19
      vertex 10.2334 20.5416 3.19
    endloop
  endfacet
  facet normal 0 0 -1
    outer loop
      vertex 9.59293 14.0388 3.19
      vertex 9.894 20.1671 3.19
      vertex 9.894 13.6329 3.19
    endloop
  endfacet
  facet normal 0 0 -1
    outer loop
      vertex 9.59293 14.0388 3.19
      vertex 9.59293 19.7612 3.19
      vertex 9.894 20.1671 3.19
    endloop
  endfacet
  facet normal 0 0 -1
    outer loop
      vertex 9.33311 14.4723 3.19
      vertex 9.59293 19.7612 3.19
      vertex 9.59293 14.0388 3.19
    endloop
  endfacet
  facet normal 0 0 -1
    outer loop
      vertex 9.33311 14.4723 3.19
      vertex 9.33311 19.3277 3.19
      vertex 9.59293 19.7612 3.19
    endloop
  endfacet
  facet normal 0 0 -1
    outer loop
      vertex 9.11702 14.9292 3.19
      vertex 9.33311 19.3277 3.19
      vertex 9.33311 14.4723 3.19
    endloop
  endfacet
  facet normal 0 0 -1
    outer loop
      vertex 9.11702 14.9292 3.19
      vertex 9.11702 18.8708 3.19
      vertex 9.33311 19.3277 3.19
    endloop
  endfacet
  facet normal 0 0 -1
    outer loop
      vertex 8.94676 15.405 3.19
      vertex 9.11702 18.8708 3.19
      vertex 9.11702 14.9292 3.19
    endloop
  endfacet
  facet normal 0 0 -1
    outer loop
      vertex 8.94676 15.405 3.19
      vertex 8.94676 18.395 3.19
      vertex 9.11702 18.8708 3.19
    endloop
  endfacet
  facet normal 0 0 -1
    outer loop
      vertex 8.82396 15.8953 3.19
      vertex 8.94676 18.395 3.19
      vertex 8.94676 15.405 3.19
    endloop
  endfacet
  facet normal 0 0 -1
    outer loop
      vertex 8.82396 15.8953 3.19
      vertex 8.82396 17.9047 3.19
      vertex 8.94676 18.395 3.19
    endloop
  endfacet
  facet normal 0 0 -1
    outer loop
      vertex 8.7498 16.3952 3.19
      vertex 8.82396 17.9047 3.19
      vertex 8.82396 15.8953 3.19
    endloop
  endfacet
  facet normal 0 0 -1
    outer loop
      vertex 8.7498 16.3952 3.19
      vertex 8.7498 17.4048 3.19
      vertex 8.82396 17.9047 3.19
    endloop
  endfacet
  facet normal 0 -0 -1
    outer loop
      vertex 8.7498 17.4048 3.19
      vertex 8.7498 16.3952 3.19
      vertex 8.725 16.9 3.19
    endloop
  endfacet
  facet normal 0.903995 0.427543 0
    outer loop
      vertex 9.33311 14.4723 3.19
      vertex 9.11702 14.9292 0
      vertex 9.11702 14.9292 3.19
    endloop
  endfacet
  facet normal 0.903995 0.427543 0
    outer loop
      vertex 9.11702 14.9292 0
      vertex 9.33311 14.4723 3.19
      vertex 9.33311 14.4723 0
    endloop
  endfacet
  facet normal 0.336813 0.941572 -0
    outer loop
      vertex 12.38 11.9718 0
      vertex 11.9042 12.142 3.19
      vertex 12.38 11.9718 3.19
    endloop
  endfacet
  facet normal 0.336813 0.941572 0
    outer loop
      vertex 11.9042 12.142 3.19
      vertex 12.38 11.9718 0
      vertex 11.9042 12.142 0
    endloop
  endfacet
  facet normal 0.242955 0.970038 -0
    outer loop
      vertex 12.8703 11.849 0
      vertex 12.38 11.9718 3.19
      vertex 12.8703 11.849 3.19
    endloop
  endfacet
  facet normal 0.242955 0.970038 0
    outer loop
      vertex 12.38 11.9718 3.19
      vertex 12.8703 11.849 0
      vertex 12.38 11.9718 0
    endloop
  endfacet
  facet normal 0.903995 -0.427543 0
    outer loop
      vertex 9.11702 18.8708 3.19
      vertex 9.33311 19.3277 0
      vertex 9.33311 19.3277 3.19
    endloop
  endfacet
  facet normal 0.903995 -0.427543 0
    outer loop
      vertex 9.33311 19.3277 0
      vertex 9.11702 18.8708 3.19
      vertex 9.11702 18.8708 0
    endloop
  endfacet
  facet normal -0.740978 0.67153 0
    outer loop
      vertex 17.5166 13.2584 0
      vertex 17.856 13.6329 3.19
      vertex 17.856 13.6329 0
    endloop
  endfacet
  facet normal -0.740978 0.67153 0
    outer loop
      vertex 17.856 13.6329 3.19
      vertex 17.5166 13.2584 0
      vertex 17.5166 13.2584 3.19
    endloop
  endfacet
  facet normal -0.989163 -0.146821 0
    outer loop
      vertex 46.7502 17.4048 0
      vertex 46.676 17.9047 3.19
      vertex 46.676 17.9047 0
    endloop
  endfacet
  facet normal -0.989163 -0.146821 0
    outer loop
      vertex 46.676 17.9047 3.19
      vertex 46.7502 17.4048 0
      vertex 46.7502 17.4048 3.19
    endloop
  endfacet
  facet normal -0.998795 -0.0490692 0
    outer loop
      vertex 46.775 16.9 0
      vertex 46.7502 17.4048 3.19
      vertex 46.7502 17.4048 0
    endloop
  endfacet
  facet normal -0.998795 -0.0490692 0
    outer loop
      vertex 46.7502 17.4048 3.19
      vertex 46.775 16.9 0
      vertex 46.775 16.9 3.19
    endloop
  endfacet
  facet normal -0.970038 -0.242955 0
    outer loop
      vertex 46.676 17.9047 0
      vertex 46.5532 18.395 3.19
      vertex 46.5532 18.395 0
    endloop
  endfacet
  facet normal -0.970038 -0.242955 0
    outer loop
      vertex 46.5532 18.395 3.19
      vertex 46.676 17.9047 0
      vertex 46.676 17.9047 3.19
    endloop
  endfacet
  facet normal 0.67153 -0.740978 0
    outer loop
      vertex 37.9834 20.5416 0
      vertex 38.3579 20.881 3.19
      vertex 37.9834 20.5416 3.19
    endloop
  endfacet
  facet normal 0.67153 -0.740978 0
    outer loop
      vertex 38.3579 20.881 3.19
      vertex 37.9834 20.5416 0
      vertex 38.3579 20.881 0
    endloop
  endfacet
  facet normal 0.989163 -0.146821 0
    outer loop
      vertex 36.4998 17.4048 3.19
      vertex 36.574 17.9047 0.49
      vertex 36.574 17.9047 3.19
    endloop
  endfacet
  facet normal 0.989163 -0.146821 0
    outer loop
      vertex 36.574 17.9047 0.49
      vertex 36.4998 17.4048 3.19
      vertex 36.4998 17.4048 0.49
    endloop
  endfacet
  facet normal -0.336813 -0.941572 0
    outer loop
      vertex 43.12 21.8282 0
      vertex 43.5958 21.658 3.19
      vertex 43.12 21.8282 3.19
    endloop
  endfacet
  facet normal -0.336813 -0.941572 -0
    outer loop
      vertex 43.5958 21.658 3.19
      vertex 43.12 21.8282 0
      vertex 43.5958 21.658 0
    endloop
  endfacet
  facet normal 0.970038 0.242955 0
    outer loop
      vertex 36.6968 15.405 3.19
      vertex 36.574 15.8953 0.49
      vertex 36.574 15.8953 3.19
    endloop
  endfacet
  facet normal 0.970038 0.242955 0
    outer loop
      vertex 36.574 15.8953 0.49
      vertex 36.6968 15.405 3.19
      vertex 36.6968 15.405 0.49
    endloop
  endfacet
  facet normal -0.242955 0.970038 0
    outer loop
      vertex 43.12 11.9718 0
      vertex 42.6297 11.849 3.19
      vertex 43.12 11.9718 3.19
    endloop
  endfacet
  facet normal -0.242955 0.970038 0
    outer loop
      vertex 42.6297 11.849 3.19
      vertex 43.12 11.9718 0
      vertex 42.6297 11.849 0
    endloop
  endfacet
  facet normal -0.514059 0.857755 0
    outer loop
      vertex 44.4862 12.6179 0
      vertex 44.0527 12.3581 3.19
      vertex 44.4862 12.6179 3.19
    endloop
  endfacet
  facet normal -0.514059 0.857755 0
    outer loop
      vertex 44.0527 12.3581 3.19
      vertex 44.4862 12.6179 0
      vertex 44.0527 12.3581 0
    endloop
  endfacet
  facet normal 0.336813 -0.941572 0
    outer loop
      vertex 39.6542 21.658 0
      vertex 40.13 21.8282 3.19
      vertex 39.6542 21.658 3.19
    endloop
  endfacet
  facet normal 0.336813 -0.941572 0
    outer loop
      vertex 40.13 21.8282 3.19
      vertex 39.6542 21.658 0
      vertex 40.13 21.8282 0
    endloop
  endfacet
  facet normal 0.857755 0.514059 0
    outer loop
      vertex 37.3429 14.0388 3.19
      vertex 37.0831 14.4723 0
      vertex 37.0831 14.4723 3.19
    endloop
  endfacet
  facet normal 0.857755 0.514059 0
    outer loop
      vertex 37.0831 14.4723 0
      vertex 37.3429 14.0388 3.19
      vertex 37.3429 14.0388 0
    endloop
  endfacet
  facet normal -0.146821 0.989163 0
    outer loop
      vertex 42.6297 11.849 0
      vertex 42.1298 11.7748 3.19
      vertex 42.6297 11.849 3.19
    endloop
  endfacet
  facet normal -0.146821 0.989163 0
    outer loop
      vertex 42.1298 11.7748 3.19
      vertex 42.6297 11.849 0
      vertex 42.1298 11.7748 0
    endloop
  endfacet
  facet normal -0.242955 -0.970038 0
    outer loop
      vertex 42.6297 21.951 0
      vertex 43.12 21.8282 3.19
      vertex 42.6297 21.951 3.19
    endloop
  endfacet
  facet normal -0.242955 -0.970038 -0
    outer loop
      vertex 43.12 21.8282 3.19
      vertex 42.6297 21.951 0
      vertex 43.12 21.8282 0
    endloop
  endfacet
  facet normal 0.427559 0.903987 -0
    outer loop
      vertex 39.6542 12.142 0
      vertex 39.1973 12.3581 3.19
      vertex 39.6542 12.142 3.19
    endloop
  endfacet
  facet normal 0.427559 0.903987 0
    outer loop
      vertex 39.1973 12.3581 3.19
      vertex 39.6542 12.142 0
      vertex 39.1973 12.3581 0
    endloop
  endfacet
  facet normal -0.803147 0.595781 0
    outer loop
      vertex 45.606 13.6329 0
      vertex 45.9071 14.0388 3.19
      vertex 45.9071 14.0388 0
    endloop
  endfacet
  facet normal -0.803147 0.595781 0
    outer loop
      vertex 45.9071 14.0388 3.19
      vertex 45.606 13.6329 0
      vertex 45.606 13.6329 3.19
    endloop
  endfacet
  facet normal 0.803147 -0.595781 0
    outer loop
      vertex 37.3429 19.7612 3.19
      vertex 37.644 20.1671 0
      vertex 37.644 20.1671 3.19
    endloop
  endfacet
  facet normal 0.803147 -0.595781 0
    outer loop
      vertex 37.644 20.1671 0
      vertex 37.3429 19.7612 3.19
      vertex 37.3429 19.7612 0
    endloop
  endfacet
  facet normal 0.94161 0.336705 0
    outer loop
      vertex 36.6968 15.405 3.19
      vertex 36.83 15.0325 0.49
      vertex 36.6968 15.405 0.49
    endloop
  endfacet
  facet normal 0.941572 0.336813 -1.68135e-05
    outer loop
      vertex 36.867 14.9292 3.19
      vertex 36.83 15.0325 0.49
      vertex 36.6968 15.405 3.19
    endloop
  endfacet
  facet normal 0.941432 0.337202 -0
    outer loop
      vertex 36.867 14.9292 0
      vertex 36.83 15.0325 0.49
      vertex 36.867 14.9292 3.19
    endloop
  endfacet
  facet normal 0.941432 0.337202 0
    outer loop
      vertex 36.83 15.0325 0.49
      vertex 36.867 14.9292 0
      vertex 36.83 15.0325 0
    endloop
  endfacet
  facet normal -0.989163 0.146821 0
    outer loop
      vertex 46.676 15.8953 0
      vertex 46.7502 16.3952 3.19
      vertex 46.7502 16.3952 0
    endloop
  endfacet
  facet normal -0.989163 0.146821 0
    outer loop
      vertex 46.7502 16.3952 3.19
      vertex 46.676 15.8953 0
      vertex 46.676 15.8953 3.19
    endloop
  endfacet
  facet normal -0.595781 0.803147 0
    outer loop
      vertex 44.8921 12.919 0
      vertex 44.4862 12.6179 3.19
      vertex 44.8921 12.919 3.19
    endloop
  endfacet
  facet normal -0.595781 0.803147 0
    outer loop
      vertex 44.4862 12.6179 3.19
      vertex 44.8921 12.919 0
      vertex 44.4862 12.6179 0
    endloop
  endfacet
  facet normal 0.146821 -0.989163 0
    outer loop
      vertex 40.6203 21.951 0
      vertex 41.1202 22.0252 3.19
      vertex 40.6203 21.951 3.19
    endloop
  endfacet
  facet normal 0.146821 -0.989163 0
    outer loop
      vertex 41.1202 22.0252 3.19
      vertex 40.6203 21.951 0
      vertex 41.1202 22.0252 0
    endloop
  endfacet
  facet normal -0.427559 -0.903987 0
    outer loop
      vertex 43.5958 21.658 0
      vertex 44.0527 21.4419 3.19
      vertex 43.5958 21.658 3.19
    endloop
  endfacet
  facet normal -0.427559 -0.903987 -0
    outer loop
      vertex 44.0527 21.4419 3.19
      vertex 43.5958 21.658 0
      vertex 44.0527 21.4419 0
    endloop
  endfacet
  facet normal -0.427559 0.903987 0
    outer loop
      vertex 44.0527 12.3581 0
      vertex 43.5958 12.142 3.19
      vertex 44.0527 12.3581 3.19
    endloop
  endfacet
  facet normal -0.427559 0.903987 0
    outer loop
      vertex 43.5958 12.142 3.19
      vertex 44.0527 12.3581 0
      vertex 43.5958 12.142 0
    endloop
  endfacet
  facet normal 0.146821 0.989163 -0
    outer loop
      vertex 41.1202 11.7748 0
      vertex 40.6203 11.849 3.19
      vertex 41.1202 11.7748 3.19
    endloop
  endfacet
  facet normal 0.146821 0.989163 0
    outer loop
      vertex 40.6203 11.849 3.19
      vertex 41.1202 11.7748 0
      vertex 40.6203 11.849 0
    endloop
  endfacet
  facet normal -0.970038 0.242955 0
    outer loop
      vertex 46.5532 15.405 0
      vertex 46.676 15.8953 3.19
      vertex 46.676 15.8953 0
    endloop
  endfacet
  facet normal -0.970038 0.242955 0
    outer loop
      vertex 46.676 15.8953 3.19
      vertex 46.5532 15.405 0
      vertex 46.5532 15.405 3.19
    endloop
  endfacet
  facet normal 0.0490692 -0.998795 0
    outer loop
      vertex 41.1202 22.0252 0
      vertex 41.625 22.05 3.19
      vertex 41.1202 22.0252 3.19
    endloop
  endfacet
  facet normal 0.0490692 -0.998795 0
    outer loop
      vertex 41.625 22.05 3.19
      vertex 41.1202 22.0252 0
      vertex 41.625 22.05 0
    endloop
  endfacet
  facet normal 0.740978 0.67153 0
    outer loop
      vertex 37.9834 13.2584 3.19
      vertex 37.644 13.6329 0
      vertex 37.644 13.6329 3.19
    endloop
  endfacet
  facet normal 0.740978 0.67153 0
    outer loop
      vertex 37.644 13.6329 0
      vertex 37.9834 13.2584 3.19
      vertex 37.9834 13.2584 0
    endloop
  endfacet
  facet normal 0.427559 -0.903987 0
    outer loop
      vertex 39.1973 21.4419 0
      vertex 39.6542 21.658 3.19
      vertex 39.1973 21.4419 3.19
    endloop
  endfacet
  facet normal 0.427559 -0.903987 0
    outer loop
      vertex 39.6542 21.658 3.19
      vertex 39.1973 21.4419 0
      vertex 39.6542 21.658 0
    endloop
  endfacet
  facet normal 0.242955 -0.970038 0
    outer loop
      vertex 40.13 21.8282 0
      vertex 40.6203 21.951 3.19
      vertex 40.13 21.8282 3.19
    endloop
  endfacet
  facet normal 0.242955 -0.970038 0
    outer loop
      vertex 40.6203 21.951 3.19
      vertex 40.13 21.8282 0
      vertex 40.6203 21.951 0
    endloop
  endfacet
  facet normal -0.803147 -0.595781 0
    outer loop
      vertex 45.9071 19.7612 0
      vertex 45.606 20.1671 3.19
      vertex 45.606 20.1671 0
    endloop
  endfacet
  facet normal -0.803147 -0.595781 0
    outer loop
      vertex 45.606 20.1671 3.19
      vertex 45.9071 19.7612 0
      vertex 45.9071 19.7612 3.19
    endloop
  endfacet
  facet normal 0.998795 0.0490692 0
    outer loop
      vertex 36.4998 16.3952 3.19
      vertex 36.475 16.9 0.49
      vertex 36.475 16.9 3.19
    endloop
  endfacet
  facet normal 0.998795 0.0490692 0
    outer loop
      vertex 36.475 16.9 0.49
      vertex 36.4998 16.3952 3.19
      vertex 36.4998 16.3952 0.49
    endloop
  endfacet
  facet normal 0.67153 0.740978 -0
    outer loop
      vertex 38.3579 12.919 0
      vertex 37.9834 13.2584 3.19
      vertex 38.3579 12.919 3.19
    endloop
  endfacet
  facet normal 0.67153 0.740978 0
    outer loop
      vertex 37.9834 13.2584 3.19
      vertex 38.3579 12.919 0
      vertex 37.9834 13.2584 0
    endloop
  endfacet
  facet normal -0.998795 0.0490692 0
    outer loop
      vertex 46.7502 16.3952 0
      vertex 46.775 16.9 3.19
      vertex 46.775 16.9 0
    endloop
  endfacet
  facet normal -0.998795 0.0490692 0
    outer loop
      vertex 46.775 16.9 3.19
      vertex 46.7502 16.3952 0
      vertex 46.7502 16.3952 3.19
    endloop
  endfacet
  facet normal -0.903987 0.427559 0
    outer loop
      vertex 46.1669 14.4723 0
      vertex 46.383 14.9292 3.19
      vertex 46.383 14.9292 0
    endloop
  endfacet
  facet normal -0.903987 0.427559 0
    outer loop
      vertex 46.383 14.9292 3.19
      vertex 46.1669 14.4723 0
      vertex 46.1669 14.4723 3.19
    endloop
  endfacet
  facet normal 0.740978 -0.67153 0
    outer loop
      vertex 37.644 20.1671 3.19
      vertex 37.9834 20.5416 0
      vertex 37.9834 20.5416 3.19
    endloop
  endfacet
  facet normal 0.740978 -0.67153 0
    outer loop
      vertex 37.9834 20.5416 0
      vertex 37.644 20.1671 3.19
      vertex 37.644 20.1671 0
    endloop
  endfacet
  facet normal -0.336813 0.941572 0
    outer loop
      vertex 43.5958 12.142 0
      vertex 43.12 11.9718 3.19
      vertex 43.5958 12.142 3.19
    endloop
  endfacet
  facet normal -0.336813 0.941572 0
    outer loop
      vertex 43.12 11.9718 3.19
      vertex 43.5958 12.142 0
      vertex 43.12 11.9718 0
    endloop
  endfacet
  facet normal -0.595781 -0.803147 0
    outer loop
      vertex 44.4862 21.1821 0
      vertex 44.8921 20.881 3.19
      vertex 44.4862 21.1821 3.19
    endloop
  endfacet
  facet normal -0.595781 -0.803147 -0
    outer loop
      vertex 44.8921 20.881 3.19
      vertex 44.4862 21.1821 0
      vertex 44.8921 20.881 0
    endloop
  endfacet
  facet normal -0.514059 -0.857755 0
    outer loop
      vertex 44.0527 21.4419 0
      vertex 44.4862 21.1821 3.19
      vertex 44.0527 21.4419 3.19
    endloop
  endfacet
  facet normal -0.514059 -0.857755 -0
    outer loop
      vertex 44.4862 21.1821 3.19
      vertex 44.0527 21.4419 0
      vertex 44.4862 21.1821 0
    endloop
  endfacet
  facet normal -0.0490692 0.998795 0
    outer loop
      vertex 42.1298 11.7748 0
      vertex 41.625 11.75 3.19
      vertex 42.1298 11.7748 3.19
    endloop
  endfacet
  facet normal -0.0490692 0.998795 0
    outer loop
      vertex 41.625 11.75 3.19
      vertex 42.1298 11.7748 0
      vertex 41.625 11.75 0
    endloop
  endfacet
  facet normal -0.941572 -0.336813 0
    outer loop
      vertex 46.5532 18.395 0
      vertex 46.383 18.8708 3.19
      vertex 46.383 18.8708 0
    endloop
  endfacet
  facet normal -0.941572 -0.336813 0
    outer loop
      vertex 46.383 18.8708 3.19
      vertex 46.5532 18.395 0
      vertex 46.5532 18.395 3.19
    endloop
  endfacet
  facet normal -0.857755 0.514059 0
    outer loop
      vertex 45.9071 14.0388 0
      vertex 46.1669 14.4723 3.19
      vertex 46.1669 14.4723 0
    endloop
  endfacet
  facet normal -0.857755 0.514059 0
    outer loop
      vertex 46.1669 14.4723 3.19
      vertex 45.9071 14.0388 0
      vertex 45.9071 14.0388 3.19
    endloop
  endfacet
  facet normal 0.998795 -0.0490692 0
    outer loop
      vertex 36.475 16.9 3.19
      vertex 36.4998 17.4048 0.49
      vertex 36.4998 17.4048 3.19
    endloop
  endfacet
  facet normal 0.998795 -0.0490692 0
    outer loop
      vertex 36.4998 17.4048 0.49
      vertex 36.475 16.9 3.19
      vertex 36.475 16.9 0.49
    endloop
  endfacet
  facet normal 0.595781 -0.803147 0
    outer loop
      vertex 38.3579 20.881 0
      vertex 38.7638 21.1821 3.19
      vertex 38.3579 20.881 3.19
    endloop
  endfacet
  facet normal 0.595781 -0.803147 0
    outer loop
      vertex 38.7638 21.1821 3.19
      vertex 38.3579 20.881 0
      vertex 38.7638 21.1821 0
    endloop
  endfacet
  facet normal -0.740978 -0.67153 0
    outer loop
      vertex 45.606 20.1671 0
      vertex 45.2666 20.5416 3.19
      vertex 45.2666 20.5416 0
    endloop
  endfacet
  facet normal -0.740978 -0.67153 0
    outer loop
      vertex 45.2666 20.5416 3.19
      vertex 45.606 20.1671 0
      vertex 45.606 20.1671 3.19
    endloop
  endfacet
  facet normal -0.0490692 -0.998795 0
    outer loop
      vertex 41.625 22.05 0
      vertex 42.1298 22.0252 3.19
      vertex 41.625 22.05 3.19
    endloop
  endfacet
  facet normal -0.0490692 -0.998795 -0
    outer loop
      vertex 42.1298 22.0252 3.19
      vertex 41.625 22.05 0
      vertex 42.1298 22.0252 0
    endloop
  endfacet
  facet normal -0.903987 -0.427559 0
    outer loop
      vertex 46.383 18.8708 0
      vertex 46.1669 19.3277 3.19
      vertex 46.1669 19.3277 0
    endloop
  endfacet
  facet normal -0.903987 -0.427559 0
    outer loop
      vertex 46.1669 19.3277 3.19
      vertex 46.383 18.8708 0
      vertex 46.383 18.8708 3.19
    endloop
  endfacet
  facet normal 0.514059 -0.857755 0
    outer loop
      vertex 38.7638 21.1821 0
      vertex 39.1973 21.4419 3.19
      vertex 38.7638 21.1821 3.19
    endloop
  endfacet
  facet normal 0.514059 -0.857755 0
    outer loop
      vertex 39.1973 21.4419 3.19
      vertex 38.7638 21.1821 0
      vertex 39.1973 21.4419 0
    endloop
  endfacet
  facet normal 0.940961 -0.338516 0
    outer loop
      vertex 36.867 18.8708 3.19
      vertex 36.8611 18.8544 0.49
      vertex 36.867 18.8708 0
    endloop
  endfacet
  facet normal 0.941572 -0.336813 -1.1683e-05
    outer loop
      vertex 36.6968 18.395 3.19
      vertex 36.8611 18.8544 0.49
      vertex 36.867 18.8708 3.19
    endloop
  endfacet
  facet normal 0.941593 -0.336752 0
    outer loop
      vertex 36.8611 18.8544 0.49
      vertex 36.6968 18.395 3.19
      vertex 36.6968 18.395 0.49
    endloop
  endfacet
  facet normal 0.940961 -0.338516 0
    outer loop
      vertex 36.867 18.8708 0
      vertex 36.8611 18.8544 0.49
      vertex 36.8611 18.8544 0
    endloop
  endfacet
  facet normal -0.67153 0.740978 0
    outer loop
      vertex 45.2666 13.2584 0
      vertex 44.8921 12.919 3.19
      vertex 45.2666 13.2584 3.19
    endloop
  endfacet
  facet normal -0.67153 0.740978 0
    outer loop
      vertex 44.8921 12.919 3.19
      vertex 45.2666 13.2584 0
      vertex 44.8921 12.919 0
    endloop
  endfacet
  facet normal -0.857755 -0.514059 0
    outer loop
      vertex 46.1669 19.3277 0
      vertex 45.9071 19.7612 3.19
      vertex 45.9071 19.7612 0
    endloop
  endfacet
  facet normal -0.857755 -0.514059 0
    outer loop
      vertex 45.9071 19.7612 3.19
      vertex 46.1669 19.3277 0
      vertex 46.1669 19.3277 3.19
    endloop
  endfacet
  facet normal -0.67153 -0.740978 0
    outer loop
      vertex 44.8921 20.881 0
      vertex 45.2666 20.5416 3.19
      vertex 44.8921 20.881 3.19
    endloop
  endfacet
  facet normal -0.67153 -0.740978 -0
    outer loop
      vertex 45.2666 20.5416 3.19
      vertex 44.8921 20.881 0
      vertex 45.2666 20.5416 0
    endloop
  endfacet
  facet normal 0.970038 -0.242955 0
    outer loop
      vertex 36.574 17.9047 3.19
      vertex 36.6968 18.395 0.49
      vertex 36.6968 18.395 3.19
    endloop
  endfacet
  facet normal 0.970038 -0.242955 0
    outer loop
      vertex 36.6968 18.395 0.49
      vertex 36.574 17.9047 3.19
      vertex 36.574 17.9047 0.49
    endloop
  endfacet
  facet normal 0.514059 0.857755 -0
    outer loop
      vertex 39.1973 12.3581 0
      vertex 38.7638 12.6179 3.19
      vertex 39.1973 12.3581 3.19
    endloop
  endfacet
  facet normal 0.514059 0.857755 0
    outer loop
      vertex 38.7638 12.6179 3.19
      vertex 39.1973 12.3581 0
      vertex 38.7638 12.6179 0
    endloop
  endfacet
  facet normal 0.803147 0.595781 0
    outer loop
      vertex 37.644 13.6329 3.19
      vertex 37.3429 14.0388 0
      vertex 37.3429 14.0388 3.19
    endloop
  endfacet
  facet normal 0.803147 0.595781 0
    outer loop
      vertex 37.3429 14.0388 0
      vertex 37.644 13.6329 3.19
      vertex 37.644 13.6329 0
    endloop
  endfacet
  facet normal 0.989163 0.146821 0
    outer loop
      vertex 36.574 15.8953 3.19
      vertex 36.4998 16.3952 0.49
      vertex 36.4998 16.3952 3.19
    endloop
  endfacet
  facet normal 0.989163 0.146821 0
    outer loop
      vertex 36.4998 16.3952 0.49
      vertex 36.574 15.8953 3.19
      vertex 36.574 15.8953 0.49
    endloop
  endfacet
  facet normal 0.595781 0.803147 -0
    outer loop
      vertex 38.7638 12.6179 0
      vertex 38.3579 12.919 3.19
      vertex 38.7638 12.6179 3.19
    endloop
  endfacet
  facet normal 0.595781 0.803147 0
    outer loop
      vertex 38.3579 12.919 3.19
      vertex 38.7638 12.6179 0
      vertex 38.3579 12.919 0
    endloop
  endfacet
  facet normal -0.941572 0.336813 0
    outer loop
      vertex 46.383 14.9292 0
      vertex 46.5532 15.405 3.19
      vertex 46.5532 15.405 0
    endloop
  endfacet
  facet normal -0.941572 0.336813 0
    outer loop
      vertex 46.5532 15.405 3.19
      vertex 46.383 14.9292 0
      vertex 46.383 14.9292 3.19
    endloop
  endfacet
  facet normal -0.146821 -0.989163 0
    outer loop
      vertex 42.1298 22.0252 0
      vertex 42.6297 21.951 3.19
      vertex 42.1298 22.0252 3.19
    endloop
  endfacet
  facet normal -0.146821 -0.989163 -0
    outer loop
      vertex 42.6297 21.951 3.19
      vertex 42.1298 22.0252 0
      vertex 42.6297 21.951 0
    endloop
  endfacet
  facet normal 0.857755 -0.514059 0
    outer loop
      vertex 37.0831 19.3277 3.19
      vertex 37.3429 19.7612 0
      vertex 37.3429 19.7612 3.19
    endloop
  endfacet
  facet normal 0.857755 -0.514059 0
    outer loop
      vertex 37.3429 19.7612 0
      vertex 37.0831 19.3277 3.19
      vertex 37.0831 19.3277 0
    endloop
  endfacet
  facet normal 0.0490692 0.998795 -0
    outer loop
      vertex 41.625 11.75 0
      vertex 41.1202 11.7748 3.19
      vertex 41.625 11.75 3.19
    endloop
  endfacet
  facet normal 0.0490692 0.998795 0
    outer loop
      vertex 41.1202 11.7748 3.19
      vertex 41.625 11.75 0
      vertex 41.1202 11.7748 0
    endloop
  endfacet
  facet normal 0 0 -1
    outer loop
      vertex 46.7502 16.3952 3.19
      vertex 46.7502 17.4048 3.19
      vertex 46.775 16.9 3.19
    endloop
  endfacet
  facet normal 0 0 -1
    outer loop
      vertex 46.676 15.8953 3.19
      vertex 46.7502 17.4048 3.19
      vertex 46.7502 16.3952 3.19
    endloop
  endfacet
  facet normal 0 0 -1
    outer loop
      vertex 46.676 15.8953 3.19
      vertex 46.676 17.9047 3.19
      vertex 46.7502 17.4048 3.19
    endloop
  endfacet
  facet normal 0 0 -1
    outer loop
      vertex 46.5532 15.405 3.19
      vertex 46.676 17.9047 3.19
      vertex 46.676 15.8953 3.19
    endloop
  endfacet
  facet normal 0 0 -1
    outer loop
      vertex 46.5532 15.405 3.19
      vertex 46.5532 18.395 3.19
      vertex 46.676 17.9047 3.19
    endloop
  endfacet
  facet normal 0 0 -1
    outer loop
      vertex 46.383 14.9292 3.19
      vertex 46.5532 18.395 3.19
      vertex 46.5532 15.405 3.19
    endloop
  endfacet
  facet normal 0 0 -1
    outer loop
      vertex 46.383 14.9292 3.19
      vertex 46.383 18.8708 3.19
      vertex 46.5532 18.395 3.19
    endloop
  endfacet
  facet normal 0 0 -1
    outer loop
      vertex 46.1669 14.4723 3.19
      vertex 46.383 18.8708 3.19
      vertex 46.383 14.9292 3.19
    endloop
  endfacet
  facet normal 0 0 -1
    outer loop
      vertex 46.1669 14.4723 3.19
      vertex 46.1669 19.3277 3.19
      vertex 46.383 18.8708 3.19
    endloop
  endfacet
  facet normal 0 0 -1
    outer loop
      vertex 45.9071 14.0388 3.19
      vertex 46.1669 19.3277 3.19
      vertex 46.1669 14.4723 3.19
    endloop
  endfacet
  facet normal 0 0 -1
    outer loop
      vertex 45.9071 14.0388 3.19
      vertex 45.9071 19.7612 3.19
      vertex 46.1669 19.3277 3.19
    endloop
  endfacet
  facet normal 0 0 -1
    outer loop
      vertex 45.606 13.6329 3.19
      vertex 45.9071 19.7612 3.19
      vertex 45.9071 14.0388 3.19
    endloop
  endfacet
  facet normal 0 0 -1
    outer loop
      vertex 45.606 13.6329 3.19
      vertex 45.606 20.1671 3.19
      vertex 45.9071 19.7612 3.19
    endloop
  endfacet
  facet normal 0 0 -1
    outer loop
      vertex 45.2666 13.2584 3.19
      vertex 45.606 20.1671 3.19
      vertex 45.606 13.6329 3.19
    endloop
  endfacet
  facet normal 0 0 -1
    outer loop
      vertex 45.2666 13.2584 3.19
      vertex 45.2666 20.5416 3.19
      vertex 45.606 20.1671 3.19
    endloop
  endfacet
  facet normal 0 0 -1
    outer loop
      vertex 44.8921 12.919 3.19
      vertex 45.2666 20.5416 3.19
      vertex 45.2666 13.2584 3.19
    endloop
  endfacet
  facet normal 0 0 -1
    outer loop
      vertex 44.8921 12.919 3.19
      vertex 44.8921 20.881 3.19
      vertex 45.2666 20.5416 3.19
    endloop
  endfacet
  facet normal 0 0 -1
    outer loop
      vertex 44.4862 12.6179 3.19
      vertex 44.8921 20.881 3.19
      vertex 44.8921 12.919 3.19
    endloop
  endfacet
  facet normal 0 0 -1
    outer loop
      vertex 44.4862 12.6179 3.19
      vertex 44.4862 21.1821 3.19
      vertex 44.8921 20.881 3.19
    endloop
  endfacet
  facet normal 0 0 -1
    outer loop
      vertex 44.0527 12.3581 3.19
      vertex 44.4862 21.1821 3.19
      vertex 44.4862 12.6179 3.19
    endloop
  endfacet
  facet normal 0 0 -1
    outer loop
      vertex 44.0527 12.3581 3.19
      vertex 44.0527 21.4419 3.19
      vertex 44.4862 21.1821 3.19
    endloop
  endfacet
  facet normal 0 0 -1
    outer loop
      vertex 43.5958 12.142 3.19
      vertex 44.0527 21.4419 3.19
      vertex 44.0527 12.3581 3.19
    endloop
  endfacet
  facet normal 0 0 -1
    outer loop
      vertex 43.5958 12.142 3.19
      vertex 43.5958 21.658 3.19
      vertex 44.0527 21.4419 3.19
    endloop
  endfacet
  facet normal 0 0 -1
    outer loop
      vertex 43.12 11.9718 3.19
      vertex 43.5958 21.658 3.19
      vertex 43.5958 12.142 3.19
    endloop
  endfacet
  facet normal 0 0 -1
    outer loop
      vertex 43.12 11.9718 3.19
      vertex 43.12 21.8282 3.19
      vertex 43.5958 21.658 3.19
    endloop
  endfacet
  facet normal 0 0 -1
    outer loop
      vertex 42.6297 11.849 3.19
      vertex 43.12 21.8282 3.19
      vertex 43.12 11.9718 3.19
    endloop
  endfacet
  facet normal 0 0 -1
    outer loop
      vertex 42.6297 11.849 3.19
      vertex 42.6297 21.951 3.19
      vertex 43.12 21.8282 3.19
    endloop
  endfacet
  facet normal 0 0 -1
    outer loop
      vertex 42.1298 11.7748 3.19
      vertex 42.6297 21.951 3.19
      vertex 42.6297 11.849 3.19
    endloop
  endfacet
  facet normal 0 0 -1
    outer loop
      vertex 42.1298 11.7748 3.19
      vertex 42.1298 22.0252 3.19
      vertex 42.6297 21.951 3.19
    endloop
  endfacet
  facet normal 0 0 -1
    outer loop
      vertex 41.625 11.75 3.19
      vertex 42.1298 22.0252 3.19
      vertex 42.1298 11.7748 3.19
    endloop
  endfacet
  facet normal 0 0 -1
    outer loop
      vertex 41.625 11.75 3.19
      vertex 41.625 22.05 3.19
      vertex 42.1298 22.0252 3.19
    endloop
  endfacet
  facet normal 0 0 -1
    outer loop
      vertex 41.1202 11.7748 3.19
      vertex 41.625 22.05 3.19
      vertex 41.625 11.75 3.19
    endloop
  endfacet
  facet normal 0 0 -1
    outer loop
      vertex 41.1202 11.7748 3.19
      vertex 41.1202 22.0252 3.19
      vertex 41.625 22.05 3.19
    endloop
  endfacet
  facet normal 0 0 -1
    outer loop
      vertex 40.6203 11.849 3.19
      vertex 41.1202 22.0252 3.19
      vertex 41.1202 11.7748 3.19
    endloop
  endfacet
  facet normal 0 0 -1
    outer loop
      vertex 40.6203 11.849 3.19
      vertex 40.6203 21.951 3.19
      vertex 41.1202 22.0252 3.19
    endloop
  endfacet
  facet normal 0 0 -1
    outer loop
      vertex 40.13 11.9718 3.19
      vertex 40.6203 21.951 3.19
      vertex 40.6203 11.849 3.19
    endloop
  endfacet
  facet normal 0 0 -1
    outer loop
      vertex 40.13 11.9718 3.19
      vertex 40.13 21.8282 3.19
      vertex 40.6203 21.951 3.19
    endloop
  endfacet
  facet normal 0 0 -1
    outer loop
      vertex 39.6542 12.142 3.19
      vertex 40.13 21.8282 3.19
      vertex 40.13 11.9718 3.19
    endloop
  endfacet
  facet normal 0 0 -1
    outer loop
      vertex 39.6542 12.142 3.19
      vertex 39.6542 21.658 3.19
      vertex 40.13 21.8282 3.19
    endloop
  endfacet
  facet normal 0 0 -1
    outer loop
      vertex 39.1973 12.3581 3.19
      vertex 39.6542 21.658 3.19
      vertex 39.6542 12.142 3.19
    endloop
  endfacet
  facet normal 0 0 -1
    outer loop
      vertex 39.1973 12.3581 3.19
      vertex 39.1973 21.4419 3.19
      vertex 39.6542 21.658 3.19
    endloop
  endfacet
  facet normal 0 0 -1
    outer loop
      vertex 38.7638 12.6179 3.19
      vertex 39.1973 21.4419 3.19
      vertex 39.1973 12.3581 3.19
    endloop
  endfacet
  facet normal 0 0 -1
    outer loop
      vertex 38.7638 12.6179 3.19
      vertex 38.7638 21.1821 3.19
      vertex 39.1973 21.4419 3.19
    endloop
  endfacet
  facet normal 0 0 -1
    outer loop
      vertex 38.3579 12.919 3.19
      vertex 38.7638 21.1821 3.19
      vertex 38.7638 12.6179 3.19
    endloop
  endfacet
  facet normal 0 0 -1
    outer loop
      vertex 38.3579 12.919 3.19
      vertex 38.3579 20.881 3.19
      vertex 38.7638 21.1821 3.19
    endloop
  endfacet
  facet normal 0 0 -1
    outer loop
      vertex 37.9834 13.2584 3.19
      vertex 38.3579 20.881 3.19
      vertex 38.3579 12.919 3.19
    endloop
  endfacet
  facet normal 0 0 -1
    outer loop
      vertex 37.9834 13.2584 3.19
      vertex 37.9834 20.5416 3.19
      vertex 38.3579 20.881 3.19
    endloop
  endfacet
  facet normal 0 0 -1
    outer loop
      vertex 37.644 13.6329 3.19
      vertex 37.9834 20.5416 3.19
      vertex 37.9834 13.2584 3.19
    endloop
  endfacet
  facet normal 0 0 -1
    outer loop
      vertex 37.644 13.6329 3.19
      vertex 37.644 20.1671 3.19
      vertex 37.9834 20.5416 3.19
    endloop
  endfacet
  facet normal 0 0 -1
    outer loop
      vertex 37.3429 14.0388 3.19
      vertex 37.644 20.1671 3.19
      vertex 37.644 13.6329 3.19
    endloop
  endfacet
  facet normal 0 0 -1
    outer loop
      vertex 37.3429 14.0388 3.19
      vertex 37.3429 19.7612 3.19
      vertex 37.644 20.1671 3.19
    endloop
  endfacet
  facet normal 0 0 -1
    outer loop
      vertex 37.0831 14.4723 3.19
      vertex 37.3429 19.7612 3.19
      vertex 37.3429 14.0388 3.19
    endloop
  endfacet
  facet normal 0 0 -1
    outer loop
      vertex 37.0831 14.4723 3.19
      vertex 37.0831 19.3277 3.19
      vertex 37.3429 19.7612 3.19
    endloop
  endfacet
  facet normal 0 0 -1
    outer loop
      vertex 36.867 14.9292 3.19
      vertex 37.0831 19.3277 3.19
      vertex 37.0831 14.4723 3.19
    endloop
  endfacet
  facet normal 0 0 -1
    outer loop
      vertex 36.867 14.9292 3.19
      vertex 36.867 18.8708 3.19
      vertex 37.0831 19.3277 3.19
    endloop
  endfacet
  facet normal 0 0 -1
    outer loop
      vertex 36.6968 15.405 3.19
      vertex 36.867 18.8708 3.19
      vertex 36.867 14.9292 3.19
    endloop
  endfacet
  facet normal 0 0 -1
    outer loop
      vertex 36.6968 15.405 3.19
      vertex 36.6968 18.395 3.19
      vertex 36.867 18.8708 3.19
    endloop
  endfacet
  facet normal 0 0 -1
    outer loop
      vertex 36.574 15.8953 3.19
      vertex 36.6968 18.395 3.19
      vertex 36.6968 15.405 3.19
    endloop
  endfacet
  facet normal 0 0 -1
    outer loop
      vertex 36.574 15.8953 3.19
      vertex 36.574 17.9047 3.19
      vertex 36.6968 18.395 3.19
    endloop
  endfacet
  facet normal 0 0 -1
    outer loop
      vertex 36.4998 16.3952 3.19
      vertex 36.574 17.9047 3.19
      vertex 36.574 15.8953 3.19
    endloop
  endfacet
  facet normal 0 0 -1
    outer loop
      vertex 36.4998 16.3952 3.19
      vertex 36.4998 17.4048 3.19
      vertex 36.574 17.9047 3.19
    endloop
  endfacet
  facet normal 0 -0 -1
    outer loop
      vertex 36.4998 17.4048 3.19
      vertex 36.4998 16.3952 3.19
      vertex 36.475 16.9 3.19
    endloop
  endfacet
  facet normal 0.903987 0.427559 0
    outer loop
      vertex 37.0831 14.4723 3.19
      vertex 36.867 14.9292 0
      vertex 36.867 14.9292 3.19
    endloop
  endfacet
  facet normal 0.903987 0.427559 0
    outer loop
      vertex 36.867 14.9292 0
      vertex 37.0831 14.4723 3.19
      vertex 37.0831 14.4723 0
    endloop
  endfacet
  facet normal 0.336813 0.941572 -0
    outer loop
      vertex 40.13 11.9718 0
      vertex 39.6542 12.142 3.19
      vertex 40.13 11.9718 3.19
    endloop
  endfacet
  facet normal 0.336813 0.941572 0
    outer loop
      vertex 39.6542 12.142 3.19
      vertex 40.13 11.9718 0
      vertex 39.6542 12.142 0
    endloop
  endfacet
  facet normal 0.242955 0.970038 -0
    outer loop
      vertex 40.6203 11.849 0
      vertex 40.13 11.9718 3.19
      vertex 40.6203 11.849 3.19
    endloop
  endfacet
  facet normal 0.242955 0.970038 0
    outer loop
      vertex 40.13 11.9718 3.19
      vertex 40.6203 11.849 0
      vertex 40.13 11.9718 0
    endloop
  endfacet
  facet normal 0.903987 -0.427559 0
    outer loop
      vertex 36.867 18.8708 3.19
      vertex 37.0831 19.3277 0
      vertex 37.0831 19.3277 3.19
    endloop
  endfacet
  facet normal 0.903987 -0.427559 0
    outer loop
      vertex 37.0831 19.3277 0
      vertex 36.867 18.8708 3.19
      vertex 36.867 18.8708 0
    endloop
  endfacet
  facet normal -0.740978 0.67153 0
    outer loop
      vertex 45.2666 13.2584 0
      vertex 45.606 13.6329 3.19
      vertex 45.606 13.6329 0
    endloop
  endfacet
  facet normal -0.740978 0.67153 0
    outer loop
      vertex 45.606 13.6329 3.19
      vertex 45.2666 13.2584 0
      vertex 45.2666 13.2584 3.19
    endloop
  endfacet
  facet normal 0.857673 0.514196 0
    outer loop
      vertex 55.2638 32.7428 31
      vertex 55.1629 32.9111 0
      vertex 55.1629 32.9111 31
    endloop
  endfacet
  facet normal 0.857673 0.514196 0
    outer loop
      vertex 55.1629 32.9111 0
      vertex 55.2638 32.7428 31
      vertex 55.2638 32.7428 0
    endloop
  endfacet
  facet normal 0.514207 -0.857666 0
    outer loop
      vertex 54.4428 0.236157 0
      vertex 54.6111 0.33706 31
      vertex 54.4428 0.236157 31
    endloop
  endfacet
  facet normal 0.514207 -0.857666 0
    outer loop
      vertex 54.6111 0.33706 31
      vertex 54.4428 0.236157 0
      vertex 54.6111 0.33706 0
    endloop
  endfacet
  facet normal 1 -0 0
    outer loop
      vertex 55.5 20.1366 12.6438
      vertex 55.5 31.8 0
      vertex 55.5 31.8 31
    endloop
  endfacet
  facet normal 1 0 0
    outer loop
      vertex 55.5 31.8 0
      vertex 55.5 20.1841 12.3235
      vertex 55.5 20.2 12
    endloop
  endfacet
  facet normal 1 0 0
    outer loop
      vertex 55.5 31.8 0
      vertex 55.5 20.1366 12.6438
      vertex 55.5 20.1841 12.3235
    endloop
  endfacet
  facet normal 1 0 0
    outer loop
      vertex 55.5 31.8 31
      vertex 55.5 20.0579 12.9579
      vertex 55.5 20.1366 12.6438
    endloop
  endfacet
  facet normal 1 0 0
    outer loop
      vertex 55.5 31.8 31
      vertex 55.5 19.9488 13.2629
      vertex 55.5 20.0579 12.9579
    endloop
  endfacet
  facet normal 1 0 0
    outer loop
      vertex 55.5 31.8 31
      vertex 55.5 19.8103 13.5556
      vertex 55.5 19.9488 13.2629
    endloop
  endfacet
  facet normal 1 0 0
    outer loop
      vertex 55.5 31.8 31
      vertex 55.5 19.6438 13.8334
      vertex 55.5 19.8103 13.5556
    endloop
  endfacet
  facet normal 1 0 0
    outer loop
      vertex 55.5 31.8 31
      vertex 55.5 19.4509 14.0935
      vertex 55.5 19.6438 13.8334
    endloop
  endfacet
  facet normal 1 0 0
    outer loop
      vertex 55.5 31.8 31
      vertex 55.5 19.2335 14.3335
      vertex 55.5 19.4509 14.0935
    endloop
  endfacet
  facet normal 1 0 0
    outer loop
      vertex 55.5 31.8 31
      vertex 55.5 18.9935 14.5509
      vertex 55.5 19.2335 14.3335
    endloop
  endfacet
  facet normal 1 0 0
    outer loop
      vertex 55.5 31.8 31
      vertex 55.5 18.7334 14.7438
      vertex 55.5 18.9935 14.5509
    endloop
  endfacet
  facet normal 1 0 0
    outer loop
      vertex 55.5 31.8 31
      vertex 55.5 18.4556 14.9103
      vertex 55.5 18.7334 14.7438
    endloop
  endfacet
  facet normal 1 0 0
    outer loop
      vertex 55.5 31.8 31
      vertex 55.5 18.1629 15.0488
      vertex 55.5 18.4556 14.9103
    endloop
  endfacet
  facet normal 1 0 0
    outer loop
      vertex 55.5 31.8 31
      vertex 55.5 17.8579 15.1579
      vertex 55.5 18.1629 15.0488
    endloop
  endfacet
  facet normal 1 0 0
    outer loop
      vertex 55.5 31.8 31
      vertex 55.5 17.5438 15.2366
      vertex 55.5 17.8579 15.1579
    endloop
  endfacet
  facet normal 1 0 0
    outer loop
      vertex 55.5 31.8 31
      vertex 55.5 17.2235 15.2841
      vertex 55.5 17.5438 15.2366
    endloop
  endfacet
  facet normal 1 0 0
    outer loop
      vertex 55.5 31.8 31
      vertex 55.5 16.9 15.3
      vertex 55.5 17.2235 15.2841
    endloop
  endfacet
  facet normal 1 -0 0
    outer loop
      vertex 55.5 2 31
      vertex 55.5 16.9 15.3
      vertex 55.5 31.8 31
    endloop
  endfacet
  facet normal 1 0 0
    outer loop
      vertex 55.5 16.9 15.3
      vertex 55.5 2 31
      vertex 55.5 16.5765 15.2841
    endloop
  endfacet
  facet normal 1 0 0
    outer loop
      vertex 55.5 16.5765 15.2841
      vertex 55.5 2 31
      vertex 55.5 16.2562 15.2366
    endloop
  endfacet
  facet normal 1 0 0
    outer loop
      vertex 55.5 16.2562 15.2366
      vertex 55.5 2 31
      vertex 55.5 15.9421 15.1579
    endloop
  endfacet
  facet normal 1 0 0
    outer loop
      vertex 55.5 15.9421 15.1579
      vertex 55.5 2 31
      vertex 55.5 15.6371 15.0488
    endloop
  endfacet
  facet normal 1 0 0
    outer loop
      vertex 55.5 15.6371 15.0488
      vertex 55.5 2 31
      vertex 55.5 15.3444 14.9103
    endloop
  endfacet
  facet normal 1 0 0
    outer loop
      vertex 55.5 15.3444 14.9103
      vertex 55.5 2 31
      vertex 55.5 15.0666 14.7438
    endloop
  endfacet
  facet normal 1 0 0
    outer loop
      vertex 55.5 15.0666 14.7438
      vertex 55.5 2 31
      vertex 55.5 14.8065 14.5509
    endloop
  endfacet
  facet normal 1 0 0
    outer loop
      vertex 55.5 13.6634 12.6438
      vertex 55.5 2 0
      vertex 55.5 13.6159 12.3235
    endloop
  endfacet
  facet normal 1 0 0
    outer loop
      vertex 55.5 2 0
      vertex 55.5 13.6634 12.6438
      vertex 55.5 2 31
    endloop
  endfacet
  facet normal 1 0 0
    outer loop
      vertex 55.5 13.7421 12.9579
      vertex 55.5 2 31
      vertex 55.5 13.6634 12.6438
    endloop
  endfacet
  facet normal 1 0 0
    outer loop
      vertex 55.5 13.8512 13.2629
      vertex 55.5 2 31
      vertex 55.5 13.7421 12.9579
    endloop
  endfacet
  facet normal 1 0 0
    outer loop
      vertex 55.5 13.9897 13.5556
      vertex 55.5 2 31
      vertex 55.5 13.8512 13.2629
    endloop
  endfacet
  facet normal 1 0 0
    outer loop
      vertex 55.5 14.1561 13.8334
      vertex 55.5 2 31
      vertex 55.5 13.9897 13.5556
    endloop
  endfacet
  facet normal 1 0 0
    outer loop
      vertex 55.5 14.3491 14.0935
      vertex 55.5 2 31
      vertex 55.5 14.1561 13.8334
    endloop
  endfacet
  facet normal 1 0 0
    outer loop
      vertex 55.5 14.5665 14.3335
      vertex 55.5 2 31
      vertex 55.5 14.3491 14.0935
    endloop
  endfacet
  facet normal 1 0 0
    outer loop
      vertex 55.5 14.8065 14.5509
      vertex 55.5 2 31
      vertex 55.5 14.5665 14.3335
    endloop
  endfacet
  facet normal 1 -0 0
    outer loop
      vertex 55.5 20.1841 11.6765
      vertex 55.5 31.8 0
      vertex 55.5 20.2 12
    endloop
  endfacet
  facet normal 1 -0 0
    outer loop
      vertex 55.5 20.1366 11.3562
      vertex 55.5 31.8 0
      vertex 55.5 20.1841 11.6765
    endloop
  endfacet
  facet normal 1 -0 0
    outer loop
      vertex 55.5 20.0579 11.0421
      vertex 55.5 31.8 0
      vertex 55.5 20.1366 11.3562
    endloop
  endfacet
  facet normal 1 -0 0
    outer loop
      vertex 55.5 19.9488 10.7371
      vertex 55.5 31.8 0
      vertex 55.5 20.0579 11.0421
    endloop
  endfacet
  facet normal 1 -0 0
    outer loop
      vertex 55.5 19.8103 10.4444
      vertex 55.5 31.8 0
      vertex 55.5 19.9488 10.7371
    endloop
  endfacet
  facet normal 1 -0 0
    outer loop
      vertex 55.5 19.6438 10.1666
      vertex 55.5 31.8 0
      vertex 55.5 19.8103 10.4444
    endloop
  endfacet
  facet normal 1 -0 0
    outer loop
      vertex 55.5 19.4509 9.9065
      vertex 55.5 31.8 0
      vertex 55.5 19.6438 10.1666
    endloop
  endfacet
  facet normal 1 -0 0
    outer loop
      vertex 55.5 19.2335 9.66655
      vertex 55.5 31.8 0
      vertex 55.5 19.4509 9.9065
    endloop
  endfacet
  facet normal 1 -0 0
    outer loop
      vertex 55.5 18.9935 9.44907
      vertex 55.5 31.8 0
      vertex 55.5 19.2335 9.66655
    endloop
  endfacet
  facet normal 1 -0 0
    outer loop
      vertex 55.5 18.7334 9.25615
      vertex 55.5 31.8 0
      vertex 55.5 18.9935 9.44907
    endloop
  endfacet
  facet normal 1 -0 0
    outer loop
      vertex 55.5 18.4556 9.08966
      vertex 55.5 31.8 0
      vertex 55.5 18.7334 9.25615
    endloop
  endfacet
  facet normal 1 -0 0
    outer loop
      vertex 55.5 18.1629 8.9512
      vertex 55.5 31.8 0
      vertex 55.5 18.4556 9.08966
    endloop
  endfacet
  facet normal 1 -0 0
    outer loop
      vertex 55.5 17.8579 8.8421
      vertex 55.5 31.8 0
      vertex 55.5 18.1629 8.9512
    endloop
  endfacet
  facet normal 1 -0 0
    outer loop
      vertex 55.5 17.5438 8.76341
      vertex 55.5 31.8 0
      vertex 55.5 17.8579 8.8421
    endloop
  endfacet
  facet normal 1 -0 0
    outer loop
      vertex 55.5 17.2235 8.71589
      vertex 55.5 31.8 0
      vertex 55.5 17.5438 8.76341
    endloop
  endfacet
  facet normal 1 -0 0
    outer loop
      vertex 55.5 16.9 8.7
      vertex 55.5 31.8 0
      vertex 55.5 17.2235 8.71589
    endloop
  endfacet
  facet normal 1 0 0
    outer loop
      vertex 55.5 2 0
      vertex 55.5 16.9 8.7
      vertex 55.5 16.5765 8.71589
    endloop
  endfacet
  facet normal 1 0 0
    outer loop
      vertex 55.5 2 0
      vertex 55.5 16.5765 8.71589
      vertex 55.5 16.2562 8.76341
    endloop
  endfacet
  facet normal 1 0 0
    outer loop
      vertex 55.5 2 0
      vertex 55.5 16.2562 8.76341
      vertex 55.5 15.9421 8.8421
    endloop
  endfacet
  facet normal 1 0 0
    outer loop
      vertex 55.5 2 0
      vertex 55.5 15.9421 8.8421
      vertex 55.5 15.6371 8.9512
    endloop
  endfacet
  facet normal 1 0 0
    outer loop
      vertex 55.5 2 0
      vertex 55.5 15.6371 8.9512
      vertex 55.5 15.3444 9.08966
    endloop
  endfacet
  facet normal 1 0 0
    outer loop
      vertex 55.5 13.6159 12.3235
      vertex 55.5 2 0
      vertex 55.5 13.6 12
    endloop
  endfacet
  facet normal 1 0 0
    outer loop
      vertex 55.5 13.6 12
      vertex 55.5 2 0
      vertex 55.5 13.6159 11.6765
    endloop
  endfacet
  facet normal 1 0 0
    outer loop
      vertex 55.5 13.6159 11.6765
      vertex 55.5 2 0
      vertex 55.5 13.6634 11.3562
    endloop
  endfacet
  facet normal 1 0 0
    outer loop
      vertex 55.5 13.6634 11.3562
      vertex 55.5 2 0
      vertex 55.5 13.7421 11.0421
    endloop
  endfacet
  facet normal 1 0 0
    outer loop
      vertex 55.5 13.7421 11.0421
      vertex 55.5 2 0
      vertex 55.5 13.8512 10.7371
    endloop
  endfacet
  facet normal 1 0 0
    outer loop
      vertex 55.5 16.9 8.7
      vertex 55.5 2 0
      vertex 55.5 31.8 0
    endloop
  endfacet
  facet normal 1 0 0
    outer loop
      vertex 55.5 15.0666 9.25615
      vertex 55.5 2 0
      vertex 55.5 15.3444 9.08966
    endloop
  endfacet
  facet normal 1 0 0
    outer loop
      vertex 55.5 14.8065 9.44907
      vertex 55.5 2 0
      vertex 55.5 15.0666 9.25615
    endloop
  endfacet
  facet normal 1 0 0
    outer loop
      vertex 55.5 14.5665 9.66655
      vertex 55.5 2 0
      vertex 55.5 14.8065 9.44907
    endloop
  endfacet
  facet normal 1 0 0
    outer loop
      vertex 55.5 14.3491 9.9065
      vertex 55.5 2 0
      vertex 55.5 14.5665 9.66655
    endloop
  endfacet
  facet normal 1 0 0
    outer loop
      vertex 55.5 14.1561 10.1666
      vertex 55.5 2 0
      vertex 55.5 14.3491 9.9065
    endloop
  endfacet
  facet normal 1 0 0
    outer loop
      vertex 55.5 13.9897 10.4444
      vertex 55.5 2 0
      vertex 55.5 14.1561 10.1666
    endloop
  endfacet
  facet normal 1 0 0
    outer loop
      vertex 55.5 13.8512 10.7371
      vertex 55.5 2 0
      vertex 55.5 13.9897 10.4444
    endloop
  endfacet
  facet normal -0.989182 0.146692 0
    outer loop
      vertex 0.0096302 31.996 0
      vertex 0.0384293 32.1902 31
      vertex 0.0384293 32.1902 0
    endloop
  endfacet
  facet normal -0.989182 0.146692 0
    outer loop
      vertex 0.0384293 32.1902 31
      vertex 0.0096302 31.996 0
      vertex 0.0096302 31.996 31
    endloop
  endfacet
  facet normal -1 0 0
    outer loop
      vertex 0 31.8 0
      vertex 0 22.9 20.7
      vertex 0 31.8 31
    endloop
  endfacet
  facet normal -1 0 0
    outer loop
      vertex 0 31.8 0
      vertex 0 10.9 20.7
      vertex 0 22.9 20.7
    endloop
  endfacet
  facet normal -1 0 0
    outer loop
      vertex 0 2 31
      vertex 0 10.9 20.7
      vertex 0 2 0
    endloop
  endfacet
  facet normal -1 0 0
    outer loop
      vertex 0 2 0
      vertex 0 10.9 20.7
      vertex 0 31.8 0
    endloop
  endfacet
  facet normal -1 0 0
    outer loop
      vertex 0 22.9 27.7
      vertex 0 31.8 31
      vertex 0 22.9 20.7
    endloop
  endfacet
  facet normal -1 0 0
    outer loop
      vertex 0 10.9 27.7
      vertex 0 31.8 31
      vertex 0 22.9 27.7
    endloop
  endfacet
  facet normal -1 0 0
    outer loop
      vertex 0 10.9 27.7
      vertex 0 2 31
      vertex 0 31.8 31
    endloop
  endfacet
  facet normal -1 0 0
    outer loop
      vertex 0 10.9 20.7
      vertex 0 2 31
      vertex 0 10.9 27.7
    endloop
  endfacet
  facet normal -0.671538 0.74097 0
    outer loop
      vertex 0.731213 33.346 0
      vertex 0.585786 33.2142 31
      vertex 0.731213 33.346 31
    endloop
  endfacet
  facet normal -0.671538 0.74097 0
    outer loop
      vertex 0.585786 33.2142 31
      vertex 0.731213 33.346 0
      vertex 0.585786 33.2142 0
    endloop
  endfacet
  facet normal -0.595702 -0.803206 0
    outer loop
      vertex 0.731213 0.453979 0
      vertex 0.888859 0.33706 31
      vertex 0.731213 0.453979 31
    endloop
  endfacet
  facet normal -0.595702 -0.803206 -0
    outer loop
      vertex 0.888859 0.33706 31
      vertex 0.731213 0.453979 0
      vertex 0.888859 0.33706 0
    endloop
  endfacet
  facet normal -0.514093 -0.857735 0
    outer loop
      vertex 0.888859 0.33706 0
      vertex 1.05721 0.236157 31
      vertex 0.888859 0.33706 31
    endloop
  endfacet
  facet normal -0.514093 -0.857735 -0
    outer loop
      vertex 1.05721 0.236157 31
      vertex 0.888859 0.33706 0
      vertex 1.05721 0.236157 0
    endloop
  endfacet
  facet normal -0.998795 0.0490745 0
    outer loop
      vertex 0 31.8 0
      vertex 0.0096302 31.996 31
      vertex 0.0096302 31.996 0
    endloop
  endfacet
  facet normal -0.998795 0.0490745 0
    outer loop
      vertex 0.0096302 31.996 31
      vertex 0 31.8 0
      vertex 0 31.8 31
    endloop
  endfacet
  facet normal 0.336889 -0.941544 0
    outer loop
      vertex 54.0806 0.0861187 0
      vertex 54.2654 0.152241 31
      vertex 54.0806 0.0861187 31
    endloop
  endfacet
  facet normal 0.336889 -0.941544 0
    outer loop
      vertex 54.2654 0.152241 31
      vertex 54.0806 0.0861187 0
      vertex 54.2654 0.152241 0
    endloop
  endfacet
  facet normal 0.903819 -0.427916 0
    outer loop
      vertex 55.2638 1.05721 31
      vertex 55.3478 1.23463 0
      vertex 55.3478 1.23463 31
    endloop
  endfacet
  facet normal 0.903819 -0.427916 0
    outer loop
      vertex 55.3478 1.23463 0
      vertex 55.2638 1.05721 31
      vertex 55.2638 1.05721 0
    endloop
  endfacet
  facet normal 0.671607 0.740908 -0
    outer loop
      vertex 54.9142 33.2142 0
      vertex 54.7688 33.346 31
      vertex 54.9142 33.2142 31
    endloop
  endfacet
  facet normal 0.671607 0.740908 0
    outer loop
      vertex 54.7688 33.346 31
      vertex 54.9142 33.2142 0
      vertex 54.7688 33.346 0
    endloop
  endfacet
  facet normal 0 1 -0
    outer loop
      vertex 18 33.8 10
      vertex 14.4 33.8 22
      vertex 18 33.8 22
    endloop
  endfacet
  facet normal 0 1 0
    outer loop
      vertex 14.4 33.8 22
      vertex 18 33.8 10
      vertex 14.4 33.8 10
    endloop
  endfacet
  facet normal 0 1 -0
    outer loop
      vertex 24 33.8 10
      vertex 20.4 33.8 22
      vertex 24 33.8 22
    endloop
  endfacet
  facet normal 0 1 0
    outer loop
      vertex 20.4 33.8 22
      vertex 24 33.8 10
      vertex 20.4 33.8 10
    endloop
  endfacet
  facet normal 0 1 -0
    outer loop
      vertex 30 33.8 10
      vertex 26.4 33.8 22
      vertex 30 33.8 22
    endloop
  endfacet
  facet normal 0 1 0
    outer loop
      vertex 26.4 33.8 22
      vertex 30 33.8 10
      vertex 26.4 33.8 10
    endloop
  endfacet
  facet normal 0 1 -0
    outer loop
      vertex 36 33.8 10
      vertex 32.4 33.8 22
      vertex 36 33.8 22
    endloop
  endfacet
  facet normal 0 1 0
    outer loop
      vertex 32.4 33.8 22
      vertex 36 33.8 10
      vertex 32.4 33.8 10
    endloop
  endfacet
  facet normal 0 1 -0
    outer loop
      vertex 42 33.8 10
      vertex 38.4 33.8 22
      vertex 42 33.8 22
    endloop
  endfacet
  facet normal 0 1 0
    outer loop
      vertex 38.4 33.8 22
      vertex 42 33.8 10
      vertex 38.4 33.8 10
    endloop
  endfacet
  facet normal 0 1 0
    outer loop
      vertex 42 33.8 22
      vertex 53.5 33.8 31
      vertex 44.4 33.8 22
    endloop
  endfacet
  facet normal 0 1 0
    outer loop
      vertex 53.5 33.8 31
      vertex 44.4 33.8 10
      vertex 44.4 33.8 22
    endloop
  endfacet
  facet normal 0 1 0
    outer loop
      vertex 53.5 33.8 0
      vertex 42 33.8 10
      vertex 44.4 33.8 10
    endloop
  endfacet
  facet normal 0 1 0
    outer loop
      vertex 42 33.8 10
      vertex 53.5 33.8 0
      vertex 38.4 33.8 10
    endloop
  endfacet
  facet normal 0 1 0
    outer loop
      vertex 38.4 33.8 10
      vertex 53.5 33.8 0
      vertex 36 33.8 10
    endloop
  endfacet
  facet normal 0 1 0
    outer loop
      vertex 36 33.8 10
      vertex 53.5 33.8 0
      vertex 32.4 33.8 10
    endloop
  endfacet
  facet normal 0 1 0
    outer loop
      vertex 32.4 33.8 10
      vertex 53.5 33.8 0
      vertex 30 33.8 10
    endloop
  endfacet
  facet normal 0 1 0
    outer loop
      vertex 30 33.8 10
      vertex 53.5 33.8 0
      vertex 26.4 33.8 10
    endloop
  endfacet
  facet normal 0 1 0
    outer loop
      vertex 2 33.8 0
      vertex 26.4 33.8 10
      vertex 53.5 33.8 0
    endloop
  endfacet
  facet normal 0 1 0
    outer loop
      vertex 26.4 33.8 10
      vertex 2 33.8 0
      vertex 24 33.8 10
    endloop
  endfacet
  facet normal 0 1 0
    outer loop
      vertex 24 33.8 10
      vertex 2 33.8 0
      vertex 20.4 33.8 10
    endloop
  endfacet
  facet normal 0 1 0
    outer loop
      vertex 20.4 33.8 10
      vertex 2 33.8 0
      vertex 18 33.8 10
    endloop
  endfacet
  facet normal 0 1 0
    outer loop
      vertex 18 33.8 10
      vertex 2 33.8 0
      vertex 14.4 33.8 10
    endloop
  endfacet
  facet normal 0 1 -0
    outer loop
      vertex 53.5 33.8 0
      vertex 44.4 33.8 10
      vertex 53.5 33.8 31
    endloop
  endfacet
  facet normal 0 1 0
    outer loop
      vertex 38.4 33.8 22
      vertex 53.5 33.8 31
      vertex 42 33.8 22
    endloop
  endfacet
  facet normal 0 1 0
    outer loop
      vertex 36 33.8 22
      vertex 53.5 33.8 31
      vertex 38.4 33.8 22
    endloop
  endfacet
  facet normal 0 1 0
    outer loop
      vertex 32.4 33.8 22
      vertex 53.5 33.8 31
      vertex 36 33.8 22
    endloop
  endfacet
  facet normal 0 1 0
    outer loop
      vertex 30 33.8 22
      vertex 53.5 33.8 31
      vertex 32.4 33.8 22
    endloop
  endfacet
  facet normal 0 1 0
    outer loop
      vertex 26.4 33.8 22
      vertex 53.5 33.8 31
      vertex 30 33.8 22
    endloop
  endfacet
  facet normal 0 1 0
    outer loop
      vertex 53.5 33.8 31
      vertex 26.4 33.8 22
      vertex 2 33.8 31
    endloop
  endfacet
  facet normal 0 1 -0
    outer loop
      vertex 24 33.8 22
      vertex 2 33.8 31
      vertex 26.4 33.8 22
    endloop
  endfacet
  facet normal 0 1 -0
    outer loop
      vertex 20.4 33.8 22
      vertex 2 33.8 31
      vertex 24 33.8 22
    endloop
  endfacet
  facet normal 0 1 -0
    outer loop
      vertex 18 33.8 22
      vertex 2 33.8 31
      vertex 20.4 33.8 22
    endloop
  endfacet
  facet normal 0 1 -0
    outer loop
      vertex 14.4 33.8 22
      vertex 2 33.8 31
      vertex 18 33.8 22
    endloop
  endfacet
  facet normal 0 1 -0
    outer loop
      vertex 12 33.8 22
      vertex 2 33.8 31
      vertex 14.4 33.8 22
    endloop
  endfacet
  facet normal 0 1 -0
    outer loop
      vertex 12 33.8 10
      vertex 2 33.8 31
      vertex 12 33.8 22
    endloop
  endfacet
  facet normal 0 1 0
    outer loop
      vertex 12 33.8 10
      vertex 2 33.8 0
      vertex 2 33.8 31
    endloop
  endfacet
  facet normal 0 1 0
    outer loop
      vertex 14.4 33.8 10
      vertex 2 33.8 0
      vertex 12 33.8 10
    endloop
  endfacet
  facet normal -0.857735 -0.514093 0
    outer loop
      vertex 0.33706 0.888859 0
      vertex 0.236157 1.05721 31
      vertex 0.236157 1.05721 0
    endloop
  endfacet
  facet normal -0.857735 -0.514093 0
    outer loop
      vertex 0.236157 1.05721 31
      vertex 0.33706 0.888859 0
      vertex 0.33706 0.888859 31
    endloop
  endfacet
  facet normal -0.803206 -0.595702 0
    outer loop
      vertex 0.453979 0.731213 0
      vertex 0.33706 0.888859 31
      vertex 0.33706 0.888859 0
    endloop
  endfacet
  facet normal -0.803206 -0.595702 0
    outer loop
      vertex 0.33706 0.888859 31
      vertex 0.453979 0.731213 0
      vertex 0.453979 0.731213 31
    endloop
  endfacet
  facet normal 0.857741 -0.514081 0
    outer loop
      vertex 55.1629 0.888859 31
      vertex 55.2638 1.05721 0
      vertex 55.2638 1.05721 31
    endloop
  endfacet
  facet normal 0.857741 -0.514081 0
    outer loop
      vertex 55.2638 1.05721 0
      vertex 55.1629 0.888859 31
      vertex 55.1629 0.888859 0
    endloop
  endfacet
  facet normal 0.803252 -0.595639 0
    outer loop
      vertex 55.046 0.731213 31
      vertex 55.1629 0.888859 0
      vertex 55.1629 0.888859 31
    endloop
  endfacet
  facet normal 0.803252 -0.595639 0
    outer loop
      vertex 55.1629 0.888859 0
      vertex 55.046 0.731213 31
      vertex 55.046 0.731213 0
    endloop
  endfacet
  facet normal -0.243027 0.970019 0
    outer loop
      vertex 1.60982 33.7616 0
      vertex 1.41943 33.7139 31
      vertex 1.60982 33.7616 31
    endloop
  endfacet
  facet normal -0.243027 0.970019 0
    outer loop
      vertex 1.41943 33.7139 31
      vertex 1.60982 33.7616 0
      vertex 1.41943 33.7139 0
    endloop
  endfacet
  facet normal -0.941544 0.336889 0
    outer loop
      vertex 0.0861187 32.3806 0
      vertex 0.152241 32.5654 31
      vertex 0.152241 32.5654 0
    endloop
  endfacet
  facet normal -0.941544 0.336889 0
    outer loop
      vertex 0.152241 32.5654 31
      vertex 0.0861187 32.3806 0
      vertex 0.0861187 32.3806 31
    endloop
  endfacet
  facet normal -0.74089 0.671626 0
    outer loop
      vertex 0.453979 33.0688 0
      vertex 0.585786 33.2142 31
      vertex 0.585786 33.2142 0
    endloop
  endfacet
  facet normal -0.74089 0.671626 0
    outer loop
      vertex 0.585786 33.2142 31
      vertex 0.453979 33.0688 0
      vertex 0.453979 33.0688 31
    endloop
  endfacet
  facet normal 0 -1 0
    outer loop
      vertex 22 0 11
      vertex 2 0 31
      vertex 10 0 11
    endloop
  endfacet
  facet normal 0 -1 0
    outer loop
      vertex 2 0 0
      vertex 10 0 11
      vertex 2 0 31
    endloop
  endfacet
  facet normal 0 -1 -0
    outer loop
      vertex 10 0 5
      vertex 2 0 0
      vertex 22 0 5
    endloop
  endfacet
  facet normal 0 -1 -0
    outer loop
      vertex 10 0 11
      vertex 2 0 0
      vertex 10 0 5
    endloop
  endfacet
  facet normal 0 -1 0
    outer loop
      vertex 2 0 31
      vertex 22 0 11
      vertex 53.5 0 31
    endloop
  endfacet
  facet normal 0 -1 0
    outer loop
      vertex 53.5 0 0
      vertex 22 0 11
      vertex 22 0 5
    endloop
  endfacet
  facet normal 0 -1 0
    outer loop
      vertex 22 0 11
      vertex 53.5 0 0
      vertex 53.5 0 31
    endloop
  endfacet
  facet normal 0 -1 0
    outer loop
      vertex 53.5 0 0
      vertex 22 0 5
      vertex 2 0 0
    endloop
  endfacet
  facet normal 0.998803 -0.0489135 0
    outer loop
      vertex 55.4904 1.80397 31
      vertex 55.5 2 0
      vertex 55.5 2 31
    endloop
  endfacet
  facet normal 0.998803 -0.0489135 0
    outer loop
      vertex 55.5 2 0
      vertex 55.4904 1.80397 31
      vertex 55.4904 1.80397 0
    endloop
  endfacet
  facet normal -0.427916 0.903819 0
    outer loop
      vertex 1.23463 33.6478 0
      vertex 1.05721 33.5638 31
      vertex 1.23463 33.6478 31
    endloop
  endfacet
  facet normal -0.427916 0.903819 0
    outer loop
      vertex 1.05721 33.5638 31
      vertex 1.23463 33.6478 0
      vertex 1.05721 33.5638 0
    endloop
  endfacet
  facet normal -0.146733 0.989176 0
    outer loop
      vertex 1.80397 33.7904 0
      vertex 1.60982 33.7616 31
      vertex 1.80397 33.7904 31
    endloop
  endfacet
  facet normal -0.146733 0.989176 0
    outer loop
      vertex 1.60982 33.7616 31
      vertex 1.80397 33.7904 0
      vertex 1.60982 33.7616 0
    endloop
  endfacet
  facet normal 0.970019 -0.243027 0
    outer loop
      vertex 55.4139 1.41943 31
      vertex 55.4616 1.60982 0
      vertex 55.4616 1.60982 31
    endloop
  endfacet
  facet normal 0.970019 -0.243027 0
    outer loop
      vertex 55.4616 1.60982 0
      vertex 55.4139 1.41943 31
      vertex 55.4139 1.41943 0
    endloop
  endfacet
  facet normal -0.903966 0.427605 0
    outer loop
      vertex 0.152241 32.5654 0
      vertex 0.236157 32.7428 31
      vertex 0.236157 32.7428 0
    endloop
  endfacet
  facet normal -0.903966 0.427605 0
    outer loop
      vertex 0.236157 32.7428 31
      vertex 0.152241 32.5654 0
      vertex 0.152241 32.5654 31
    endloop
  endfacet
  facet normal 0.998803 0.0489209 0
    outer loop
      vertex 55.5 31.8 31
      vertex 55.4904 31.996 0
      vertex 55.4904 31.996 31
    endloop
  endfacet
  facet normal 0.998803 0.0489209 0
    outer loop
      vertex 55.4904 31.996 0
      vertex 55.5 31.8 31
      vertex 55.5 31.8 0
    endloop
  endfacet
  facet normal -0.671558 -0.740952 0
    outer loop
      vertex 0.585786 0.585786 0
      vertex 0.731213 0.453979 31
      vertex 0.585786 0.585786 31
    endloop
  endfacet
  facet normal -0.671558 -0.740952 -0
    outer loop
      vertex 0.731213 0.453979 31
      vertex 0.585786 0.585786 0
      vertex 0.731213 0.453979 0
    endloop
  endfacet
  facet normal 0.336788 0.94158 -0
    outer loop
      vertex 54.2654 33.6478 0
      vertex 54.0806 33.7139 31
      vertex 54.2654 33.6478 31
    endloop
  endfacet
  facet normal 0.336788 0.94158 0
    outer loop
      vertex 54.0806 33.7139 31
      vertex 54.2654 33.6478 0
      vertex 54.0806 33.7139 0
    endloop
  endfacet
  facet normal -0.595639 0.803252 0
    outer loop
      vertex 0.888859 33.4629 0
      vertex 0.731213 33.346 31
      vertex 0.888859 33.4629 31
    endloop
  endfacet
  facet normal -0.595639 0.803252 0
    outer loop
      vertex 0.731213 33.346 31
      vertex 0.888859 33.4629 0
      vertex 0.731213 33.346 0
    endloop
  endfacet
  facet normal 0 0 -1
    outer loop
      vertex 22.3953 18.8544 0
      vertex 20.7536 16.5572 0
      vertex 20.7542 16.6329 0
    endloop
  endfacet
  facet normal 0 0 -1
    outer loop
      vertex 22.3953 18.8544 0
      vertex 20.7518 16.4798 0
      vertex 20.7536 16.5572 0
    endloop
  endfacet
  facet normal 0 0 -1
    outer loop
      vertex 22.3953 18.8544 0
      vertex 20.7488 16.4005 0
      vertex 20.7518 16.4798 0
    endloop
  endfacet
  facet normal 0 0 -1
    outer loop
      vertex 22.3953 18.8544 0
      vertex 20.7445 16.3194 0
      vertex 20.7488 16.4005 0
    endloop
  endfacet
  facet normal 0 0 -1
    outer loop
      vertex 22.3953 18.8544 0
      vertex 20.7391 16.2366 0
      vertex 20.7445 16.3194 0
    endloop
  endfacet
  facet normal 0 0 -1
    outer loop
      vertex 22.3953 18.8544 0
      vertex 20.7325 16.1519 0
      vertex 20.7391 16.2366 0
    endloop
  endfacet
  facet normal 0 0 -1
    outer loop
      vertex 22.3953 18.8544 0
      vertex 20.7247 16.0654 0
      vertex 20.7325 16.1519 0
    endloop
  endfacet
  facet normal 0 0 -1
    outer loop
      vertex 22.3953 18.8544 0
      vertex 20.7156 15.9771 0
      vertex 20.7247 16.0654 0
    endloop
  endfacet
  facet normal 0 -0 -1
    outer loop
      vertex 20.7156 15.9771 0
      vertex 22.3953 18.8544 0
      vertex 20.7054 15.887 0
    endloop
  endfacet
  facet normal -0 0 -1
    outer loop
      vertex 22.6373 17.8824 0
      vertex 20.9821 15.0325 0
      vertex 22.6475 17.9756 0
    endloop
  endfacet
  facet normal -0 0 -1
    outer loop
      vertex 22.6282 17.7934 0
      vertex 20.9821 15.0325 0
      vertex 22.6373 17.8824 0
    endloop
  endfacet
  facet normal -0 0 -1
    outer loop
      vertex 22.6204 17.7085 0
      vertex 20.9821 15.0325 0
      vertex 22.6282 17.7934 0
    endloop
  endfacet
  facet normal -0 0 -1
    outer loop
      vertex 22.6138 17.6278 0
      vertex 20.9821 15.0325 0
      vertex 22.6204 17.7085 0
    endloop
  endfacet
  facet normal -0 0 -1
    outer loop
      vertex 22.6083 17.5513 0
      vertex 20.9821 15.0325 0
      vertex 22.6138 17.6278 0
    endloop
  endfacet
  facet normal -0 0 -1
    outer loop
      vertex 22.6041 17.4789 0
      vertex 20.9821 15.0325 0
      vertex 22.6083 17.5513 0
    endloop
  endfacet
  facet normal -0 0 -1
    outer loop
      vertex 22.6011 17.4106 0
      vertex 20.9821 15.0325 0
      vertex 22.6041 17.4789 0
    endloop
  endfacet
  facet normal -0 0 -1
    outer loop
      vertex 22.5993 17.3465 0
      vertex 20.9821 15.0325 0
      vertex 22.6011 17.4106 0
    endloop
  endfacet
  facet normal 0 0 -1
    outer loop
      vertex 20.9821 15.0325 0
      vertex 22.5993 17.3465 0
      vertex 22.5987 17.2866 0
    endloop
  endfacet
  facet normal 0 0 -1
    outer loop
      vertex 24.7293 16.455 0
      vertex 26.4651 16.5271 0
      vertex 26.4625 16.4291 0
    endloop
  endfacet
  facet normal 0 0 -1
    outer loop
      vertex 29.8578 15.6591 0
      vertex 27.2654 16.4647 0
      vertex 27.7909 18.2983 0
    endloop
  endfacet
  facet normal 0 0 -1
    outer loop
      vertex 27.2654 16.4647 0
      vertex 29.8578 15.6591 0
      vertex 27.6797 15.6591 0
    endloop
  endfacet
  facet normal 0 0 -1
    outer loop
      vertex 30.7475 15.5994 0
      vertex 28.6806 18.2278 0
      vertex 30.5414 18.2278 0
    endloop
  endfacet
  facet normal 0 0 -1
    outer loop
      vertex 34.8672 15.6509 0
      vertex 32.8274 16.6573 0
      vertex 34.8672 16.6573 0
    endloop
  endfacet
  facet normal 0 0 -1
    outer loop
      vertex 32.0487 18.8544 0
      vertex 32.8274 17.2757 0
      vertex 32.8274 16.6573 0
    endloop
  endfacet
  facet normal 0 0 -1
    outer loop
      vertex 32.8274 17.2757 0
      vertex 32.0487 18.8544 0
      vertex 32.6619 18.236 0
    endloop
  endfacet
  facet normal 0 0 -1
    outer loop
      vertex 32.0487 18.8544 0
      vertex 32.8274 16.6573 0
      vertex 32.5507 15.6509 0
    endloop
  endfacet
  facet normal 0 0 -1
    outer loop
      vertex 32.5507 15.6509 0
      vertex 32.8274 16.6573 0
      vertex 34.8672 15.6509 0
    endloop
  endfacet
  facet normal 0 0 -1
    outer loop
      vertex 32.8274 17.2757 0
      vertex 34.8672 18.236 0
      vertex 34.8672 17.2757 0
    endloop
  endfacet
  facet normal -0 0 -1
    outer loop
      vertex 34.8672 18.236 0
      vertex 32.8274 17.2757 0
      vertex 32.6619 18.236 0
    endloop
  endfacet
  facet normal 0 0 -1
    outer loop
      vertex 53.5 0 0
      vertex 55.5 2 0
      vertex 55.4904 1.80397 0
    endloop
  endfacet
  facet normal 0 0 -1
    outer loop
      vertex 55.5 2 0
      vertex 46.775 16.9 0
      vertex 55.5 31.8 0
    endloop
  endfacet
  facet normal 0 0 -1
    outer loop
      vertex 53.5 0 0
      vertex 55.4904 1.80397 0
      vertex 55.4616 1.60982 0
    endloop
  endfacet
  facet normal 0 0 -1
    outer loop
      vertex 46.7502 17.4048 0
      vertex 55.5 31.8 0
      vertex 46.775 16.9 0
    endloop
  endfacet
  facet normal 0 0 -1
    outer loop
      vertex 53.5 0 0
      vertex 55.4616 1.60982 0
      vertex 55.4139 1.41943 0
    endloop
  endfacet
  facet normal 0 0 -1
    outer loop
      vertex 46.676 17.9047 0
      vertex 55.5 31.8 0
      vertex 46.7502 17.4048 0
    endloop
  endfacet
  facet normal 0 0 -1
    outer loop
      vertex 53.5 0 0
      vertex 55.4139 1.41943 0
      vertex 55.3478 1.23463 0
    endloop
  endfacet
  facet normal 0 0 -1
    outer loop
      vertex 46.5532 18.395 0
      vertex 55.5 31.8 0
      vertex 46.676 17.9047 0
    endloop
  endfacet
  facet normal 0 0 -1
    outer loop
      vertex 53.5 0 0
      vertex 55.3478 1.23463 0
      vertex 55.2638 1.05721 0
    endloop
  endfacet
  facet normal 0 0 -1
    outer loop
      vertex 46.383 18.8708 0
      vertex 55.5 31.8 0
      vertex 46.5532 18.395 0
    endloop
  endfacet
  facet normal 0 0 -1
    outer loop
      vertex 53.5 0 0
      vertex 55.2638 1.05721 0
      vertex 55.1629 0.888859 0
    endloop
  endfacet
  facet normal 0 0 -1
    outer loop
      vertex 46.1669 19.3277 0
      vertex 55.5 31.8 0
      vertex 46.383 18.8708 0
    endloop
  endfacet
  facet normal 0 0 -1
    outer loop
      vertex 53.5 0 0
      vertex 55.1629 0.888859 0
      vertex 55.046 0.731213 0
    endloop
  endfacet
  facet normal 0 0 -1
    outer loop
      vertex 45.9071 19.7612 0
      vertex 55.5 31.8 0
      vertex 46.1669 19.3277 0
    endloop
  endfacet
  facet normal 0 0 -1
    outer loop
      vertex 53.5 0 0
      vertex 55.046 0.731213 0
      vertex 54.9142 0.585786 0
    endloop
  endfacet
  facet normal 0 0 -1
    outer loop
      vertex 45.606 20.1671 0
      vertex 55.5 31.8 0
      vertex 45.9071 19.7612 0
    endloop
  endfacet
  facet normal 0 0 -1
    outer loop
      vertex 53.5 0 0
      vertex 54.9142 0.585786 0
      vertex 54.7688 0.453979 0
    endloop
  endfacet
  facet normal 0 0 -1
    outer loop
      vertex 45.2666 20.5416 0
      vertex 55.5 31.8 0
      vertex 45.606 20.1671 0
    endloop
  endfacet
  facet normal 0 0 -1
    outer loop
      vertex 53.5 0 0
      vertex 54.7688 0.453979 0
      vertex 54.6111 0.33706 0
    endloop
  endfacet
  facet normal 0 0 -1
    outer loop
      vertex 44.8921 20.881 0
      vertex 55.5 31.8 0
      vertex 45.2666 20.5416 0
    endloop
  endfacet
  facet normal 0 0 -1
    outer loop
      vertex 53.5 0 0
      vertex 54.6111 0.33706 0
      vertex 54.4428 0.236157 0
    endloop
  endfacet
  facet normal 0 0 -1
    outer loop
      vertex 44.4862 21.1821 0
      vertex 55.5 31.8 0
      vertex 44.8921 20.881 0
    endloop
  endfacet
  facet normal 0 0 -1
    outer loop
      vertex 53.5 0 0
      vertex 54.4428 0.236157 0
      vertex 54.2654 0.152241 0
    endloop
  endfacet
  facet normal 0 0 -1
    outer loop
      vertex 55.5 31.8 0
      vertex 53.5 33.8 0
      vertex 55.4904 31.996 0
    endloop
  endfacet
  facet normal 0 0 -1
    outer loop
      vertex 53.5 0 0
      vertex 54.2654 0.152241 0
      vertex 54.0806 0.0861187 0
    endloop
  endfacet
  facet normal 0 0 -1
    outer loop
      vertex 55.4904 31.996 0
      vertex 53.5 33.8 0
      vertex 55.4616 32.1902 0
    endloop
  endfacet
  facet normal 0 0 -1
    outer loop
      vertex 53.5 0 0
      vertex 54.0806 0.0861187 0
      vertex 53.8902 0.0384293 0
    endloop
  endfacet
  facet normal 0 0 -1
    outer loop
      vertex 55.4616 32.1902 0
      vertex 53.5 33.8 0
      vertex 55.4139 32.3806 0
    endloop
  endfacet
  facet normal 0 0 -1
    outer loop
      vertex 53.5 0 0
      vertex 53.8902 0.0384293 0
      vertex 53.696 0.0096302 0
    endloop
  endfacet
  facet normal 0 0 -1
    outer loop
      vertex 55.3478 32.5654 0
      vertex 53.5 33.8 0
      vertex 55.2638 32.7428 0
    endloop
  endfacet
  facet normal 0 0 -1
    outer loop
      vertex 44.4862 12.6179 0
      vertex 55.5 2 0
      vertex 53.5 0 0
    endloop
  endfacet
  facet normal 0 0 -1
    outer loop
      vertex 55.2638 32.7428 0
      vertex 53.5 33.8 0
      vertex 55.1629 32.9111 0
    endloop
  endfacet
  facet normal 0 0 -1
    outer loop
      vertex 55.1629 32.9111 0
      vertex 53.5 33.8 0
      vertex 55.046 33.0688 0
    endloop
  endfacet
  facet normal 0 0 -1
    outer loop
      vertex 55.5 2 0
      vertex 46.7502 16.3952 0
      vertex 46.775 16.9 0
    endloop
  endfacet
  facet normal 0 0 -1
    outer loop
      vertex 55.5 2 0
      vertex 46.676 15.8953 0
      vertex 46.7502 16.3952 0
    endloop
  endfacet
  facet normal 0 0 -1
    outer loop
      vertex 55.5 2 0
      vertex 46.5532 15.405 0
      vertex 46.676 15.8953 0
    endloop
  endfacet
  facet normal 0 0 -1
    outer loop
      vertex 55.5 2 0
      vertex 46.383 14.9292 0
      vertex 46.5532 15.405 0
    endloop
  endfacet
  facet normal 0 0 -1
    outer loop
      vertex 55.5 2 0
      vertex 46.1669 14.4723 0
      vertex 46.383 14.9292 0
    endloop
  endfacet
  facet normal 0 0 -1
    outer loop
      vertex 55.5 2 0
      vertex 45.9071 14.0388 0
      vertex 46.1669 14.4723 0
    endloop
  endfacet
  facet normal 0 0 -1
    outer loop
      vertex 55.5 2 0
      vertex 45.606 13.6329 0
      vertex 45.9071 14.0388 0
    endloop
  endfacet
  facet normal 0 0 -1
    outer loop
      vertex 55.5 2 0
      vertex 45.2666 13.2584 0
      vertex 45.606 13.6329 0
    endloop
  endfacet
  facet normal 0 0 -1
    outer loop
      vertex 55.5 2 0
      vertex 44.8921 12.919 0
      vertex 45.2666 13.2584 0
    endloop
  endfacet
  facet normal 0 0 -1
    outer loop
      vertex 55.5 2 0
      vertex 44.4862 12.6179 0
      vertex 44.8921 12.919 0
    endloop
  endfacet
  facet normal 0 0 -1
    outer loop
      vertex 53.5 0 0
      vertex 44.0527 12.3581 0
      vertex 44.4862 12.6179 0
    endloop
  endfacet
  facet normal 0 0 -1
    outer loop
      vertex 53.5 0 0
      vertex 43.5958 12.142 0
      vertex 44.0527 12.3581 0
    endloop
  endfacet
  facet normal 0 0 -1
    outer loop
      vertex 53.5 0 0
      vertex 43.12 11.9718 0
      vertex 43.5958 12.142 0
    endloop
  endfacet
  facet normal 0 0 -1
    outer loop
      vertex 53.5 0 0
      vertex 42.6297 11.849 0
      vertex 43.12 11.9718 0
    endloop
  endfacet
  facet normal 0 0 -1
    outer loop
      vertex 53.5 0 0
      vertex 42.1298 11.7748 0
      vertex 42.6297 11.849 0
    endloop
  endfacet
  facet normal 0 0 -1
    outer loop
      vertex 53.5 0 0
      vertex 41.625 11.75 0
      vertex 42.1298 11.7748 0
    endloop
  endfacet
  facet normal 0 0 -1
    outer loop
      vertex 53.5 0 0
      vertex 41.1202 11.7748 0
      vertex 41.625 11.75 0
    endloop
  endfacet
  facet normal 0 0 -1
    outer loop
      vertex 53.5 0 0
      vertex 40.6203 11.849 0
      vertex 41.1202 11.7748 0
    endloop
  endfacet
  facet normal 0 0 -1
    outer loop
      vertex 53.5 0 0
      vertex 40.13 11.9718 0
      vertex 40.6203 11.849 0
    endloop
  endfacet
  facet normal 0 0 -1
    outer loop
      vertex 53.5 0 0
      vertex 39.6542 12.142 0
      vertex 40.13 11.9718 0
    endloop
  endfacet
  facet normal 0 0 -1
    outer loop
      vertex 15.8458 12.142 0
      vertex 39.6542 12.142 0
      vertex 53.5 0 0
    endloop
  endfacet
  facet normal 0 0 -1
    outer loop
      vertex 39.6542 12.142 0
      vertex 15.8458 12.142 0
      vertex 39.1973 12.3581 0
    endloop
  endfacet
  facet normal 0 -0 -1
    outer loop
      vertex 16.3027 12.3581 0
      vertex 39.1973 12.3581 0
      vertex 15.8458 12.142 0
    endloop
  endfacet
  facet normal 0 0 -1
    outer loop
      vertex 36.867 14.9292 0
      vertex 36.3195 15.0325 0
      vertex 36.83 15.0325 0
    endloop
  endfacet
  facet normal 0 0 -1
    outer loop
      vertex 37.0831 14.4723 0
      vertex 36.3195 15.0325 0
      vertex 36.867 14.9292 0
    endloop
  endfacet
  facet normal 0 0 -1
    outer loop
      vertex 35.6674 15.0325 0
      vertex 37.0831 14.4723 0
      vertex 37.3429 14.0388 0
    endloop
  endfacet
  facet normal 0 0 -1
    outer loop
      vertex 35.6674 15.0325 0
      vertex 37.3429 14.0388 0
      vertex 37.644 13.6329 0
    endloop
  endfacet
  facet normal 0 0 -1
    outer loop
      vertex 32.5507 15.0325 0
      vertex 37.644 13.6329 0
      vertex 37.9834 13.2584 0
    endloop
  endfacet
  facet normal 0 0 -1
    outer loop
      vertex 36.3195 15.0325 0
      vertex 35.6674 15.0325 0
      vertex 36.3195 18.8544 0
    endloop
  endfacet
  facet normal 0 0 -1
    outer loop
      vertex 37.0831 14.4723 0
      vertex 35.6674 15.0325 0
      vertex 36.3195 15.0325 0
    endloop
  endfacet
  facet normal 0 0 -1
    outer loop
      vertex 32.5507 15.0325 0
      vertex 37.9834 13.2584 0
      vertex 38.3579 12.919 0
    endloop
  endfacet
  facet normal 0 -0 -1
    outer loop
      vertex 27.6797 15.0325 0
      vertex 39.1973 12.3581 0
      vertex 16.3027 12.3581 0
    endloop
  endfacet
  facet normal 0 0 -1
    outer loop
      vertex 37.644 13.6329 0
      vertex 32.5507 15.0325 0
      vertex 35.6674 15.0325 0
    endloop
  endfacet
  facet normal 0 0 -1
    outer loop
      vertex 32.5507 15.0325 0
      vertex 32.0487 15.0325 0
      vertex 32.5507 15.6509 0
    endloop
  endfacet
  facet normal 0 0 -1
    outer loop
      vertex 38.3579 12.919 0
      vertex 32.0487 15.0325 0
      vertex 32.5507 15.0325 0
    endloop
  endfacet
  facet normal 0 0 -1
    outer loop
      vertex 38.3579 12.919 0
      vertex 31.2486 15.0325 0
      vertex 32.0487 15.0325 0
    endloop
  endfacet
  facet normal 0 0 -1
    outer loop
      vertex 30.7475 15.5994 0
      vertex 31.2486 15.0325 0
      vertex 30.7475 15.0325 0
    endloop
  endfacet
  facet normal 0 0 -1
    outer loop
      vertex 38.7638 12.6179 0
      vertex 31.2486 15.0325 0
      vertex 38.3579 12.919 0
    endloop
  endfacet
  facet normal -0 -0 -1
    outer loop
      vertex 31.2486 15.0325 0
      vertex 38.7638 12.6179 0
      vertex 30.7475 15.0325 0
    endloop
  endfacet
  facet normal 0 0 -1
    outer loop
      vertex 27.0118 15.551 0
      vertex 27.6797 15.6591 0
      vertex 27.6797 15.0325 0
    endloop
  endfacet
  facet normal 0 0 -1
    outer loop
      vertex 27.6797 15.6591 0
      vertex 27.2602 16.3097 0
      vertex 27.2654 16.4647 0
    endloop
  endfacet
  facet normal 0 0 -1
    outer loop
      vertex 27.6797 15.6591 0
      vertex 27.2447 16.1628 0
      vertex 27.2602 16.3097 0
    endloop
  endfacet
  facet normal 0 0 -1
    outer loop
      vertex 27.6797 15.6591 0
      vertex 27.2188 16.0241 0
      vertex 27.2447 16.1628 0
    endloop
  endfacet
  facet normal 0 0 -1
    outer loop
      vertex 27.6797 15.6591 0
      vertex 27.1826 15.8935 0
      vertex 27.2188 16.0241 0
    endloop
  endfacet
  facet normal 0 0 -1
    outer loop
      vertex 27.6797 15.6591 0
      vertex 27.136 15.7712 0
      vertex 27.1826 15.8935 0
    endloop
  endfacet
  facet normal -0 0 -1
    outer loop
      vertex 27.6797 15.6591 0
      vertex 27.0791 15.657 0
      vertex 27.136 15.7712 0
    endloop
  endfacet
  facet normal 0 0 -1
    outer loop
      vertex 27.6797 15.6591 0
      vertex 27.0118 15.551 0
      vertex 27.0791 15.657 0
    endloop
  endfacet
  facet normal 0 0 -1
    outer loop
      vertex 27.6797 15.0325 0
      vertex 26.9342 15.4531 0
      vertex 27.0118 15.551 0
    endloop
  endfacet
  facet normal 0 0 -1
    outer loop
      vertex 39.1973 12.3581 0
      vertex 30.7475 15.0325 0
      vertex 38.7638 12.6179 0
    endloop
  endfacet
  facet normal 0 0 -1
    outer loop
      vertex 27.6797 15.0325 0
      vertex 26.8463 15.3634 0
      vertex 26.9342 15.4531 0
    endloop
  endfacet
  facet normal 0 0 -1
    outer loop
      vertex 27.6797 15.0325 0
      vertex 26.7486 15.2826 0
      vertex 26.8463 15.3634 0
    endloop
  endfacet
  facet normal 0 0 -1
    outer loop
      vertex 27.6797 15.0325 0
      vertex 26.6417 15.2113 0
      vertex 26.7486 15.2826 0
    endloop
  endfacet
  facet normal 0 0 -1
    outer loop
      vertex 27.6797 15.0325 0
      vertex 26.5257 15.1495 0
      vertex 26.6417 15.2113 0
    endloop
  endfacet
  facet normal 0 0 -1
    outer loop
      vertex 27.6797 15.0325 0
      vertex 26.4006 15.0971 0
      vertex 26.5257 15.1495 0
    endloop
  endfacet
  facet normal 0 0 -1
    outer loop
      vertex 27.6797 15.0325 0
      vertex 26.2664 15.0543 0
      vertex 26.4006 15.0971 0
    endloop
  endfacet
  facet normal -0 0 -1
    outer loop
      vertex 27.6797 15.0325 0
      vertex 26.1229 15.0211 0
      vertex 26.2664 15.0543 0
    endloop
  endfacet
  facet normal 0 0 -1
    outer loop
      vertex 27.6797 15.0325 0
      vertex 25.9704 14.9973 0
      vertex 26.1229 15.0211 0
    endloop
  endfacet
  facet normal 0 0 -1
    outer loop
      vertex 27.6797 15.0325 0
      vertex 25.8087 14.983 0
      vertex 25.9704 14.9973 0
    endloop
  endfacet
  facet normal 0 0 -1
    outer loop
      vertex 27.6797 15.0325 0
      vertex 16.3027 12.3581 0
      vertex 25.8087 14.983 0
    endloop
  endfacet
  facet normal 0 0 -1
    outer loop
      vertex 25.8087 14.983 0
      vertex 16.3027 12.3581 0
      vertex 25.6379 14.9783 0
    endloop
  endfacet
  facet normal 0 -0 -1
    outer loop
      vertex 16.7362 12.6179 0
      vertex 25.6379 14.9783 0
      vertex 16.3027 12.3581 0
    endloop
  endfacet
  facet normal -0 0 -1
    outer loop
      vertex 25.6379 14.9783 0
      vertex 16.7362 12.6179 0
      vertex 25.4615 14.9832 0
    endloop
  endfacet
  facet normal -0 0 -1
    outer loop
      vertex 25.4615 14.9832 0
      vertex 16.7362 12.6179 0
      vertex 25.2942 14.998 0
    endloop
  endfacet
  facet normal 0 -0 -1
    outer loop
      vertex 23.3094 15.0325 0
      vertex 25.2942 14.998 0
      vertex 16.7362 12.6179 0
    endloop
  endfacet
  facet normal 0 0 -1
    outer loop
      vertex 25.2942 14.998 0
      vertex 23.3094 15.0325 0
      vertex 25.1359 15.0227 0
    endloop
  endfacet
  facet normal 0 0 -1
    outer loop
      vertex 25.1359 15.0227 0
      vertex 23.3094 15.0325 0
      vertex 24.9866 15.0573 0
    endloop
  endfacet
  facet normal 0 0 -1
    outer loop
      vertex 23.3094 18.8544 0
      vertex 23.9263 16.5054 0
      vertex 23.3094 15.0325 0
    endloop
  endfacet
  facet normal -0 0 -1
    outer loop
      vertex 23.9318 16.3479 0
      vertex 23.3094 15.0325 0
      vertex 23.9263 16.5054 0
    endloop
  endfacet
  facet normal -0 0 -1
    outer loop
      vertex 23.9484 16.1984 0
      vertex 23.3094 15.0325 0
      vertex 23.9318 16.3479 0
    endloop
  endfacet
  facet normal -0 0 -1
    outer loop
      vertex 23.9762 16.0571 0
      vertex 23.3094 15.0325 0
      vertex 23.9484 16.1984 0
    endloop
  endfacet
  facet normal -0 0 -1
    outer loop
      vertex 24.015 15.9238 0
      vertex 23.3094 15.0325 0
      vertex 23.9762 16.0571 0
    endloop
  endfacet
  facet normal -0 0 -1
    outer loop
      vertex 24.0648 15.7985 0
      vertex 23.3094 15.0325 0
      vertex 24.015 15.9238 0
    endloop
  endfacet
  facet normal -0 0 -1
    outer loop
      vertex 24.1258 15.6814 0
      vertex 23.3094 15.0325 0
      vertex 24.0648 15.7985 0
    endloop
  endfacet
  facet normal -0 0 -1
    outer loop
      vertex 24.1978 15.5723 0
      vertex 23.3094 15.0325 0
      vertex 24.1258 15.6814 0
    endloop
  endfacet
  facet normal -0 0 -1
    outer loop
      vertex 24.281 15.4713 0
      vertex 23.3094 15.0325 0
      vertex 24.1978 15.5723 0
    endloop
  endfacet
  facet normal -0 0 -1
    outer loop
      vertex 24.3752 15.3783 0
      vertex 23.3094 15.0325 0
      vertex 24.281 15.4713 0
    endloop
  endfacet
  facet normal -0 0 -1
    outer loop
      vertex 24.4795 15.2944 0
      vertex 23.3094 15.0325 0
      vertex 24.3752 15.3783 0
    endloop
  endfacet
  facet normal -0 0 -1
    outer loop
      vertex 24.5927 15.2203 0
      vertex 23.3094 15.0325 0
      vertex 24.4795 15.2944 0
    endloop
  endfacet
  facet normal -0 0 -1
    outer loop
      vertex 24.9866 15.0573 0
      vertex 23.3094 15.0325 0
      vertex 24.8463 15.1018 0
    endloop
  endfacet
  facet normal -0 0 -1
    outer loop
      vertex 24.715 15.1561 0
      vertex 23.3094 15.0325 0
      vertex 24.5927 15.2203 0
    endloop
  endfacet
  facet normal 0 0 -1
    outer loop
      vertex 22.5987 15.0325 0
      vertex 20.9821 15.0325 0
      vertex 22.5987 17.2866 0
    endloop
  endfacet
  facet normal -0 0 -1
    outer loop
      vertex 24.8463 15.1018 0
      vertex 23.3094 15.0325 0
      vertex 24.715 15.1561 0
    endloop
  endfacet
  facet normal -0 0 -1
    outer loop
      vertex 23.3094 15.0325 0
      vertex 17.1421 12.919 0
      vertex 22.5987 15.0325 0
    endloop
  endfacet
  facet normal 0 0 -1
    outer loop
      vertex 20.0435 15.0325 0
      vertex 19.5351 16.9611 0
      vertex 20.0435 18.8544 0
    endloop
  endfacet
  facet normal 0 0 -1
    outer loop
      vertex 20.0435 15.0325 0
      vertex 19.5289 16.7555 0
      vertex 19.5351 16.9611 0
    endloop
  endfacet
  facet normal 0 0 -1
    outer loop
      vertex 20.0435 15.0325 0
      vertex 19.5104 16.5605 0
      vertex 19.5289 16.7555 0
    endloop
  endfacet
  facet normal 0 0 -1
    outer loop
      vertex 20.0435 15.0325 0
      vertex 19.4794 16.3763 0
      vertex 19.5104 16.5605 0
    endloop
  endfacet
  facet normal 0 0 -1
    outer loop
      vertex 20.0435 15.0325 0
      vertex 19.436 16.2027 0
      vertex 19.4794 16.3763 0
    endloop
  endfacet
  facet normal 0 0 -1
    outer loop
      vertex 20.0435 15.0325 0
      vertex 19.3803 16.0398 0
      vertex 19.436 16.2027 0
    endloop
  endfacet
  facet normal 0 0 -1
    outer loop
      vertex 20.0435 15.0325 0
      vertex 19.3121 15.8875 0
      vertex 19.3803 16.0398 0
    endloop
  endfacet
  facet normal 0 0 -1
    outer loop
      vertex 20.0435 15.0325 0
      vertex 19.2316 15.746 0
      vertex 19.3121 15.8875 0
    endloop
  endfacet
  facet normal 0 0 -1
    outer loop
      vertex 20.0435 15.0325 0
      vertex 19.1387 15.6151 0
      vertex 19.2316 15.746 0
    endloop
  endfacet
  facet normal 0 0 -1
    outer loop
      vertex 20.0435 15.0325 0
      vertex 19.0333 15.495 0
      vertex 19.1387 15.6151 0
    endloop
  endfacet
  facet normal 0 0 -1
    outer loop
      vertex 20.0435 15.0325 0
      vertex 18.9165 15.3865 0
      vertex 19.0333 15.495 0
    endloop
  endfacet
  facet normal -0 0 -1
    outer loop
      vertex 22.5987 15.0325 0
      vertex 17.5166 13.2584 0
      vertex 20.9821 15.0325 0
    endloop
  endfacet
  facet normal 0 -0 -1
    outer loop
      vertex 18.633 14.9292 0
      vertex 20.0435 15.0325 0
      vertex 18.4169 14.4723 0
    endloop
  endfacet
  facet normal 0 0 -1
    outer loop
      vertex 18.9165 15.3865 0
      vertex 18.633 14.9292 0
      vertex 18.789 15.2909 0
    endloop
  endfacet
  facet normal 0 0 -1
    outer loop
      vertex 18.789 15.2909 0
      vertex 18.633 14.9292 0
      vertex 18.7551 15.2705 0
    endloop
  endfacet
  facet normal -0 0 -1
    outer loop
      vertex 20.0435 15.0325 0
      vertex 18.633 14.9292 0
      vertex 18.9165 15.3865 0
    endloop
  endfacet
  facet normal 0 0 -1
    outer loop
      vertex 20.0435 15.0325 0
      vertex 18.1571 14.0388 0
      vertex 18.4169 14.4723 0
    endloop
  endfacet
  facet normal 0 0 -1
    outer loop
      vertex 20.0435 15.0325 0
      vertex 17.856 13.6329 0
      vertex 18.1571 14.0388 0
    endloop
  endfacet
  facet normal -0 0 -1
    outer loop
      vertex 20.9821 15.0325 0
      vertex 17.856 13.6329 0
      vertex 20.0435 15.0325 0
    endloop
  endfacet
  facet normal 0 -0 -1
    outer loop
      vertex 17.856 13.6329 0
      vertex 20.9821 15.0325 0
      vertex 17.5166 13.2584 0
    endloop
  endfacet
  facet normal 0 -0 -1
    outer loop
      vertex 17.5166 13.2584 0
      vertex 22.5987 15.0325 0
      vertex 17.1421 12.919 0
    endloop
  endfacet
  facet normal 0 -0 -1
    outer loop
      vertex 17.1421 12.919 0
      vertex 23.3094 15.0325 0
      vertex 16.7362 12.6179 0
    endloop
  endfacet
  facet normal -0 -0 -1
    outer loop
      vertex 30.7475 15.0325 0
      vertex 39.1973 12.3581 0
      vertex 27.6797 15.0325 0
    endloop
  endfacet
  facet normal 0 0 -1
    outer loop
      vertex 2 0 0
      vertex 15.8458 12.142 0
      vertex 53.5 0 0
    endloop
  endfacet
  facet normal 0 0 -1
    outer loop
      vertex 15.8458 12.142 0
      vertex 2 0 0
      vertex 15.37 11.9718 0
    endloop
  endfacet
  facet normal 0 0 -1
    outer loop
      vertex 15.37 11.9718 0
      vertex 2 0 0
      vertex 14.8797 11.849 0
    endloop
  endfacet
  facet normal 0 0 -1
    outer loop
      vertex 14.8797 11.849 0
      vertex 2 0 0
      vertex 14.3798 11.7748 0
    endloop
  endfacet
  facet normal 0 0 -1
    outer loop
      vertex 14.3798 11.7748 0
      vertex 2 0 0
      vertex 13.875 11.75 0
    endloop
  endfacet
  facet normal -0 0 -1
    outer loop
      vertex 13.875 11.75 0
      vertex 2 0 0
      vertex 13.3702 11.7748 0
    endloop
  endfacet
  facet normal -0 0 -1
    outer loop
      vertex 13.3702 11.7748 0
      vertex 2 0 0
      vertex 12.8703 11.849 0
    endloop
  endfacet
  facet normal -0 0 -1
    outer loop
      vertex 8.82396 15.8953 0
      vertex 0 2 0
      vertex 8.7498 16.3952 0
    endloop
  endfacet
  facet normal -0 0 -1
    outer loop
      vertex 8.94676 15.405 0
      vertex 0 2 0
      vertex 8.82396 15.8953 0
    endloop
  endfacet
  facet normal -0 0 -1
    outer loop
      vertex 9.11702 14.9292 0
      vertex 0 2 0
      vertex 8.94676 15.405 0
    endloop
  endfacet
  facet normal -0 0 -1
    outer loop
      vertex 9.33311 14.4723 0
      vertex 0 2 0
      vertex 9.11702 14.9292 0
    endloop
  endfacet
  facet normal -0 0 -1
    outer loop
      vertex 9.59293 14.0388 0
      vertex 0 2 0
      vertex 9.33311 14.4723 0
    endloop
  endfacet
  facet normal -0 0 -1
    outer loop
      vertex 9.894 13.6329 0
      vertex 0 2 0
      vertex 9.59293 14.0388 0
    endloop
  endfacet
  facet normal -0 0 -1
    outer loop
      vertex 10.2334 13.2584 0
      vertex 0 2 0
      vertex 9.894 13.6329 0
    endloop
  endfacet
  facet normal -0 0 -1
    outer loop
      vertex 10.6079 12.919 0
      vertex 0 2 0
      vertex 10.2334 13.2584 0
    endloop
  endfacet
  facet normal -0 0 -1
    outer loop
      vertex 11.0138 12.6179 0
      vertex 0 2 0
      vertex 10.6079 12.919 0
    endloop
  endfacet
  facet normal 0 0 -1
    outer loop
      vertex 0 2 0
      vertex 11.0138 12.6179 0
      vertex 2 0 0
    endloop
  endfacet
  facet normal -0 0 -1
    outer loop
      vertex 11.4473 12.3581 0
      vertex 2 0 0
      vertex 11.0138 12.6179 0
    endloop
  endfacet
  facet normal -0 0 -1
    outer loop
      vertex 11.9042 12.142 0
      vertex 2 0 0
      vertex 11.4473 12.3581 0
    endloop
  endfacet
  facet normal -0 0 -1
    outer loop
      vertex 12.38 11.9718 0
      vertex 2 0 0
      vertex 11.9042 12.142 0
    endloop
  endfacet
  facet normal -0 0 -1
    outer loop
      vertex 12.8703 11.849 0
      vertex 2 0 0
      vertex 12.38 11.9718 0
    endloop
  endfacet
  facet normal 0 0 -1
    outer loop
      vertex 55.046 33.0688 0
      vertex 53.5 33.8 0
      vertex 54.9142 33.2142 0
    endloop
  endfacet
  facet normal 0 0 -1
    outer loop
      vertex 54.7688 33.346 0
      vertex 53.5 33.8 0
      vertex 54.6111 33.4629 0
    endloop
  endfacet
  facet normal 0 0 -1
    outer loop
      vertex 54.6111 33.4629 0
      vertex 53.5 33.8 0
      vertex 54.4428 33.5638 0
    endloop
  endfacet
  facet normal 0 0 -1
    outer loop
      vertex 54.4428 33.5638 0
      vertex 53.5 33.8 0
      vertex 54.2654 33.6478 0
    endloop
  endfacet
  facet normal 0 0 -1
    outer loop
      vertex 54.0806 33.7139 0
      vertex 53.5 33.8 0
      vertex 53.8902 33.7616 0
    endloop
  endfacet
  facet normal 0 0 -1
    outer loop
      vertex 53.8902 33.7616 0
      vertex 53.5 33.8 0
      vertex 53.696 33.7904 0
    endloop
  endfacet
  facet normal 0 0 -1
    outer loop
      vertex 54.2654 33.6478 0
      vertex 53.5 33.8 0
      vertex 54.0806 33.7139 0
    endloop
  endfacet
  facet normal 0 0 -1
    outer loop
      vertex 54.9142 33.2142 0
      vertex 53.5 33.8 0
      vertex 54.7688 33.346 0
    endloop
  endfacet
  facet normal 0 0 -1
    outer loop
      vertex 55.4139 32.3806 0
      vertex 53.5 33.8 0
      vertex 55.3478 32.5654 0
    endloop
  endfacet
  facet normal -0 0 -1
    outer loop
      vertex 55.5 31.8 0
      vertex 44.4862 21.1821 0
      vertex 53.5 33.8 0
    endloop
  endfacet
  facet normal 0 0 -1
    outer loop
      vertex 44.0527 21.4419 0
      vertex 53.5 33.8 0
      vertex 44.4862 21.1821 0
    endloop
  endfacet
  facet normal 0 0 -1
    outer loop
      vertex 43.5958 21.658 0
      vertex 53.5 33.8 0
      vertex 44.0527 21.4419 0
    endloop
  endfacet
  facet normal 0 0 -1
    outer loop
      vertex 43.12 21.8282 0
      vertex 53.5 33.8 0
      vertex 43.5958 21.658 0
    endloop
  endfacet
  facet normal 0 0 -1
    outer loop
      vertex 42.6297 21.951 0
      vertex 53.5 33.8 0
      vertex 43.12 21.8282 0
    endloop
  endfacet
  facet normal 0 0 -1
    outer loop
      vertex 42.1298 22.0252 0
      vertex 53.5 33.8 0
      vertex 42.6297 21.951 0
    endloop
  endfacet
  facet normal 0 0 -1
    outer loop
      vertex 41.625 22.05 0
      vertex 53.5 33.8 0
      vertex 42.1298 22.0252 0
    endloop
  endfacet
  facet normal 0 0 -1
    outer loop
      vertex 41.1202 22.0252 0
      vertex 53.5 33.8 0
      vertex 41.625 22.05 0
    endloop
  endfacet
  facet normal 0 0 -1
    outer loop
      vertex 40.6203 21.951 0
      vertex 53.5 33.8 0
      vertex 41.1202 22.0252 0
    endloop
  endfacet
  facet normal 0 0 -1
    outer loop
      vertex 40.13 21.8282 0
      vertex 53.5 33.8 0
      vertex 40.6203 21.951 0
    endloop
  endfacet
  facet normal 0 0 -1
    outer loop
      vertex 39.6542 21.658 0
      vertex 53.5 33.8 0
      vertex 40.13 21.8282 0
    endloop
  endfacet
  facet normal 0 0 -1
    outer loop
      vertex 15.8458 21.658 0
      vertex 39.6542 21.658 0
      vertex 39.1973 21.4419 0
    endloop
  endfacet
  facet normal 0 0 -1
    outer loop
      vertex 30.5414 18.8544 0
      vertex 39.1973 21.4419 0
      vertex 38.7638 21.1821 0
    endloop
  endfacet
  facet normal 0 0 -1
    outer loop
      vertex 32.0487 18.8544 0
      vertex 38.7638 21.1821 0
      vertex 38.3579 20.881 0
    endloop
  endfacet
  facet normal 0 0 -1
    outer loop
      vertex 36.3195 18.8544 0
      vertex 36.867 18.8708 0
      vertex 36.8611 18.8544 0
    endloop
  endfacet
  facet normal 0 0 -1
    outer loop
      vertex 36.3195 18.8544 0
      vertex 37.0831 19.3277 0
      vertex 36.867 18.8708 0
    endloop
  endfacet
  facet normal 0 0 -1
    outer loop
      vertex 35.6674 18.8544 0
      vertex 37.0831 19.3277 0
      vertex 36.3195 18.8544 0
    endloop
  endfacet
  facet normal -0 0 -1
    outer loop
      vertex 37.0831 19.3277 0
      vertex 35.6674 18.8544 0
      vertex 37.3429 19.7612 0
    endloop
  endfacet
  facet normal -0 0 -1
    outer loop
      vertex 37.3429 19.7612 0
      vertex 35.6674 18.8544 0
      vertex 37.644 20.1671 0
    endloop
  endfacet
  facet normal 0 0 -1
    outer loop
      vertex 35.6674 18.8544 0
      vertex 36.3195 18.8544 0
      vertex 35.6674 15.0325 0
    endloop
  endfacet
  facet normal 0 0 -1
    outer loop
      vertex 32.6619 18.8544 0
      vertex 37.644 20.1671 0
      vertex 35.6674 18.8544 0
    endloop
  endfacet
  facet normal -0 0 -1
    outer loop
      vertex 37.644 20.1671 0
      vertex 32.6619 18.8544 0
      vertex 37.9834 20.5416 0
    endloop
  endfacet
  facet normal -0 0 -1
    outer loop
      vertex 37.9834 20.5416 0
      vertex 32.6619 18.8544 0
      vertex 38.3579 20.881 0
    endloop
  endfacet
  facet normal 0 0 -1
    outer loop
      vertex 32.0487 18.8544 0
      vertex 38.3579 20.881 0
      vertex 32.6619 18.8544 0
    endloop
  endfacet
  facet normal 0 0 -1
    outer loop
      vertex 32.0487 18.8544 0
      vertex 32.5507 15.6509 0
      vertex 32.0487 15.0325 0
    endloop
  endfacet
  facet normal 0 0 -1
    outer loop
      vertex 32.6619 18.236 0
      vertex 32.0487 18.8544 0
      vertex 32.6619 18.8544 0
    endloop
  endfacet
  facet normal 0 0 -1
    outer loop
      vertex 38.7638 21.1821 0
      vertex 32.0487 18.8544 0
      vertex 31.2486 18.8544 0
    endloop
  endfacet
  facet normal 0 0 -1
    outer loop
      vertex 38.7638 21.1821 0
      vertex 31.2486 18.8544 0
      vertex 30.5414 18.8544 0
    endloop
  endfacet
  facet normal 0 0 -1
    outer loop
      vertex 31.2486 15.0325 0
      vertex 30.7475 15.5994 0
      vertex 31.2486 18.8544 0
    endloop
  endfacet
  facet normal 0 0 -1
    outer loop
      vertex 30.5414 18.2278 0
      vertex 31.2486 18.8544 0
      vertex 30.7475 15.5994 0
    endloop
  endfacet
  facet normal 0 0 -1
    outer loop
      vertex 30.5414 18.8544 0
      vertex 31.2486 18.8544 0
      vertex 30.5414 18.2278 0
    endloop
  endfacet
  facet normal 0 0 -1
    outer loop
      vertex 39.1973 21.4419 0
      vertex 30.5414 18.8544 0
      vertex 27.7909 18.8544 0
    endloop
  endfacet
  facet normal -0 0 -1
    outer loop
      vertex 39.1973 21.4419 0
      vertex 27.7909 18.8544 0
      vertex 16.3027 21.4419 0
    endloop
  endfacet
  facet normal 0 0 -1
    outer loop
      vertex 27.2654 18.8544 0
      vertex 27.7909 18.2983 0
      vertex 27.2654 16.4647 0
    endloop
  endfacet
  facet normal 0 0 -1
    outer loop
      vertex 27.7909 18.2983 0
      vertex 27.2654 18.8544 0
      vertex 27.7909 18.8544 0
    endloop
  endfacet
  facet normal 0 0 -1
    outer loop
      vertex 16.3027 21.4419 0
      vertex 27.7909 18.8544 0
      vertex 27.2654 18.8544 0
    endloop
  endfacet
  facet normal 0 0 -1
    outer loop
      vertex 16.3027 21.4419 0
      vertex 27.2654 18.8544 0
      vertex 26.4651 18.8544 0
    endloop
  endfacet
  facet normal 0 0 -1
    outer loop
      vertex 25.6161 15.6048 0
      vertex 26.4625 16.4291 0
      vertex 26.4545 16.3366 0
    endloop
  endfacet
  facet normal 0 0 -1
    outer loop
      vertex 25.7065 15.6077 0
      vertex 26.4545 16.3366 0
      vertex 26.4412 16.2494 0
    endloop
  endfacet
  facet normal 0 0 -1
    outer loop
      vertex 25.7918 15.6164 0
      vertex 26.4412 16.2494 0
      vertex 26.4226 16.1676 0
    endloop
  endfacet
  facet normal 0 0 -1
    outer loop
      vertex 25.7918 15.6164 0
      vertex 26.4226 16.1676 0
      vertex 26.3986 16.0912 0
    endloop
  endfacet
  facet normal 0 0 -1
    outer loop
      vertex 25.8722 15.6309 0
      vertex 26.3986 16.0912 0
      vertex 26.3693 16.0202 0
    endloop
  endfacet
  facet normal 0 0 -1
    outer loop
      vertex 25.8722 15.6309 0
      vertex 26.3693 16.0202 0
      vertex 26.3347 15.9545 0
    endloop
  endfacet
  facet normal 0 0 -1
    outer loop
      vertex 25.8722 15.6309 0
      vertex 26.3347 15.9545 0
      vertex 26.2948 15.8943 0
    endloop
  endfacet
  facet normal 0 0 -1
    outer loop
      vertex 25.8722 15.6309 0
      vertex 26.2948 15.8943 0
      vertex 26.2495 15.8395 0
    endloop
  endfacet
  facet normal 0 0 -1
    outer loop
      vertex 25.8722 15.6309 0
      vertex 26.2495 15.8395 0
      vertex 26.1991 15.7902 0
    endloop
  endfacet
  facet normal 0 0 -1
    outer loop
      vertex 25.8722 15.6309 0
      vertex 26.1991 15.7902 0
      vertex 26.1437 15.7468 0
    endloop
  endfacet
  facet normal 0 0 -1
    outer loop
      vertex 25.8722 15.6309 0
      vertex 26.1437 15.7468 0
      vertex 26.0833 15.7091 0
    endloop
  endfacet
  facet normal 0 0 -1
    outer loop
      vertex 25.8722 15.6309 0
      vertex 26.0833 15.7091 0
      vertex 26.0179 15.6773 0
    endloop
  endfacet
  facet normal 0 0 -1
    outer loop
      vertex 25.8722 15.6309 0
      vertex 26.0179 15.6773 0
      vertex 25.9475 15.6512 0
    endloop
  endfacet
  facet normal 0 0 -1
    outer loop
      vertex 26.3986 16.0912 0
      vertex 25.8722 15.6309 0
      vertex 25.7918 15.6164 0
    endloop
  endfacet
  facet normal 0 0 -1
    outer loop
      vertex 26.4412 16.2494 0
      vertex 25.7918 15.6164 0
      vertex 25.7065 15.6077 0
    endloop
  endfacet
  facet normal 0 0 -1
    outer loop
      vertex 26.4545 16.3366 0
      vertex 25.7065 15.6077 0
      vertex 25.6161 15.6048 0
    endloop
  endfacet
  facet normal 0 0 -1
    outer loop
      vertex 26.4625 16.4291 0
      vertex 25.6161 15.6048 0
      vertex 24.7379 16.361 0
    endloop
  endfacet
  facet normal 0 0 -1
    outer loop
      vertex 24.7379 16.361 0
      vertex 25.6161 15.6048 0
      vertex 25.5234 15.6079 0
    endloop
  endfacet
  facet normal 0 0 -1
    outer loop
      vertex 24.7521 16.2723 0
      vertex 25.5234 15.6079 0
      vertex 25.4355 15.6169 0
    endloop
  endfacet
  facet normal 0 0 -1
    outer loop
      vertex 24.772 16.1888 0
      vertex 25.4355 15.6169 0
      vertex 25.3524 15.6321 0
    endloop
  endfacet
  facet normal 0 0 -1
    outer loop
      vertex 24.772 16.1888 0
      vertex 25.3524 15.6321 0
      vertex 25.2743 15.6533 0
    endloop
  endfacet
  facet normal 0 0 -1
    outer loop
      vertex 24.772 16.1888 0
      vertex 25.2743 15.6533 0
      vertex 25.2011 15.6806 0
    endloop
  endfacet
  facet normal 0 0 -1
    outer loop
      vertex 24.772 16.1888 0
      vertex 25.2011 15.6806 0
      vertex 25.1327 15.7139 0
    endloop
  endfacet
  facet normal 0 0 -1
    outer loop
      vertex 24.772 16.1888 0
      vertex 25.1327 15.7139 0
      vertex 25.0693 15.7533 0
    endloop
  endfacet
  facet normal 0 0 -1
    outer loop
      vertex 24.772 16.1888 0
      vertex 25.0693 15.7533 0
      vertex 25.0107 15.7988 0
    endloop
  endfacet
  facet normal 0 0 -1
    outer loop
      vertex 24.772 16.1888 0
      vertex 25.0107 15.7988 0
      vertex 24.957 15.8503 0
    endloop
  endfacet
  facet normal 0 0 -1
    outer loop
      vertex 24.772 16.1888 0
      vertex 24.957 15.8503 0
      vertex 24.9086 15.9075 0
    endloop
  endfacet
  facet normal 0 0 -1
    outer loop
      vertex 24.772 16.1888 0
      vertex 24.9086 15.9075 0
      vertex 24.866 15.9699 0
    endloop
  endfacet
  facet normal 0 0 -1
    outer loop
      vertex 24.772 16.1888 0
      vertex 24.866 15.9699 0
      vertex 24.8289 16.0376 0
    endloop
  endfacet
  facet normal 0 0 -1
    outer loop
      vertex 24.772 16.1888 0
      vertex 24.8289 16.0376 0
      vertex 24.7976 16.1106 0
    endloop
  endfacet
  facet normal 0 0 -1
    outer loop
      vertex 25.4355 15.6169 0
      vertex 24.772 16.1888 0
      vertex 24.7521 16.2723 0
    endloop
  endfacet
  facet normal 0 0 -1
    outer loop
      vertex 25.5234 15.6079 0
      vertex 24.7521 16.2723 0
      vertex 24.7379 16.361 0
    endloop
  endfacet
  facet normal -0 0 -1
    outer loop
      vertex 26.4625 16.4291 0
      vertex 24.7379 16.361 0
      vertex 24.7293 16.455 0
    endloop
  endfacet
  facet normal -0 0 -1
    outer loop
      vertex 26.4651 16.5271 0
      vertex 24.7293 16.455 0
      vertex 24.7265 16.5542 0
    endloop
  endfacet
  facet normal 0 0 -1
    outer loop
      vertex 26.4651 16.5271 0
      vertex 24.7265 16.5542 0
      vertex 26.4651 18.8544 0
    endloop
  endfacet
  facet normal 0 0 -1
    outer loop
      vertex 24.7265 18.8544 0
      vertex 26.4651 18.8544 0
      vertex 24.7265 16.5542 0
    endloop
  endfacet
  facet normal 0 0 -1
    outer loop
      vertex 16.3027 21.4419 0
      vertex 26.4651 18.8544 0
      vertex 24.7265 18.8544 0
    endloop
  endfacet
  facet normal 0 0 -1
    outer loop
      vertex 16.7362 21.1821 0
      vertex 24.7265 18.8544 0
      vertex 23.9263 18.8544 0
    endloop
  endfacet
  facet normal 0 0 -1
    outer loop
      vertex 23.9263 16.5054 0
      vertex 23.3094 18.8544 0
      vertex 23.9263 18.8544 0
    endloop
  endfacet
  facet normal 0 0 -1
    outer loop
      vertex 16.7362 21.1821 0
      vertex 23.9263 18.8544 0
      vertex 23.3094 18.8544 0
    endloop
  endfacet
  facet normal 0 0 -1
    outer loop
      vertex 17.1421 20.881 0
      vertex 23.3094 18.8544 0
      vertex 22.3953 18.8544 0
    endloop
  endfacet
  facet normal 0 0 -1
    outer loop
      vertex 20.7542 18.8544 0
      vertex 22.3953 18.8544 0
      vertex 20.7542 16.6329 0
    endloop
  endfacet
  facet normal 0 0 -1
    outer loop
      vertex 17.5166 20.5416 0
      vertex 22.3953 18.8544 0
      vertex 20.7542 18.8544 0
    endloop
  endfacet
  facet normal 0 0 -1
    outer loop
      vertex 17.856 20.1671 0
      vertex 20.7542 18.8544 0
      vertex 20.0435 18.8544 0
    endloop
  endfacet
  facet normal 0 0 -1
    outer loop
      vertex 19.5289 17.1654 0
      vertex 20.0435 18.8544 0
      vertex 19.5351 16.9611 0
    endloop
  endfacet
  facet normal 0 0 -1
    outer loop
      vertex 19.5102 17.3588 0
      vertex 20.0435 18.8544 0
      vertex 19.5289 17.1654 0
    endloop
  endfacet
  facet normal 0 0 -1
    outer loop
      vertex 19.4791 17.5414 0
      vertex 20.0435 18.8544 0
      vertex 19.5102 17.3588 0
    endloop
  endfacet
  facet normal 0 0 -1
    outer loop
      vertex 19.4355 17.7131 0
      vertex 20.0435 18.8544 0
      vertex 19.4791 17.5414 0
    endloop
  endfacet
  facet normal 0 0 -1
    outer loop
      vertex 19.3794 17.8739 0
      vertex 20.0435 18.8544 0
      vertex 19.4355 17.7131 0
    endloop
  endfacet
  facet normal 0 0 -1
    outer loop
      vertex 19.3109 18.0238 0
      vertex 20.0435 18.8544 0
      vertex 19.3794 17.8739 0
    endloop
  endfacet
  facet normal 0 0 -1
    outer loop
      vertex 19.2299 18.1628 0
      vertex 20.0435 18.8544 0
      vertex 19.3109 18.0238 0
    endloop
  endfacet
  facet normal 0 0 -1
    outer loop
      vertex 19.1365 18.2909 0
      vertex 20.0435 18.8544 0
      vertex 19.2299 18.1628 0
    endloop
  endfacet
  facet normal 0 0 -1
    outer loop
      vertex 19.0306 18.4082 0
      vertex 20.0435 18.8544 0
      vertex 19.1365 18.2909 0
    endloop
  endfacet
  facet normal 0 0 -1
    outer loop
      vertex 18.913 18.5138 0
      vertex 20.0435 18.8544 0
      vertex 19.0306 18.4082 0
    endloop
  endfacet
  facet normal -0 0 -1
    outer loop
      vertex 20.0435 18.8544 0
      vertex 18.913 18.5138 0
      vertex 18.633 18.8708 0
    endloop
  endfacet
  facet normal 0 0 -1
    outer loop
      vertex 18.633 18.8708 0
      vertex 18.913 18.5138 0
      vertex 18.7845 18.607 0
    endloop
  endfacet
  facet normal 0 0 -1
    outer loop
      vertex 18.633 18.8708 0
      vertex 18.7845 18.607 0
      vertex 18.7124 18.6487 0
    endloop
  endfacet
  facet normal 0 0 -1
    outer loop
      vertex 20.0435 18.8544 0
      vertex 18.633 18.8708 0
      vertex 18.4169 19.3277 0
    endloop
  endfacet
  facet normal 0 0 -1
    outer loop
      vertex 18.1571 19.7612 0
      vertex 20.0435 18.8544 0
      vertex 18.4169 19.3277 0
    endloop
  endfacet
  facet normal 0 0 -1
    outer loop
      vertex 17.856 20.1671 0
      vertex 20.0435 18.8544 0
      vertex 18.1571 19.7612 0
    endloop
  endfacet
  facet normal 0 0 -1
    outer loop
      vertex 20.7542 18.8544 0
      vertex 17.856 20.1671 0
      vertex 17.5166 20.5416 0
    endloop
  endfacet
  facet normal 0 0 -1
    outer loop
      vertex 22.3953 18.8544 0
      vertex 17.5166 20.5416 0
      vertex 17.1421 20.881 0
    endloop
  endfacet
  facet normal 0 0 -1
    outer loop
      vertex 23.3094 18.8544 0
      vertex 17.1421 20.881 0
      vertex 16.7362 21.1821 0
    endloop
  endfacet
  facet normal 0 0 -1
    outer loop
      vertex 24.7265 18.8544 0
      vertex 16.7362 21.1821 0
      vertex 16.3027 21.4419 0
    endloop
  endfacet
  facet normal 0 0 -1
    outer loop
      vertex 39.1973 21.4419 0
      vertex 16.3027 21.4419 0
      vertex 15.8458 21.658 0
    endloop
  endfacet
  facet normal 0 0 -1
    outer loop
      vertex 39.6542 21.658 0
      vertex 15.8458 21.658 0
      vertex 53.5 33.8 0
    endloop
  endfacet
  facet normal 0 0 -1
    outer loop
      vertex 2 33.8 0
      vertex 15.8458 21.658 0
      vertex 15.37 21.8282 0
    endloop
  endfacet
  facet normal 0 0 -1
    outer loop
      vertex 2 33.8 0
      vertex 15.37 21.8282 0
      vertex 14.8797 21.951 0
    endloop
  endfacet
  facet normal 0 0 -1
    outer loop
      vertex 2 33.8 0
      vertex 14.8797 21.951 0
      vertex 14.3798 22.0252 0
    endloop
  endfacet
  facet normal 0 0 -1
    outer loop
      vertex 2 33.8 0
      vertex 14.3798 22.0252 0
      vertex 13.875 22.05 0
    endloop
  endfacet
  facet normal 0 0 -1
    outer loop
      vertex 2 33.8 0
      vertex 13.875 22.05 0
      vertex 13.3702 22.0252 0
    endloop
  endfacet
  facet normal 0 0 -1
    outer loop
      vertex 2 33.8 0
      vertex 13.3702 22.0252 0
      vertex 12.8703 21.951 0
    endloop
  endfacet
  facet normal 0 0 -1
    outer loop
      vertex 2 33.8 0
      vertex 12.8703 21.951 0
      vertex 12.38 21.8282 0
    endloop
  endfacet
  facet normal -0 0 -1
    outer loop
      vertex 8.7498 16.3952 0
      vertex 0 2 0
      vertex 8.725 16.9 0
    endloop
  endfacet
  facet normal 0 0 -1
    outer loop
      vertex 0 31.8 0
      vertex 8.725 16.9 0
      vertex 0 2 0
    endloop
  endfacet
  facet normal 0 0 -1
    outer loop
      vertex 8.725 16.9 0
      vertex 0 31.8 0
      vertex 8.7498 17.4048 0
    endloop
  endfacet
  facet normal 0 0 -1
    outer loop
      vertex 8.7498 17.4048 0
      vertex 0 31.8 0
      vertex 8.82396 17.9047 0
    endloop
  endfacet
  facet normal 0 0 -1
    outer loop
      vertex 15.8458 21.658 0
      vertex 2 33.8 0
      vertex 53.5 33.8 0
    endloop
  endfacet
  facet normal 0 0 -1
    outer loop
      vertex 11.9042 21.658 0
      vertex 2 33.8 0
      vertex 12.38 21.8282 0
    endloop
  endfacet
  facet normal 0 0 -1
    outer loop
      vertex 11.4473 21.4419 0
      vertex 2 33.8 0
      vertex 11.9042 21.658 0
    endloop
  endfacet
  facet normal 0 0 -1
    outer loop
      vertex 11.0138 21.1821 0
      vertex 2 33.8 0
      vertex 11.4473 21.4419 0
    endloop
  endfacet
  facet normal 0 0 -1
    outer loop
      vertex 0 31.8 0
      vertex 11.0138 21.1821 0
      vertex 10.6079 20.881 0
    endloop
  endfacet
  facet normal 0 0 -1
    outer loop
      vertex 0 31.8 0
      vertex 10.6079 20.881 0
      vertex 10.2334 20.5416 0
    endloop
  endfacet
  facet normal 0 0 -1
    outer loop
      vertex 0 31.8 0
      vertex 10.2334 20.5416 0
      vertex 9.894 20.1671 0
    endloop
  endfacet
  facet normal 0 0 -1
    outer loop
      vertex 0 31.8 0
      vertex 9.894 20.1671 0
      vertex 9.59293 19.7612 0
    endloop
  endfacet
  facet normal 0 0 -1
    outer loop
      vertex 0 31.8 0
      vertex 9.59293 19.7612 0
      vertex 9.33311 19.3277 0
    endloop
  endfacet
  facet normal 0 0 -1
    outer loop
      vertex 0 31.8 0
      vertex 9.33311 19.3277 0
      vertex 9.11702 18.8708 0
    endloop
  endfacet
  facet normal 0 0 -1
    outer loop
      vertex 8.82396 17.9047 0
      vertex 0 31.8 0
      vertex 8.94676 18.395 0
    endloop
  endfacet
  facet normal 0 0 -1
    outer loop
      vertex 0 2 0
      vertex 2 0 0
      vertex 1.80397 0.0096302 0
    endloop
  endfacet
  facet normal 0 0 -1
    outer loop
      vertex 8.94676 18.395 0
      vertex 0 31.8 0
      vertex 9.11702 18.8708 0
    endloop
  endfacet
  facet normal 0 0 -1
    outer loop
      vertex 0 2 0
      vertex 1.80397 0.0096302 0
      vertex 1.60982 0.0384293 0
    endloop
  endfacet
  facet normal 0 0 -1
    outer loop
      vertex 11.0138 21.1821 0
      vertex 0 31.8 0
      vertex 2 33.8 0
    endloop
  endfacet
  facet normal 0 0 -1
    outer loop
      vertex 0 2 0
      vertex 1.60982 0.0384293 0
      vertex 1.41943 0.0861187 0
    endloop
  endfacet
  facet normal 0 0 -1
    outer loop
      vertex 2 33.8 0
      vertex 0 31.8 0
      vertex 1.80397 33.7904 0
    endloop
  endfacet
  facet normal 0 0 -1
    outer loop
      vertex 0 2 0
      vertex 1.41943 0.0861187 0
      vertex 1.23463 0.152241 0
    endloop
  endfacet
  facet normal 0 0 -1
    outer loop
      vertex 1.80397 33.7904 0
      vertex 0 31.8 0
      vertex 1.60982 33.7616 0
    endloop
  endfacet
  facet normal 0 0 -1
    outer loop
      vertex 0 2 0
      vertex 1.23463 0.152241 0
      vertex 1.05721 0.236157 0
    endloop
  endfacet
  facet normal 0 0 -1
    outer loop
      vertex 1.60982 33.7616 0
      vertex 0 31.8 0
      vertex 1.41943 33.7139 0
    endloop
  endfacet
  facet normal 0 0 -1
    outer loop
      vertex 0 2 0
      vertex 1.05721 0.236157 0
      vertex 0.888859 0.33706 0
    endloop
  endfacet
  facet normal 0 0 -1
    outer loop
      vertex 1.41943 33.7139 0
      vertex 0 31.8 0
      vertex 1.23463 33.6478 0
    endloop
  endfacet
  facet normal 0 0 -1
    outer loop
      vertex 0 2 0
      vertex 0.888859 0.33706 0
      vertex 0.731213 0.453979 0
    endloop
  endfacet
  facet normal 0 0 -1
    outer loop
      vertex 1.23463 33.6478 0
      vertex 0 31.8 0
      vertex 1.05721 33.5638 0
    endloop
  endfacet
  facet normal 0 0 -1
    outer loop
      vertex 0 2 0
      vertex 0.731213 0.453979 0
      vertex 0.585786 0.585786 0
    endloop
  endfacet
  facet normal 0 0 -1
    outer loop
      vertex 1.05721 33.5638 0
      vertex 0 31.8 0
      vertex 0.888859 33.4629 0
    endloop
  endfacet
  facet normal 0 0 -1
    outer loop
      vertex 0 2 0
      vertex 0.585786 0.585786 0
      vertex 0.453979 0.731213 0
    endloop
  endfacet
  facet normal 0 0 -1
    outer loop
      vertex 0.888859 33.4629 0
      vertex 0 31.8 0
      vertex 0.731213 33.346 0
    endloop
  endfacet
  facet normal 0 0 -1
    outer loop
      vertex 0 2 0
      vertex 0.453979 0.731213 0
      vertex 0.33706 0.888859 0
    endloop
  endfacet
  facet normal 0 0 -1
    outer loop
      vertex 0.731213 33.346 0
      vertex 0 31.8 0
      vertex 0.585786 33.2142 0
    endloop
  endfacet
  facet normal 0 0 -1
    outer loop
      vertex 0 2 0
      vertex 0.33706 0.888859 0
      vertex 0.236157 1.05721 0
    endloop
  endfacet
  facet normal 0 0 -1
    outer loop
      vertex 0.585786 33.2142 0
      vertex 0 31.8 0
      vertex 0.453979 33.0688 0
    endloop
  endfacet
  facet normal 0 0 -1
    outer loop
      vertex 0 2 0
      vertex 0.236157 1.05721 0
      vertex 0.152241 1.23463 0
    endloop
  endfacet
  facet normal 0 0 -1
    outer loop
      vertex 0.453979 33.0688 0
      vertex 0 31.8 0
      vertex 0.33706 32.9111 0
    endloop
  endfacet
  facet normal 0 0 -1
    outer loop
      vertex 0 2 0
      vertex 0.152241 1.23463 0
      vertex 0.0861187 1.41943 0
    endloop
  endfacet
  facet normal 0 0 -1
    outer loop
      vertex 0.33706 32.9111 0
      vertex 0 31.8 0
      vertex 0.236157 32.7428 0
    endloop
  endfacet
  facet normal 0 0 -1
    outer loop
      vertex 0 2 0
      vertex 0.0861187 1.41943 0
      vertex 0.0384293 1.60982 0
    endloop
  endfacet
  facet normal 0 0 -1
    outer loop
      vertex 0.236157 32.7428 0
      vertex 0 31.8 0
      vertex 0.152241 32.5654 0
    endloop
  endfacet
  facet normal 0 0 -1
    outer loop
      vertex 0 2 0
      vertex 0.0384293 1.60982 0
      vertex 0.0096302 1.80397 0
    endloop
  endfacet
  facet normal 0 0 -1
    outer loop
      vertex 0.152241 32.5654 0
      vertex 0 31.8 0
      vertex 0.0861187 32.3806 0
    endloop
  endfacet
  facet normal 0 0 -1
    outer loop
      vertex 0.0861187 32.3806 0
      vertex 0 31.8 0
      vertex 0.0384293 32.1902 0
    endloop
  endfacet
  facet normal 0 0 -1
    outer loop
      vertex 0.0384293 32.1902 0
      vertex 0 31.8 0
      vertex 0.0096302 31.996 0
    endloop
  endfacet
  facet normal -0.857666 0.514207 0
    outer loop
      vertex 0.236157 32.7428 0
      vertex 0.33706 32.9111 31
      vertex 0.33706 32.9111 0
    endloop
  endfacet
  facet normal -0.857666 0.514207 0
    outer loop
      vertex 0.33706 32.9111 31
      vertex 0.236157 32.7428 0
      vertex 0.236157 32.7428 31
    endloop
  endfacet
  facet normal -0.146729 -0.989177 0
    outer loop
      vertex 1.60982 0.0384293 0
      vertex 1.80397 0.0096302 31
      vertex 1.60982 0.0384293 31
    endloop
  endfacet
  facet normal -0.146729 -0.989177 -0
    outer loop
      vertex 1.80397 0.0096302 31
      vertex 1.60982 0.0384293 0
      vertex 1.80397 0.0096302 0
    endloop
  endfacet
  facet normal 0.243015 0.970023 -0
    outer loop
      vertex 54.0806 33.7139 0
      vertex 53.8902 33.7616 31
      vertex 54.0806 33.7139 31
    endloop
  endfacet
  facet normal 0.243015 0.970023 0
    outer loop
      vertex 53.8902 33.7616 31
      vertex 54.0806 33.7139 0
      vertex 53.8902 33.7616 0
    endloop
  endfacet
  facet normal -0.740952 -0.671558 0
    outer loop
      vertex 0.585786 0.585786 0
      vertex 0.453979 0.731213 31
      vertex 0.453979 0.731213 0
    endloop
  endfacet
  facet normal -0.740952 -0.671558 0
    outer loop
      vertex 0.453979 0.731213 31
      vertex 0.585786 0.585786 0
      vertex 0.585786 0.585786 31
    endloop
  endfacet
  facet normal 0.94158 0.336788 0
    outer loop
      vertex 55.4139 32.3806 31
      vertex 55.3478 32.5654 0
      vertex 55.3478 32.5654 31
    endloop
  endfacet
  facet normal 0.94158 0.336788 0
    outer loop
      vertex 55.3478 32.5654 0
      vertex 55.4139 32.3806 31
      vertex 55.4139 32.3806 0
    endloop
  endfacet
  facet normal 0.146692 -0.989182 0
    outer loop
      vertex 53.696 0.0096302 0
      vertex 53.8902 0.0384293 31
      vertex 53.696 0.0096302 31
    endloop
  endfacet
  facet normal 0.146692 -0.989182 0
    outer loop
      vertex 53.8902 0.0384293 31
      vertex 53.696 0.0096302 0
      vertex 53.8902 0.0384293 0
    endloop
  endfacet
  facet normal 0.94158 -0.336788 0
    outer loop
      vertex 55.3478 1.23463 31
      vertex 55.4139 1.41943 0
      vertex 55.4139 1.41943 31
    endloop
  endfacet
  facet normal 0.94158 -0.336788 0
    outer loop
      vertex 55.4139 1.41943 0
      vertex 55.3478 1.23463 31
      vertex 55.3478 1.23463 0
    endloop
  endfacet
  facet normal -0.903984 -0.427566 0
    outer loop
      vertex 0.236157 1.05721 0
      vertex 0.152241 1.23463 31
      vertex 0.152241 1.23463 0
    endloop
  endfacet
  facet normal -0.903984 -0.427566 0
    outer loop
      vertex 0.152241 1.23463 31
      vertex 0.236157 1.05721 0
      vertex 0.236157 1.05721 31
    endloop
  endfacet
  facet normal -0.336788 0.94158 0
    outer loop
      vertex 1.41943 33.7139 0
      vertex 1.23463 33.6478 31
      vertex 1.41943 33.7139 31
    endloop
  endfacet
  facet normal -0.336788 0.94158 0
    outer loop
      vertex 1.23463 33.6478 31
      vertex 1.41943 33.7139 0
      vertex 1.23463 33.6478 0
    endloop
  endfacet
  facet normal 0.80335 0.595508 0
    outer loop
      vertex 55.1629 32.9111 31
      vertex 55.046 33.0688 0
      vertex 55.046 33.0688 31
    endloop
  endfacet
  facet normal 0.80335 0.595508 0
    outer loop
      vertex 55.046 33.0688 0
      vertex 55.1629 32.9111 31
      vertex 55.1629 32.9111 0
    endloop
  endfacet
  facet normal -0.803303 0.59557 0
    outer loop
      vertex 0.33706 32.9111 0
      vertex 0.453979 33.0688 31
      vertex 0.453979 33.0688 0
    endloop
  endfacet
  facet normal -0.803303 0.59557 0
    outer loop
      vertex 0.453979 33.0688 31
      vertex 0.33706 32.9111 0
      vertex 0.33706 32.9111 31
    endloop
  endfacet
  facet normal -0.0489135 0.998803 0
    outer loop
      vertex 2 33.8 0
      vertex 1.80397 33.7904 31
      vertex 2 33.8 31
    endloop
  endfacet
  facet normal -0.0489135 0.998803 0
    outer loop
      vertex 1.80397 33.7904 31
      vertex 2 33.8 0
      vertex 1.80397 33.7904 0
    endloop
  endfacet
  facet normal 0.0490745 -0.998795 0
    outer loop
      vertex 53.5 0 0
      vertex 53.696 0.0096302 31
      vertex 53.5 0 31
    endloop
  endfacet
  facet normal 0.0490745 -0.998795 0
    outer loop
      vertex 53.696 0.0096302 31
      vertex 53.5 0 0
      vertex 53.696 0.0096302 0
    endloop
  endfacet
  facet normal 0.595508 0.80335 -0
    outer loop
      vertex 54.7688 33.346 0
      vertex 54.6111 33.4629 31
      vertex 54.7688 33.346 31
    endloop
  endfacet
  facet normal 0.595508 0.80335 0
    outer loop
      vertex 54.6111 33.4629 31
      vertex 54.7688 33.346 0
      vertex 54.6111 33.4629 0
    endloop
  endfacet
  facet normal 0.514196 0.857673 -0
    outer loop
      vertex 54.6111 33.4629 0
      vertex 54.4428 33.5638 31
      vertex 54.6111 33.4629 31
    endloop
  endfacet
  facet normal 0.514196 0.857673 0
    outer loop
      vertex 54.4428 33.5638 31
      vertex 54.6111 33.4629 0
      vertex 54.4428 33.5638 0
    endloop
  endfacet
  facet normal -0.049067 -0.998795 0
    outer loop
      vertex 1.80397 0.0096302 0
      vertex 2 0 31
      vertex 1.80397 0.0096302 31
    endloop
  endfacet
  facet normal -0.049067 -0.998795 -0
    outer loop
      vertex 2 0 31
      vertex 1.80397 0.0096302 0
      vertex 2 0 0
    endloop
  endfacet
  facet normal 0.0489209 0.998803 -0
    outer loop
      vertex 53.696 33.7904 0
      vertex 53.5 33.8 31
      vertex 53.696 33.7904 31
    endloop
  endfacet
  facet normal 0.0489209 0.998803 0
    outer loop
      vertex 53.5 33.8 31
      vertex 53.696 33.7904 0
      vertex 53.5 33.8 0
    endloop
  endfacet
  facet normal -0.427566 -0.903984 0
    outer loop
      vertex 1.05721 0.236157 0
      vertex 1.23463 0.152241 31
      vertex 1.05721 0.236157 31
    endloop
  endfacet
  facet normal -0.427566 -0.903984 -0
    outer loop
      vertex 1.23463 0.152241 31
      vertex 1.05721 0.236157 0
      vertex 1.23463 0.152241 0
    endloop
  endfacet
  facet normal -0.242976 -0.970032 0
    outer loop
      vertex 1.41943 0.0861187 0
      vertex 1.60982 0.0384293 31
      vertex 1.41943 0.0861187 31
    endloop
  endfacet
  facet normal -0.242976 -0.970032 -0
    outer loop
      vertex 1.60982 0.0384293 31
      vertex 1.41943 0.0861187 0
      vertex 1.60982 0.0384293 0
    endloop
  endfacet
  facet normal 0.427955 0.9038 -0
    outer loop
      vertex 54.4428 33.5638 0
      vertex 54.2654 33.6478 31
      vertex 54.4428 33.5638 31
    endloop
  endfacet
  facet normal 0.427955 0.9038 0
    outer loop
      vertex 54.2654 33.6478 31
      vertex 54.4428 33.5638 0
      vertex 54.2654 33.6478 0
    endloop
  endfacet
  facet normal 0.740908 0.671607 0
    outer loop
      vertex 55.046 33.0688 31
      vertex 54.9142 33.2142 0
      vertex 54.9142 33.2142 31
    endloop
  endfacet
  facet normal 0.740908 0.671607 0
    outer loop
      vertex 54.9142 33.2142 0
      vertex 55.046 33.0688 31
      vertex 55.046 33.0688 0
    endloop
  endfacet
  facet normal -0.989177 -0.146729 0
    outer loop
      vertex 0.0384293 1.60982 0
      vertex 0.0096302 1.80397 31
      vertex 0.0096302 1.80397 0
    endloop
  endfacet
  facet normal -0.989177 -0.146729 0
    outer loop
      vertex 0.0096302 1.80397 31
      vertex 0.0384293 1.60982 0
      vertex 0.0384293 1.60982 31
    endloop
  endfacet
  facet normal -0 0 1
    outer loop
      vertex 2 33.8 31
      vertex 53.5 31.8 31
      vertex 53.5 33.8 31
    endloop
  endfacet
  facet normal 0 0 1
    outer loop
      vertex 2 33.8 31
      vertex 2 31.8 31
      vertex 53.5 31.8 31
    endloop
  endfacet
  facet normal -0 0 1
    outer loop
      vertex 1.80397 33.7904 31
      vertex 2 31.8 31
      vertex 2 33.8 31
    endloop
  endfacet
  facet normal 0 0 1
    outer loop
      vertex 2 31.8 31
      vertex 0 31.8 31
      vertex 2 2 31
    endloop
  endfacet
  facet normal -0 0 1
    outer loop
      vertex 1.60982 33.7616 31
      vertex 2 31.8 31
      vertex 1.80397 33.7904 31
    endloop
  endfacet
  facet normal 0 0 1
    outer loop
      vertex 0 2 31
      vertex 2 2 31
      vertex 0 31.8 31
    endloop
  endfacet
  facet normal -0 0 1
    outer loop
      vertex 1.41943 33.7139 31
      vertex 2 31.8 31
      vertex 1.60982 33.7616 31
    endloop
  endfacet
  facet normal 0 -0 1
    outer loop
      vertex 0.0096302 1.80397 31
      vertex 2 2 31
      vertex 0 2 31
    endloop
  endfacet
  facet normal -0 0 1
    outer loop
      vertex 1.23463 33.6478 31
      vertex 2 31.8 31
      vertex 1.41943 33.7139 31
    endloop
  endfacet
  facet normal 0 0 1
    outer loop
      vertex 2 2 31
      vertex 1.80397 0.0096302 31
      vertex 2 0 31
    endloop
  endfacet
  facet normal -0 0 1
    outer loop
      vertex 1.05721 33.5638 31
      vertex 2 31.8 31
      vertex 1.23463 33.6478 31
    endloop
  endfacet
  facet normal 0 0 1
    outer loop
      vertex 2 2 31
      vertex 1.60982 0.0384293 31
      vertex 1.80397 0.0096302 31
    endloop
  endfacet
  facet normal -0 0 1
    outer loop
      vertex 0.888859 33.4629 31
      vertex 2 31.8 31
      vertex 1.05721 33.5638 31
    endloop
  endfacet
  facet normal 0 0 1
    outer loop
      vertex 2 2 31
      vertex 1.41943 0.0861187 31
      vertex 1.60982 0.0384293 31
    endloop
  endfacet
  facet normal -0 0 1
    outer loop
      vertex 0.731213 33.346 31
      vertex 2 31.8 31
      vertex 0.888859 33.4629 31
    endloop
  endfacet
  facet normal 0 0 1
    outer loop
      vertex 2 2 31
      vertex 1.23463 0.152241 31
      vertex 1.41943 0.0861187 31
    endloop
  endfacet
  facet normal -0 0 1
    outer loop
      vertex 0.585786 33.2142 31
      vertex 2 31.8 31
      vertex 0.731213 33.346 31
    endloop
  endfacet
  facet normal 0 0 1
    outer loop
      vertex 2 2 31
      vertex 1.05721 0.236157 31
      vertex 1.23463 0.152241 31
    endloop
  endfacet
  facet normal -0 0 1
    outer loop
      vertex 0.453979 33.0688 31
      vertex 2 31.8 31
      vertex 0.585786 33.2142 31
    endloop
  endfacet
  facet normal 0 0 1
    outer loop
      vertex 2 2 31
      vertex 0.888859 0.33706 31
      vertex 1.05721 0.236157 31
    endloop
  endfacet
  facet normal -0 0 1
    outer loop
      vertex 0.33706 32.9111 31
      vertex 2 31.8 31
      vertex 0.453979 33.0688 31
    endloop
  endfacet
  facet normal 0 0 1
    outer loop
      vertex 2 2 31
      vertex 0.731213 0.453979 31
      vertex 0.888859 0.33706 31
    endloop
  endfacet
  facet normal -0 0 1
    outer loop
      vertex 0.236157 32.7428 31
      vertex 2 31.8 31
      vertex 0.33706 32.9111 31
    endloop
  endfacet
  facet normal 0 0 1
    outer loop
      vertex 2 2 31
      vertex 0.585786 0.585786 31
      vertex 0.731213 0.453979 31
    endloop
  endfacet
  facet normal -0 0 1
    outer loop
      vertex 0.152241 32.5654 31
      vertex 2 31.8 31
      vertex 0.236157 32.7428 31
    endloop
  endfacet
  facet normal 0 0 1
    outer loop
      vertex 2 2 31
      vertex 0.453979 0.731213 31
      vertex 0.585786 0.585786 31
    endloop
  endfacet
  facet normal -0 0 1
    outer loop
      vertex 0.0861187 32.3806 31
      vertex 2 31.8 31
      vertex 0.152241 32.5654 31
    endloop
  endfacet
  facet normal 0 0 1
    outer loop
      vertex 2 2 31
      vertex 0.33706 0.888859 31
      vertex 0.453979 0.731213 31
    endloop
  endfacet
  facet normal -0 0 1
    outer loop
      vertex 0.0384293 32.1902 31
      vertex 2 31.8 31
      vertex 0.0861187 32.3806 31
    endloop
  endfacet
  facet normal 0 0 1
    outer loop
      vertex 2 2 31
      vertex 0.236157 1.05721 31
      vertex 0.33706 0.888859 31
    endloop
  endfacet
  facet normal -0 0 1
    outer loop
      vertex 0.0096302 31.996 31
      vertex 2 31.8 31
      vertex 0.0384293 32.1902 31
    endloop
  endfacet
  facet normal 0 0 1
    outer loop
      vertex 2 2 31
      vertex 0.152241 1.23463 31
      vertex 0.236157 1.05721 31
    endloop
  endfacet
  facet normal 0 0 1
    outer loop
      vertex 2 31.8 31
      vertex 0.0096302 31.996 31
      vertex 0 31.8 31
    endloop
  endfacet
  facet normal 0 0 1
    outer loop
      vertex 2 2 31
      vertex 0.0861187 1.41943 31
      vertex 0.152241 1.23463 31
    endloop
  endfacet
  facet normal 0 0 1
    outer loop
      vertex 2 2 31
      vertex 0.0384293 1.60982 31
      vertex 0.0861187 1.41943 31
    endloop
  endfacet
  facet normal 0 0 1
    outer loop
      vertex 2 2 31
      vertex 0.0096302 1.80397 31
      vertex 0.0384293 1.60982 31
    endloop
  endfacet
  facet normal 0 0 1
    outer loop
      vertex 53.5 31.8 31
      vertex 55.5 31.8 31
      vertex 55.4904 31.996 31
    endloop
  endfacet
  facet normal 0 0 1
    outer loop
      vertex 55.5 31.8 31
      vertex 53.5 31.8 31
      vertex 55.5 2 31
    endloop
  endfacet
  facet normal 0 0 1
    outer loop
      vertex 53.5 31.8 31
      vertex 55.4904 31.996 31
      vertex 55.4616 32.1902 31
    endloop
  endfacet
  facet normal 0 0 1
    outer loop
      vertex 53.5 2 31
      vertex 55.5 2 31
      vertex 53.5 31.8 31
    endloop
  endfacet
  facet normal 0 0 1
    outer loop
      vertex 53.5 31.8 31
      vertex 55.4616 32.1902 31
      vertex 55.4139 32.3806 31
    endloop
  endfacet
  facet normal 0 0 1
    outer loop
      vertex 55.5 2 31
      vertex 53.5 2 31
      vertex 55.4904 1.80397 31
    endloop
  endfacet
  facet normal 0 0 1
    outer loop
      vertex 53.5 31.8 31
      vertex 55.4139 32.3806 31
      vertex 55.3478 32.5654 31
    endloop
  endfacet
  facet normal 0 0 1
    outer loop
      vertex 55.4904 1.80397 31
      vertex 53.5 2 31
      vertex 55.4616 1.60982 31
    endloop
  endfacet
  facet normal 0 0 1
    outer loop
      vertex 53.5 31.8 31
      vertex 55.3478 32.5654 31
      vertex 55.2638 32.7428 31
    endloop
  endfacet
  facet normal 0 0 1
    outer loop
      vertex 55.4616 1.60982 31
      vertex 53.5 2 31
      vertex 55.4139 1.41943 31
    endloop
  endfacet
  facet normal 0 0 1
    outer loop
      vertex 53.5 31.8 31
      vertex 55.2638 32.7428 31
      vertex 55.1629 32.9111 31
    endloop
  endfacet
  facet normal 0 0 1
    outer loop
      vertex 55.4139 1.41943 31
      vertex 53.5 2 31
      vertex 55.3478 1.23463 31
    endloop
  endfacet
  facet normal 0 0 1
    outer loop
      vertex 53.5 31.8 31
      vertex 55.1629 32.9111 31
      vertex 55.046 33.0688 31
    endloop
  endfacet
  facet normal 0 0 1
    outer loop
      vertex 55.3478 1.23463 31
      vertex 53.5 2 31
      vertex 55.2638 1.05721 31
    endloop
  endfacet
  facet normal 0 0 1
    outer loop
      vertex 53.5 31.8 31
      vertex 55.046 33.0688 31
      vertex 54.9142 33.2142 31
    endloop
  endfacet
  facet normal 0 0 1
    outer loop
      vertex 55.2638 1.05721 31
      vertex 53.5 2 31
      vertex 55.1629 0.888859 31
    endloop
  endfacet
  facet normal 0 0 1
    outer loop
      vertex 53.5 31.8 31
      vertex 54.9142 33.2142 31
      vertex 54.7688 33.346 31
    endloop
  endfacet
  facet normal 0 0 1
    outer loop
      vertex 55.1629 0.888859 31
      vertex 53.5 2 31
      vertex 55.046 0.731213 31
    endloop
  endfacet
  facet normal 0 0 1
    outer loop
      vertex 53.5 31.8 31
      vertex 54.7688 33.346 31
      vertex 54.6111 33.4629 31
    endloop
  endfacet
  facet normal 0 0 1
    outer loop
      vertex 55.046 0.731213 31
      vertex 53.5 2 31
      vertex 54.9142 0.585786 31
    endloop
  endfacet
  facet normal 0 0 1
    outer loop
      vertex 53.5 31.8 31
      vertex 54.6111 33.4629 31
      vertex 54.4428 33.5638 31
    endloop
  endfacet
  facet normal 0 0 1
    outer loop
      vertex 54.9142 0.585786 31
      vertex 53.5 2 31
      vertex 54.7688 0.453979 31
    endloop
  endfacet
  facet normal 0 0 1
    outer loop
      vertex 53.5 31.8 31
      vertex 54.4428 33.5638 31
      vertex 54.2654 33.6478 31
    endloop
  endfacet
  facet normal 0 0 1
    outer loop
      vertex 54.7688 0.453979 31
      vertex 53.5 2 31
      vertex 54.6111 0.33706 31
    endloop
  endfacet
  facet normal 0 0 1
    outer loop
      vertex 53.5 31.8 31
      vertex 54.2654 33.6478 31
      vertex 54.0806 33.7139 31
    endloop
  endfacet
  facet normal 0 0 1
    outer loop
      vertex 54.6111 0.33706 31
      vertex 53.5 2 31
      vertex 54.4428 0.236157 31
    endloop
  endfacet
  facet normal 0 0 1
    outer loop
      vertex 53.5 31.8 31
      vertex 54.0806 33.7139 31
      vertex 53.8902 33.7616 31
    endloop
  endfacet
  facet normal 0 0 1
    outer loop
      vertex 54.4428 0.236157 31
      vertex 53.5 2 31
      vertex 54.2654 0.152241 31
    endloop
  endfacet
  facet normal 0 0 1
    outer loop
      vertex 53.5 31.8 31
      vertex 53.8902 33.7616 31
      vertex 53.696 33.7904 31
    endloop
  endfacet
  facet normal 0 0 1
    outer loop
      vertex 54.2654 0.152241 31
      vertex 53.5 2 31
      vertex 54.0806 0.0861187 31
    endloop
  endfacet
  facet normal 0 0 1
    outer loop
      vertex 53.5 31.8 31
      vertex 53.696 33.7904 31
      vertex 53.5 33.8 31
    endloop
  endfacet
  facet normal 0 0 1
    outer loop
      vertex 54.0806 0.0861187 31
      vertex 53.5 2 31
      vertex 53.8902 0.0384293 31
    endloop
  endfacet
  facet normal 0 0 1
    outer loop
      vertex 53.8902 0.0384293 31
      vertex 53.5 2 31
      vertex 53.696 0.0096302 31
    endloop
  endfacet
  facet normal 0 0 1
    outer loop
      vertex 53.5 2 31
      vertex 53.5 0 31
      vertex 53.696 0.0096302 31
    endloop
  endfacet
  facet normal -0 0 1
    outer loop
      vertex 2 2 31
      vertex 53.5 0 31
      vertex 53.5 2 31
    endloop
  endfacet
  facet normal 0 0 1
    outer loop
      vertex 53.5 0 31
      vertex 2 2 31
      vertex 2 0 31
    endloop
  endfacet
  facet normal 0.9038 0.427955 0
    outer loop
      vertex 55.3478 32.5654 31
      vertex 55.2638 32.7428 0
      vertex 55.2638 32.7428 31
    endloop
  endfacet
  facet normal 0.9038 0.427955 0
    outer loop
      vertex 55.2638 32.7428 0
      vertex 55.3478 32.5654 31
      vertex 55.3478 32.5654 0
    endloop
  endfacet
  facet normal -0.941544 -0.336889 0
    outer loop
      vertex 0.152241 1.23463 0
      vertex 0.0861187 1.41943 31
      vertex 0.0861187 1.41943 0
    endloop
  endfacet
  facet normal -0.941544 -0.336889 0
    outer loop
      vertex 0.0861187 1.41943 31
      vertex 0.152241 1.23463 0
      vertex 0.152241 1.23463 31
    endloop
  endfacet
  facet normal -0.514081 0.857741 0
    outer loop
      vertex 1.05721 33.5638 0
      vertex 0.888859 33.4629 31
      vertex 1.05721 33.5638 31
    endloop
  endfacet
  facet normal -0.514081 0.857741 0
    outer loop
      vertex 0.888859 33.4629 31
      vertex 1.05721 33.5638 0
      vertex 0.888859 33.4629 0
    endloop
  endfacet
  facet normal 0.989176 -0.146733 0
    outer loop
      vertex 55.4616 1.60982 31
      vertex 55.4904 1.80397 0
      vertex 55.4904 1.80397 31
    endloop
  endfacet
  facet normal 0.989176 -0.146733 0
    outer loop
      vertex 55.4904 1.80397 0
      vertex 55.4616 1.60982 31
      vertex 55.4616 1.60982 0
    endloop
  endfacet
  facet normal -0.970035 0.242964 0
    outer loop
      vertex 0.0384293 32.1902 0
      vertex 0.0861187 32.3806 31
      vertex 0.0861187 32.3806 0
    endloop
  endfacet
  facet normal -0.970035 0.242964 0
    outer loop
      vertex 0.0861187 32.3806 31
      vertex 0.0384293 32.1902 0
      vertex 0.0384293 32.1902 31
    endloop
  endfacet
  facet normal 0.59557 -0.803303 0
    outer loop
      vertex 54.6111 0.33706 0
      vertex 54.7688 0.453979 31
      vertex 54.6111 0.33706 31
    endloop
  endfacet
  facet normal 0.59557 -0.803303 0
    outer loop
      vertex 54.7688 0.453979 31
      vertex 54.6111 0.33706 0
      vertex 54.7688 0.453979 0
    endloop
  endfacet
  facet normal -0.998795 -0.049067 0
    outer loop
      vertex 0.0096302 1.80397 0
      vertex 0 2 31
      vertex 0 2 0
    endloop
  endfacet
  facet normal -0.998795 -0.049067 0
    outer loop
      vertex 0 2 31
      vertex 0.0096302 1.80397 0
      vertex 0.0096302 1.80397 31
    endloop
  endfacet
  facet normal -0.336889 -0.941544 0
    outer loop
      vertex 1.23463 0.152241 0
      vertex 1.41943 0.0861187 31
      vertex 1.23463 0.152241 31
    endloop
  endfacet
  facet normal -0.336889 -0.941544 -0
    outer loop
      vertex 1.41943 0.0861187 31
      vertex 1.23463 0.152241 0
      vertex 1.41943 0.0861187 0
    endloop
  endfacet
  facet normal -0.970032 -0.242976 0
    outer loop
      vertex 0.0861187 1.41943 0
      vertex 0.0384293 1.60982 31
      vertex 0.0384293 1.60982 0
    endloop
  endfacet
  facet normal -0.970032 -0.242976 0
    outer loop
      vertex 0.0384293 1.60982 31
      vertex 0.0861187 1.41943 0
      vertex 0.0861187 1.41943 31
    endloop
  endfacet
  facet normal 0.74097 -0.671538 0
    outer loop
      vertex 54.9142 0.585786 31
      vertex 55.046 0.731213 0
      vertex 55.046 0.731213 31
    endloop
  endfacet
  facet normal 0.74097 -0.671538 0
    outer loop
      vertex 55.046 0.731213 0
      vertex 54.9142 0.585786 31
      vertex 54.9142 0.585786 0
    endloop
  endfacet
  facet normal 0.427605 -0.903966 0
    outer loop
      vertex 54.2654 0.152241 0
      vertex 54.4428 0.236157 31
      vertex 54.2654 0.152241 31
    endloop
  endfacet
  facet normal 0.427605 -0.903966 0
    outer loop
      vertex 54.4428 0.236157 31
      vertex 54.2654 0.152241 0
      vertex 54.4428 0.236157 0
    endloop
  endfacet
  facet normal 0.970023 0.243015 0
    outer loop
      vertex 55.4616 32.1902 31
      vertex 55.4139 32.3806 0
      vertex 55.4139 32.3806 31
    endloop
  endfacet
  facet normal 0.970023 0.243015 0
    outer loop
      vertex 55.4139 32.3806 0
      vertex 55.4616 32.1902 31
      vertex 55.4616 32.1902 0
    endloop
  endfacet
  facet normal 0.989182 0.146696 0
    outer loop
      vertex 55.4904 31.996 31
      vertex 55.4616 32.1902 0
      vertex 55.4616 32.1902 31
    endloop
  endfacet
  facet normal 0.989182 0.146696 0
    outer loop
      vertex 55.4616 32.1902 0
      vertex 55.4904 31.996 31
      vertex 55.4904 31.996 0
    endloop
  endfacet
  facet normal 0.242964 -0.970035 0
    outer loop
      vertex 53.8902 0.0384293 0
      vertex 54.0806 0.0861187 31
      vertex 53.8902 0.0384293 31
    endloop
  endfacet
  facet normal 0.242964 -0.970035 0
    outer loop
      vertex 54.0806 0.0861187 31
      vertex 53.8902 0.0384293 0
      vertex 54.0806 0.0861187 0
    endloop
  endfacet
  facet normal 0.671626 -0.74089 0
    outer loop
      vertex 54.7688 0.453979 0
      vertex 54.9142 0.585786 31
      vertex 54.7688 0.453979 31
    endloop
  endfacet
  facet normal 0.671626 -0.74089 0
    outer loop
      vertex 54.9142 0.585786 31
      vertex 54.7688 0.453979 0
      vertex 54.9142 0.585786 0
    endloop
  endfacet
  facet normal 0.146696 0.989182 -0
    outer loop
      vertex 53.8902 33.7616 0
      vertex 53.696 33.7904 31
      vertex 53.8902 33.7616 31
    endloop
  endfacet
  facet normal 0.146696 0.989182 0
    outer loop
      vertex 53.696 33.7904 31
      vertex 53.8902 33.7616 0
      vertex 53.696 33.7904 0
    endloop
  endfacet
  facet normal -1 0 0
    outer loop
      vertex 53.5 6 4
      vertex 53.5 2 4
      vertex 53.5 6 21
    endloop
  endfacet
  facet normal -1 0 0
    outer loop
      vertex 53.5 22.9 4
      vertex 53.5 20.2 12
      vertex 53.5 22.9 21
    endloop
  endfacet
  facet normal -1 0 0
    outer loop
      vertex 53.5 22.9 4
      vertex 53.5 20.1841 11.6765
      vertex 53.5 20.2 12
    endloop
  endfacet
  facet normal -1 0 0
    outer loop
      vertex 53.5 22.9 4
      vertex 53.5 20.1366 11.3562
      vertex 53.5 20.1841 11.6765
    endloop
  endfacet
  facet normal -1 0 0
    outer loop
      vertex 53.5 22.9 4
      vertex 53.5 20.0579 11.0421
      vertex 53.5 20.1366 11.3562
    endloop
  endfacet
  facet normal -1 0 0
    outer loop
      vertex 53.5 22.9 4
      vertex 53.5 19.9488 10.7371
      vertex 53.5 20.0579 11.0421
    endloop
  endfacet
  facet normal -1 0 0
    outer loop
      vertex 53.5 22.9 4
      vertex 53.5 19.8103 10.4444
      vertex 53.5 19.9488 10.7371
    endloop
  endfacet
  facet normal -1 0 0
    outer loop
      vertex 53.5 22.9 4
      vertex 53.5 19.6438 10.1666
      vertex 53.5 19.8103 10.4444
    endloop
  endfacet
  facet normal -1 0 0
    outer loop
      vertex 53.5 22.9 4
      vertex 53.5 19.4509 9.9065
      vertex 53.5 19.6438 10.1666
    endloop
  endfacet
  facet normal -1 0 0
    outer loop
      vertex 53.5 22.9 4
      vertex 53.5 19.2335 9.66655
      vertex 53.5 19.4509 9.9065
    endloop
  endfacet
  facet normal -1 0 0
    outer loop
      vertex 53.5 22.9 4
      vertex 53.5 18.9935 9.44907
      vertex 53.5 19.2335 9.66655
    endloop
  endfacet
  facet normal -1 0 0
    outer loop
      vertex 53.5 22.9 4
      vertex 53.5 18.7334 9.25615
      vertex 53.5 18.9935 9.44907
    endloop
  endfacet
  facet normal -1 0 0
    outer loop
      vertex 53.5 22.9 4
      vertex 53.5 18.4556 9.08966
      vertex 53.5 18.7334 9.25615
    endloop
  endfacet
  facet normal -1 0 0
    outer loop
      vertex 53.5 22.9 4
      vertex 53.5 18.1629 8.9512
      vertex 53.5 18.4556 9.08966
    endloop
  endfacet
  facet normal -1 0 0
    outer loop
      vertex 53.5 22.9 4
      vertex 53.5 17.8579 8.8421
      vertex 53.5 18.1629 8.9512
    endloop
  endfacet
  facet normal -1 0 0
    outer loop
      vertex 53.5 22.9 4
      vertex 53.5 17.5438 8.76341
      vertex 53.5 17.8579 8.8421
    endloop
  endfacet
  facet normal -1 0 0
    outer loop
      vertex 53.5 22.9 4
      vertex 53.5 17.2235 8.71589
      vertex 53.5 17.5438 8.76341
    endloop
  endfacet
  facet normal -1 0 0
    outer loop
      vertex 53.5 22.9 4
      vertex 53.5 16.9 8.7
      vertex 53.5 17.2235 8.71589
    endloop
  endfacet
  facet normal -1 0 0
    outer loop
      vertex 53.5 10.9 4
      vertex 53.5 16.9 8.7
      vertex 53.5 22.9 4
    endloop
  endfacet
  facet normal -1 -0 0
    outer loop
      vertex 53.5 16.9 8.7
      vertex 53.5 10.9 4
      vertex 53.5 16.5765 8.71589
    endloop
  endfacet
  facet normal -1 -0 0
    outer loop
      vertex 53.5 16.5765 8.71589
      vertex 53.5 10.9 4
      vertex 53.5 16.2562 8.76341
    endloop
  endfacet
  facet normal -1 -0 0
    outer loop
      vertex 53.5 16.2562 8.76341
      vertex 53.5 10.9 4
      vertex 53.5 15.9421 8.8421
    endloop
  endfacet
  facet normal -1 -0 0
    outer loop
      vertex 53.5 15.9421 8.8421
      vertex 53.5 10.9 4
      vertex 53.5 15.6371 8.9512
    endloop
  endfacet
  facet normal -1 -0 0
    outer loop
      vertex 53.5 15.6371 8.9512
      vertex 53.5 10.9 4
      vertex 53.5 15.3444 9.08966
    endloop
  endfacet
  facet normal -1 -0 0
    outer loop
      vertex 53.5 13.6159 11.6765
      vertex 53.5 10.9 4
      vertex 53.5 13.6 12
    endloop
  endfacet
  facet normal -1 -0 0
    outer loop
      vertex 53.5 13.6634 11.3562
      vertex 53.5 10.9 4
      vertex 53.5 13.6159 11.6765
    endloop
  endfacet
  facet normal -1 -0 0
    outer loop
      vertex 53.5 13.7421 11.0421
      vertex 53.5 10.9 4
      vertex 53.5 13.6634 11.3562
    endloop
  endfacet
  facet normal -1 -0 0
    outer loop
      vertex 53.5 13.8512 10.7371
      vertex 53.5 10.9 4
      vertex 53.5 13.7421 11.0421
    endloop
  endfacet
  facet normal -1 -0 0
    outer loop
      vertex 53.5 13.9897 10.4444
      vertex 53.5 10.9 4
      vertex 53.5 13.8512 10.7371
    endloop
  endfacet
  facet normal -1 -0 0
    outer loop
      vertex 53.5 14.1561 10.1666
      vertex 53.5 10.9 4
      vertex 53.5 13.9897 10.4444
    endloop
  endfacet
  facet normal -1 -0 0
    outer loop
      vertex 53.5 14.3491 9.9065
      vertex 53.5 10.9 4
      vertex 53.5 14.1561 10.1666
    endloop
  endfacet
  facet normal -1 -0 0
    outer loop
      vertex 53.5 14.5665 9.66655
      vertex 53.5 10.9 4
      vertex 53.5 14.3491 9.9065
    endloop
  endfacet
  facet normal -1 -0 0
    outer loop
      vertex 53.5 14.8065 9.44907
      vertex 53.5 10.9 4
      vertex 53.5 14.5665 9.66655
    endloop
  endfacet
  facet normal -1 -0 0
    outer loop
      vertex 53.5 15.0666 9.25615
      vertex 53.5 10.9 4
      vertex 53.5 14.8065 9.44907
    endloop
  endfacet
  facet normal -1 -0 0
    outer loop
      vertex 53.5 15.3444 9.08966
      vertex 53.5 10.9 4
      vertex 53.5 15.0666 9.25615
    endloop
  endfacet
  facet normal -1 0 0
    outer loop
      vertex 53.5 27.8 21
      vertex 53.5 31.8 4
      vertex 53.5 27.8 4
    endloop
  endfacet
  facet normal -1 0 0
    outer loop
      vertex 53.5 31.8 4
      vertex 53.5 27.8 21
      vertex 53.5 31.8 31
    endloop
  endfacet
  facet normal -1 0 0
    outer loop
      vertex 53.5 22.9 21
      vertex 53.5 31.8 31
      vertex 53.5 27.8 21
    endloop
  endfacet
  facet normal -1 0 0
    outer loop
      vertex 53.5 20.1841 12.3235
      vertex 53.5 22.9 21
      vertex 53.5 20.2 12
    endloop
  endfacet
  facet normal -1 0 0
    outer loop
      vertex 53.5 20.1366 12.6438
      vertex 53.5 22.9 21
      vertex 53.5 20.1841 12.3235
    endloop
  endfacet
  facet normal -1 0 0
    outer loop
      vertex 53.5 20.0579 12.9579
      vertex 53.5 22.9 21
      vertex 53.5 20.1366 12.6438
    endloop
  endfacet
  facet normal -1 0 0
    outer loop
      vertex 53.5 19.9488 13.2629
      vertex 53.5 22.9 21
      vertex 53.5 20.0579 12.9579
    endloop
  endfacet
  facet normal -1 0 0
    outer loop
      vertex 53.5 19.8103 13.5556
      vertex 53.5 22.9 21
      vertex 53.5 19.9488 13.2629
    endloop
  endfacet
  facet normal -1 0 0
    outer loop
      vertex 53.5 19.6438 13.8334
      vertex 53.5 22.9 21
      vertex 53.5 19.8103 13.5556
    endloop
  endfacet
  facet normal -1 0 0
    outer loop
      vertex 53.5 19.4509 14.0935
      vertex 53.5 22.9 21
      vertex 53.5 19.6438 13.8334
    endloop
  endfacet
  facet normal -1 0 0
    outer loop
      vertex 53.5 19.2335 14.3335
      vertex 53.5 22.9 21
      vertex 53.5 19.4509 14.0935
    endloop
  endfacet
  facet normal -1 0 0
    outer loop
      vertex 53.5 18.9935 14.5509
      vertex 53.5 22.9 21
      vertex 53.5 19.2335 14.3335
    endloop
  endfacet
  facet normal -1 0 0
    outer loop
      vertex 53.5 18.7334 14.7438
      vertex 53.5 22.9 21
      vertex 53.5 18.9935 14.5509
    endloop
  endfacet
  facet normal -1 0 0
    outer loop
      vertex 53.5 18.4556 14.9103
      vertex 53.5 22.9 21
      vertex 53.5 18.7334 14.7438
    endloop
  endfacet
  facet normal -1 0 0
    outer loop
      vertex 53.5 18.1629 15.0488
      vertex 53.5 22.9 21
      vertex 53.5 18.4556 14.9103
    endloop
  endfacet
  facet normal -1 0 0
    outer loop
      vertex 53.5 17.8579 15.1579
      vertex 53.5 22.9 21
      vertex 53.5 18.1629 15.0488
    endloop
  endfacet
  facet normal -1 0 0
    outer loop
      vertex 53.5 17.5438 15.2366
      vertex 53.5 22.9 21
      vertex 53.5 17.8579 15.1579
    endloop
  endfacet
  facet normal -1 0 0
    outer loop
      vertex 53.5 17.2235 15.2841
      vertex 53.5 22.9 21
      vertex 53.5 17.5438 15.2366
    endloop
  endfacet
  facet normal -1 0 0
    outer loop
      vertex 53.5 16.9 15.3
      vertex 53.5 22.9 21
      vertex 53.5 17.2235 15.2841
    endloop
  endfacet
  facet normal -1 -0 0
    outer loop
      vertex 53.5 22.9 21
      vertex 53.5 16.9 15.3
      vertex 53.5 10.9 21
    endloop
  endfacet
  facet normal -1 0 0
    outer loop
      vertex 53.5 10.9 21
      vertex 53.5 16.9 15.3
      vertex 53.5 16.5765 15.2841
    endloop
  endfacet
  facet normal -1 0 0
    outer loop
      vertex 53.5 10.9 21
      vertex 53.5 16.5765 15.2841
      vertex 53.5 16.2562 15.2366
    endloop
  endfacet
  facet normal -1 0 0
    outer loop
      vertex 53.5 10.9 21
      vertex 53.5 16.2562 15.2366
      vertex 53.5 15.9421 15.1579
    endloop
  endfacet
  facet normal -1 0 0
    outer loop
      vertex 53.5 10.9 21
      vertex 53.5 15.9421 15.1579
      vertex 53.5 15.6371 15.0488
    endloop
  endfacet
  facet normal -1 0 0
    outer loop
      vertex 53.5 10.9 21
      vertex 53.5 15.6371 15.0488
      vertex 53.5 15.3444 14.9103
    endloop
  endfacet
  facet normal -1 0 0
    outer loop
      vertex 53.5 10.9 21
      vertex 53.5 15.3444 14.9103
      vertex 53.5 15.0666 14.7438
    endloop
  endfacet
  facet normal -1 0 0
    outer loop
      vertex 53.5 10.9 21
      vertex 53.5 15.0666 14.7438
      vertex 53.5 14.8065 14.5509
    endloop
  endfacet
  facet normal -1 0 0
    outer loop
      vertex 53.5 10.9 21
      vertex 53.5 14.8065 14.5509
      vertex 53.5 14.5665 14.3335
    endloop
  endfacet
  facet normal -1 0 0
    outer loop
      vertex 53.5 10.9 21
      vertex 53.5 13.6 12
      vertex 53.5 10.9 4
    endloop
  endfacet
  facet normal -1 0 0
    outer loop
      vertex 53.5 13.6 12
      vertex 53.5 10.9 21
      vertex 53.5 13.6159 12.3235
    endloop
  endfacet
  facet normal -1 0 0
    outer loop
      vertex 53.5 13.6159 12.3235
      vertex 53.5 10.9 21
      vertex 53.5 13.6634 12.6438
    endloop
  endfacet
  facet normal -1 0 0
    outer loop
      vertex 53.5 13.6634 12.6438
      vertex 53.5 10.9 21
      vertex 53.5 13.7421 12.9579
    endloop
  endfacet
  facet normal -1 0 0
    outer loop
      vertex 53.5 10.9 21
      vertex 53.5 13.8512 13.2629
      vertex 53.5 13.7421 12.9579
    endloop
  endfacet
  facet normal -1 0 0
    outer loop
      vertex 53.5 10.9 21
      vertex 53.5 13.9897 13.5556
      vertex 53.5 13.8512 13.2629
    endloop
  endfacet
  facet normal -1 0 0
    outer loop
      vertex 53.5 10.9 21
      vertex 53.5 14.1561 13.8334
      vertex 53.5 13.9897 13.5556
    endloop
  endfacet
  facet normal -1 0 0
    outer loop
      vertex 53.5 10.9 21
      vertex 53.5 14.3491 14.0935
      vertex 53.5 14.1561 13.8334
    endloop
  endfacet
  facet normal -1 0 0
    outer loop
      vertex 53.5 10.9 21
      vertex 53.5 14.5665 14.3335
      vertex 53.5 14.3491 14.0935
    endloop
  endfacet
  facet normal -1 0 0
    outer loop
      vertex 53.5 22.9 21
      vertex 53.5 10.9 21
      vertex 53.5 31.8 31
    endloop
  endfacet
  facet normal -1 0 0
    outer loop
      vertex 53.5 2 31
      vertex 53.5 10.9 21
      vertex 53.5 6 21
    endloop
  endfacet
  facet normal -1 0 0
    outer loop
      vertex 53.5 10.9 21
      vertex 53.5 2 31
      vertex 53.5 31.8 31
    endloop
  endfacet
  facet normal -1 0 0
    outer loop
      vertex 53.5 2 31
      vertex 53.5 6 21
      vertex 53.5 2 4
    endloop
  endfacet
  facet normal -0 0 1
    outer loop
      vertex 2 22.9 4
      vertex 6.5 10.9 4
      vertex 6.5 22.9 4
    endloop
  endfacet
  facet normal 0 0 1
    outer loop
      vertex 6.5 10.9 4
      vertex 2 22.9 4
      vertex 2 10.9 4
    endloop
  endfacet
  facet normal 0 0 1
    outer loop
      vertex 53.5 31.8 4
      vertex 49 27.8 4
      vertex 53.5 27.8 4
    endloop
  endfacet
  facet normal 0 0 1
    outer loop
      vertex 6.5 22.9 4
      vertex 49 22.9 4
      vertex 49 27.8 4
    endloop
  endfacet
  facet normal 0 0 1
    outer loop
      vertex 49 22.9 4
      vertex 6.5 22.9 4
      vertex 49 10.9 4
    endloop
  endfacet
  facet normal 0 0 1
    outer loop
      vertex 6.5 22.9 4
      vertex 49 27.8 4
      vertex 6.5 27.8 4
    endloop
  endfacet
  facet normal 0 0 1
    outer loop
      vertex 53.5 31.8 4
      vertex 6.5 27.8 4
      vertex 49 27.8 4
    endloop
  endfacet
  facet normal -0 0 1
    outer loop
      vertex 2 31.8 4
      vertex 6.5 27.8 4
      vertex 53.5 31.8 4
    endloop
  endfacet
  facet normal 0 0 1
    outer loop
      vertex 6.5 27.8 4
      vertex 2 31.8 4
      vertex 2 27.8 4
    endloop
  endfacet
  facet normal -0 0 1
    outer loop
      vertex 49 22.9 4
      vertex 53.5 10.9 4
      vertex 53.5 22.9 4
    endloop
  endfacet
  facet normal 0 0 1
    outer loop
      vertex 53.5 10.9 4
      vertex 49 22.9 4
      vertex 49 10.9 4
    endloop
  endfacet
  facet normal -0 0 1
    outer loop
      vertex 49 6 4
      vertex 53.5 2 4
      vertex 53.5 6 4
    endloop
  endfacet
  facet normal 0 0 1
    outer loop
      vertex 6.5 10.9 4
      vertex 49 10.9 4
      vertex 6.5 22.9 4
    endloop
  endfacet
  facet normal 0 0 1
    outer loop
      vertex 49 10.9 4
      vertex 6.5 10.9 4
      vertex 49 6 4
    endloop
  endfacet
  facet normal 0 0 1
    outer loop
      vertex 6.5 6 4
      vertex 49 6 4
      vertex 6.5 10.9 4
    endloop
  endfacet
  facet normal 0 0 1
    outer loop
      vertex 49 6 4
      vertex 6.5 6 4
      vertex 53.5 2 4
    endloop
  endfacet
  facet normal 0 0 1
    outer loop
      vertex 2 2 4
      vertex 6.5 6 4
      vertex 2 6 4
    endloop
  endfacet
  facet normal 0 0 1
    outer loop
      vertex 6.5 6 4
      vertex 2 2 4
      vertex 53.5 2 4
    endloop
  endfacet
  facet normal 1 0 0
    outer loop
      vertex 2 31.8 31
      vertex 2 27.8 21
      vertex 2 31.8 4
    endloop
  endfacet
  facet normal 1 0 0
    outer loop
      vertex 2 31.8 31
      vertex 2 22.9 27.7
      vertex 2 27.8 21
    endloop
  endfacet
  facet normal 1 0 0
    outer loop
      vertex 2 31.8 31
      vertex 2 10.9 27.7
      vertex 2 22.9 27.7
    endloop
  endfacet
  facet normal 1 0 0
    outer loop
      vertex 2 10.9 27.7
      vertex 2 6 21
      vertex 2 10.9 21
    endloop
  endfacet
  facet normal 1 -0 0
    outer loop
      vertex 2 2 31
      vertex 2 10.9 27.7
      vertex 2 31.8 31
    endloop
  endfacet
  facet normal 1 0 0
    outer loop
      vertex 2 2 31
      vertex 2 6 21
      vertex 2 10.9 27.7
    endloop
  endfacet
  facet normal 1 0 0
    outer loop
      vertex 2 2 4
      vertex 2 6 21
      vertex 2 2 31
    endloop
  endfacet
  facet normal 1 0 0
    outer loop
      vertex 2 6 21
      vertex 2 2 4
      vertex 2 6 4
    endloop
  endfacet
  facet normal 1 0 0
    outer loop
      vertex 2 31.8 4
      vertex 2 27.8 21
      vertex 2 27.8 4
    endloop
  endfacet
  facet normal 1 0 0
    outer loop
      vertex 2 27.8 21
      vertex 2 22.9 27.7
      vertex 2 22.9 21
    endloop
  endfacet
  facet normal 1 -0 0
    outer loop
      vertex 2 10.9 20.7
      vertex 2 22.9 4
      vertex 2 22.9 20.7
    endloop
  endfacet
  facet normal 1 0 0
    outer loop
      vertex 2 22.9 4
      vertex 2 10.9 20.7
      vertex 2 10.9 4
    endloop
  endfacet
  facet normal 0 -1 0
    outer loop
      vertex 38.4 31.8 10
      vertex 42 31.8 22
      vertex 38.4 31.8 22
    endloop
  endfacet
  facet normal 0 -1 -0
    outer loop
      vertex 42 31.8 22
      vertex 38.4 31.8 10
      vertex 42 31.8 10
    endloop
  endfacet
  facet normal 0 -1 0
    outer loop
      vertex 32.4 31.8 10
      vertex 36 31.8 22
      vertex 32.4 31.8 22
    endloop
  endfacet
  facet normal 0 -1 -0
    outer loop
      vertex 36 31.8 22
      vertex 32.4 31.8 10
      vertex 36 31.8 10
    endloop
  endfacet
  facet normal 0 -1 0
    outer loop
      vertex 26.4 31.8 10
      vertex 30 31.8 22
      vertex 26.4 31.8 22
    endloop
  endfacet
  facet normal 0 -1 -0
    outer loop
      vertex 30 31.8 22
      vertex 26.4 31.8 10
      vertex 30 31.8 10
    endloop
  endfacet
  facet normal 0 -1 0
    outer loop
      vertex 20.4 31.8 10
      vertex 24 31.8 22
      vertex 20.4 31.8 22
    endloop
  endfacet
  facet normal 0 -1 -0
    outer loop
      vertex 24 31.8 22
      vertex 20.4 31.8 10
      vertex 24 31.8 10
    endloop
  endfacet
  facet normal 0 -1 0
    outer loop
      vertex 14.4 31.8 10
      vertex 18 31.8 22
      vertex 14.4 31.8 22
    endloop
  endfacet
  facet normal 0 -1 -0
    outer loop
      vertex 18 31.8 22
      vertex 14.4 31.8 10
      vertex 18 31.8 10
    endloop
  endfacet
  facet normal 0 -1 0
    outer loop
      vertex 14.4 31.8 22
      vertex 2 31.8 31
      vertex 12 31.8 22
    endloop
  endfacet
  facet normal 0 -1 0
    outer loop
      vertex 2 31.8 4
      vertex 12 31.8 22
      vertex 2 31.8 31
    endloop
  endfacet
  facet normal 0 -1 0
    outer loop
      vertex 2 31.8 4
      vertex 14.4 31.8 10
      vertex 12 31.8 10
    endloop
  endfacet
  facet normal 0 -1 -0
    outer loop
      vertex 14.4 31.8 10
      vertex 2 31.8 4
      vertex 18 31.8 10
    endloop
  endfacet
  facet normal 0 -1 -0
    outer loop
      vertex 18 31.8 10
      vertex 2 31.8 4
      vertex 20.4 31.8 10
    endloop
  endfacet
  facet normal 0 -1 -0
    outer loop
      vertex 20.4 31.8 10
      vertex 2 31.8 4
      vertex 24 31.8 10
    endloop
  endfacet
  facet normal 0 -1 -0
    outer loop
      vertex 24 31.8 10
      vertex 2 31.8 4
      vertex 26.4 31.8 10
    endloop
  endfacet
  facet normal 0 -1 -0
    outer loop
      vertex 26.4 31.8 10
      vertex 2 31.8 4
      vertex 30 31.8 10
    endloop
  endfacet
  facet normal 0 -1 0
    outer loop
      vertex 53.5 31.8 4
      vertex 30 31.8 10
      vertex 2 31.8 4
    endloop
  endfacet
  facet normal 0 -1 0
    outer loop
      vertex 30 31.8 10
      vertex 53.5 31.8 4
      vertex 32.4 31.8 10
    endloop
  endfacet
  facet normal 0 -1 0
    outer loop
      vertex 32.4 31.8 10
      vertex 53.5 31.8 4
      vertex 36 31.8 10
    endloop
  endfacet
  facet normal 0 -1 0
    outer loop
      vertex 36 31.8 10
      vertex 53.5 31.8 4
      vertex 38.4 31.8 10
    endloop
  endfacet
  facet normal 0 -1 0
    outer loop
      vertex 38.4 31.8 10
      vertex 53.5 31.8 4
      vertex 42 31.8 10
    endloop
  endfacet
  facet normal 0 -1 -0
    outer loop
      vertex 12 31.8 22
      vertex 2 31.8 4
      vertex 12 31.8 10
    endloop
  endfacet
  facet normal 0 -1 0
    outer loop
      vertex 18 31.8 22
      vertex 2 31.8 31
      vertex 14.4 31.8 22
    endloop
  endfacet
  facet normal 0 -1 0
    outer loop
      vertex 20.4 31.8 22
      vertex 2 31.8 31
      vertex 18 31.8 22
    endloop
  endfacet
  facet normal 0 -1 0
    outer loop
      vertex 24 31.8 22
      vertex 2 31.8 31
      vertex 20.4 31.8 22
    endloop
  endfacet
  facet normal 0 -1 0
    outer loop
      vertex 26.4 31.8 22
      vertex 2 31.8 31
      vertex 24 31.8 22
    endloop
  endfacet
  facet normal 0 -1 0
    outer loop
      vertex 2 31.8 31
      vertex 26.4 31.8 22
      vertex 53.5 31.8 31
    endloop
  endfacet
  facet normal 0 -1 0
    outer loop
      vertex 30 31.8 22
      vertex 53.5 31.8 31
      vertex 26.4 31.8 22
    endloop
  endfacet
  facet normal 0 -1 0
    outer loop
      vertex 32.4 31.8 22
      vertex 53.5 31.8 31
      vertex 30 31.8 22
    endloop
  endfacet
  facet normal 0 -1 0
    outer loop
      vertex 36 31.8 22
      vertex 53.5 31.8 31
      vertex 32.4 31.8 22
    endloop
  endfacet
  facet normal 0 -1 0
    outer loop
      vertex 38.4 31.8 22
      vertex 53.5 31.8 31
      vertex 36 31.8 22
    endloop
  endfacet
  facet normal 0 -1 0
    outer loop
      vertex 42 31.8 22
      vertex 53.5 31.8 31
      vertex 38.4 31.8 22
    endloop
  endfacet
  facet normal 0 -1 0
    outer loop
      vertex 44.4 31.8 22
      vertex 53.5 31.8 31
      vertex 42 31.8 22
    endloop
  endfacet
  facet normal 0 -1 0
    outer loop
      vertex 53.5 31.8 4
      vertex 44.4 31.8 22
      vertex 44.4 31.8 10
    endloop
  endfacet
  facet normal 0 -1 0
    outer loop
      vertex 44.4 31.8 22
      vertex 53.5 31.8 4
      vertex 53.5 31.8 31
    endloop
  endfacet
  facet normal 0 -1 0
    outer loop
      vertex 42 31.8 10
      vertex 53.5 31.8 4
      vertex 44.4 31.8 10
    endloop
  endfacet
  facet normal 0 1 0
    outer loop
      vertex 53.5 2 31
      vertex 22 2 11
      vertex 2 2 31
    endloop
  endfacet
  facet normal 0 1 -0
    outer loop
      vertex 53.5 2 4
      vertex 22 2 11
      vertex 53.5 2 31
    endloop
  endfacet
  facet normal 0 1 0
    outer loop
      vertex 2 2 4
      vertex 22 2 5
      vertex 53.5 2 4
    endloop
  endfacet
  facet normal 0 1 0
    outer loop
      vertex 22 2 11
      vertex 53.5 2 4
      vertex 22 2 5
    endloop
  endfacet
  facet normal 0 1 -0
    outer loop
      vertex 10 2 11
      vertex 2 2 31
      vertex 22 2 11
    endloop
  endfacet
  facet normal 0 1 0
    outer loop
      vertex 2 2 4
      vertex 10 2 11
      vertex 10 2 5
    endloop
  endfacet
  facet normal 0 1 0
    outer loop
      vertex 10 2 11
      vertex 2 2 4
      vertex 2 2 31
    endloop
  endfacet
  facet normal 0 1 0
    outer loop
      vertex 22 2 5
      vertex 2 2 4
      vertex 10 2 5
    endloop
  endfacet
  facet normal 0 0 -1
    outer loop
      vertex 0 10.9 27.7
      vertex 2 22.9 27.7
      vertex 2 10.9 27.7
    endloop
  endfacet
  facet normal -0 0 -1
    outer loop
      vertex 2 22.9 27.7
      vertex 0 10.9 27.7
      vertex 0 22.9 27.7
    endloop
  endfacet
  facet normal -0 0 1
    outer loop
      vertex 0 22.9 20.7
      vertex 2 10.9 20.7
      vertex 2 22.9 20.7
    endloop
  endfacet
  facet normal 0 0 1
    outer loop
      vertex 2 10.9 20.7
      vertex 0 22.9 20.7
      vertex 0 10.9 20.7
    endloop
  endfacet
  facet normal 0 -1 0
    outer loop
      vertex 0 22.9 27.7
      vertex 2 22.9 21
      vertex 2 22.9 27.7
    endloop
  endfacet
  facet normal 0 -1 0
    outer loop
      vertex 0 22.9 20.7
      vertex 2 22.9 21
      vertex 0 22.9 27.7
    endloop
  endfacet
  facet normal 0 -1 -0
    outer loop
      vertex 2 22.9 21
      vertex 0 22.9 20.7
      vertex 2 22.9 20.7
    endloop
  endfacet
  facet normal 0 1 -0
    outer loop
      vertex 2 10.9 21
      vertex 0 10.9 27.7
      vertex 2 10.9 27.7
    endloop
  endfacet
  facet normal 0 1 0
    outer loop
      vertex 0 10.9 20.7
      vertex 2 10.9 21
      vertex 2 10.9 20.7
    endloop
  endfacet
  facet normal 0 1 0
    outer loop
      vertex 2 10.9 21
      vertex 0 10.9 20.7
      vertex 0 10.9 27.7
    endloop
  endfacet
  facet normal 0 -0.243015 0.970022
    outer loop
      vertex 53.5 17.8579 8.8421
      vertex 55.5 17.5438 8.76341
      vertex 55.5 17.8579 8.8421
    endloop
  endfacet
  facet normal 0 -0.243015 0.970022
    outer loop
      vertex 55.5 17.5438 8.76341
      vertex 53.5 17.8579 8.8421
      vertex 53.5 17.5438 8.76341
    endloop
  endfacet
  facet normal 0 -0.803212 0.595693
    outer loop
      vertex 53.5 19.4509 9.9065
      vertex 55.5 19.6438 10.1666
      vertex 53.5 19.6438 10.1666
    endloop
  endfacet
  facet normal 0 -0.803212 0.595693
    outer loop
      vertex 55.5 19.6438 10.1666
      vertex 53.5 19.4509 9.9065
      vertex 55.5 19.4509 9.9065
    endloop
  endfacet
  facet normal 0 -0.336806 -0.941574
    outer loop
      vertex 53.5 17.8579 15.1579
      vertex 55.5 18.1629 15.0488
      vertex 55.5 17.8579 15.1579
    endloop
  endfacet
  facet normal -0 -0.336806 -0.941574
    outer loop
      vertex 55.5 18.1629 15.0488
      vertex 53.5 17.8579 15.1579
      vertex 53.5 18.1629 15.0488
    endloop
  endfacet
  facet normal 0 -0.941574 -0.336806
    outer loop
      vertex 53.5 20.0579 12.9579
      vertex 55.5 19.9488 13.2629
      vertex 53.5 19.9488 13.2629
    endloop
  endfacet
  facet normal 0 -0.941574 -0.336806
    outer loop
      vertex 55.5 19.9488 13.2629
      vertex 53.5 20.0579 12.9579
      vertex 55.5 20.0579 12.9579
    endloop
  endfacet
  facet normal 0 -0.903914 -0.427715
    outer loop
      vertex 53.5 19.9488 13.2629
      vertex 55.5 19.8103 13.5556
      vertex 53.5 19.8103 13.5556
    endloop
  endfacet
  facet normal 0 -0.903914 -0.427715
    outer loop
      vertex 55.5 19.8103 13.5556
      vertex 53.5 19.9488 13.2629
      vertex 55.5 19.9488 13.2629
    endloop
  endfacet
  facet normal -0 0.595733 0.803183
    outer loop
      vertex 53.5 15.0666 9.25615
      vertex 55.5 14.8065 9.44907
      vertex 55.5 15.0666 9.25615
    endloop
  endfacet
  facet normal 0 0.595733 0.803183
    outer loop
      vertex 55.5 14.8065 9.44907
      vertex 53.5 15.0666 9.25615
      vertex 53.5 14.8065 9.44907
    endloop
  endfacet
  facet normal 0 -0.0490599 0.998796
    outer loop
      vertex 53.5 17.2235 8.71589
      vertex 55.5 16.9 8.7
      vertex 55.5 17.2235 8.71589
    endloop
  endfacet
  facet normal 0 -0.0490599 0.998796
    outer loop
      vertex 55.5 16.9 8.7
      vertex 53.5 17.2235 8.71589
      vertex 53.5 16.9 8.7
    endloop
  endfacet
  facet normal 0 -0.741071 0.671427
    outer loop
      vertex 53.5 19.2335 9.66655
      vertex 55.5 19.4509 9.9065
      vertex 53.5 19.4509 9.9065
    endloop
  endfacet
  facet normal 0 -0.741071 0.671427
    outer loop
      vertex 55.5 19.4509 9.9065
      vertex 53.5 19.2335 9.66655
      vertex 55.5 19.2335 9.66655
    endloop
  endfacet
  facet normal 0 0.514087 -0.857738
    outer loop
      vertex 53.5 15.0666 14.7438
      vertex 55.5 15.3444 14.9103
      vertex 55.5 15.0666 14.7438
    endloop
  endfacet
  facet normal 0 0.514087 -0.857738
    outer loop
      vertex 55.5 15.3444 14.9103
      vertex 53.5 15.0666 14.7438
      vertex 53.5 15.3444 14.9103
    endloop
  endfacet
  facet normal 0 0.903914 0.427715
    outer loop
      vertex 55.5 13.9897 10.4444
      vertex 53.5 13.8512 10.7371
      vertex 55.5 13.8512 10.7371
    endloop
  endfacet
  facet normal 0 0.903914 0.427715
    outer loop
      vertex 53.5 13.8512 10.7371
      vertex 55.5 13.9897 10.4444
      vertex 53.5 13.9897 10.4444
    endloop
  endfacet
  facet normal 0 0.146694 -0.989182
    outer loop
      vertex 53.5 16.2562 15.2366
      vertex 55.5 16.5765 15.2841
      vertex 55.5 16.2562 15.2366
    endloop
  endfacet
  facet normal 0 0.146694 -0.989182
    outer loop
      vertex 55.5 16.5765 15.2841
      vertex 53.5 16.2562 15.2366
      vertex 53.5 16.5765 15.2841
    endloop
  endfacet
  facet normal 0 -0.857738 0.514087
    outer loop
      vertex 53.5 19.6438 10.1666
      vertex 55.5 19.8103 10.4444
      vertex 53.5 19.8103 10.4444
    endloop
  endfacet
  facet normal 0 -0.857738 0.514087
    outer loop
      vertex 55.5 19.8103 10.4444
      vertex 53.5 19.6438 10.1666
      vertex 55.5 19.6438 10.1666
    endloop
  endfacet
  facet normal 0 -0.903914 0.427715
    outer loop
      vertex 53.5 19.8103 10.4444
      vertex 55.5 19.9488 10.7371
      vertex 53.5 19.9488 10.7371
    endloop
  endfacet
  facet normal 0 -0.903914 0.427715
    outer loop
      vertex 55.5 19.9488 10.7371
      vertex 53.5 19.8103 10.4444
      vertex 55.5 19.8103 10.4444
    endloop
  endfacet
  facet normal 0 0.0490907 -0.998794
    outer loop
      vertex 53.5 16.5765 15.2841
      vertex 55.5 16.9 15.3
      vertex 55.5 16.5765 15.2841
    endloop
  endfacet
  facet normal 0 0.0490907 -0.998794
    outer loop
      vertex 55.5 16.9 15.3
      vertex 53.5 16.5765 15.2841
      vertex 53.5 16.9 15.3
    endloop
  endfacet
  facet normal 0 0.903914 -0.427715
    outer loop
      vertex 55.5 13.8512 13.2629
      vertex 53.5 13.9897 13.5556
      vertex 55.5 13.9897 13.5556
    endloop
  endfacet
  facet normal 0 0.903914 -0.427715
    outer loop
      vertex 53.5 13.9897 13.5556
      vertex 55.5 13.8512 13.2629
      vertex 53.5 13.8512 13.2629
    endloop
  endfacet
  facet normal 0 0.803065 -0.595892
    outer loop
      vertex 55.5 14.1561 13.8334
      vertex 53.5 14.3491 14.0935
      vertex 55.5 14.3491 14.0935
    endloop
  endfacet
  facet normal 0 0.803065 -0.595892
    outer loop
      vertex 53.5 14.3491 14.0935
      vertex 55.5 14.1561 13.8334
      vertex 53.5 14.1561 13.8334
    endloop
  endfacet
  facet normal -0 0.427614 0.903962
    outer loop
      vertex 53.5 15.6371 8.9512
      vertex 55.5 15.3444 9.08966
      vertex 55.5 15.6371 8.9512
    endloop
  endfacet
  facet normal 0 0.427614 0.903962
    outer loop
      vertex 55.5 15.3444 9.08966
      vertex 53.5 15.6371 8.9512
      vertex 53.5 15.3444 9.08966
    endloop
  endfacet
  facet normal 0 -0.595733 0.803183
    outer loop
      vertex 53.5 18.9935 9.44907
      vertex 55.5 18.7334 9.25615
      vertex 55.5 18.9935 9.44907
    endloop
  endfacet
  facet normal 0 -0.595733 0.803183
    outer loop
      vertex 55.5 18.7334 9.25615
      vertex 53.5 18.9935 9.44907
      vertex 53.5 18.7334 9.25615
    endloop
  endfacet
  facet normal 0 0.803065 0.595892
    outer loop
      vertex 55.5 14.3491 9.9065
      vertex 53.5 14.1561 10.1666
      vertex 55.5 14.1561 10.1666
    endloop
  endfacet
  facet normal 0 0.803065 0.595892
    outer loop
      vertex 53.5 14.1561 10.1666
      vertex 55.5 14.3491 9.9065
      vertex 53.5 14.3491 9.9065
    endloop
  endfacet
  facet normal 0 -0.941574 0.336806
    outer loop
      vertex 53.5 19.9488 10.7371
      vertex 55.5 20.0579 11.0421
      vertex 53.5 20.0579 11.0421
    endloop
  endfacet
  facet normal 0 -0.941574 0.336806
    outer loop
      vertex 55.5 20.0579 11.0421
      vertex 53.5 19.9488 10.7371
      vertex 55.5 19.9488 10.7371
    endloop
  endfacet
  facet normal 0 -0.427614 0.903962
    outer loop
      vertex 53.5 18.4556 9.08966
      vertex 55.5 18.1629 8.9512
      vertex 55.5 18.4556 9.08966
    endloop
  endfacet
  facet normal 0 -0.427614 0.903962
    outer loop
      vertex 55.5 18.1629 8.9512
      vertex 53.5 18.4556 9.08966
      vertex 53.5 18.1629 8.9512
    endloop
  endfacet
  facet normal -0 0.243015 0.970022
    outer loop
      vertex 53.5 16.2562 8.76341
      vertex 55.5 15.9421 8.8421
      vertex 55.5 16.2562 8.76341
    endloop
  endfacet
  facet normal 0 0.243015 0.970022
    outer loop
      vertex 55.5 15.9421 8.8421
      vertex 53.5 16.2562 8.76341
      vertex 53.5 15.9421 8.8421
    endloop
  endfacet
  facet normal 0 0.941574 0.336806
    outer loop
      vertex 55.5 13.8512 10.7371
      vertex 53.5 13.7421 11.0421
      vertex 55.5 13.7421 11.0421
    endloop
  endfacet
  facet normal 0 0.941574 0.336806
    outer loop
      vertex 53.5 13.7421 11.0421
      vertex 55.5 13.8512 10.7371
      vertex 53.5 13.8512 10.7371
    endloop
  endfacet
  facet normal 0 -0.671486 0.741018
    outer loop
      vertex 53.5 19.2335 9.66655
      vertex 55.5 18.9935 9.44907
      vertex 55.5 19.2335 9.66655
    endloop
  endfacet
  facet normal 0 -0.671486 0.741018
    outer loop
      vertex 55.5 18.9935 9.44907
      vertex 53.5 19.2335 9.66655
      vertex 53.5 18.9935 9.44907
    endloop
  endfacet
  facet normal 0 0.941574 -0.336806
    outer loop
      vertex 55.5 13.7421 12.9579
      vertex 53.5 13.8512 13.2629
      vertex 55.5 13.8512 13.2629
    endloop
  endfacet
  facet normal 0 0.941574 -0.336806
    outer loop
      vertex 53.5 13.8512 13.2629
      vertex 55.5 13.7421 12.9579
      vertex 53.5 13.7421 12.9579
    endloop
  endfacet
  facet normal 0 0.336806 -0.941574
    outer loop
      vertex 53.5 15.6371 15.0488
      vertex 55.5 15.9421 15.1579
      vertex 55.5 15.6371 15.0488
    endloop
  endfacet
  facet normal 0 0.336806 -0.941574
    outer loop
      vertex 55.5 15.9421 15.1579
      vertex 53.5 15.6371 15.0488
      vertex 53.5 15.9421 15.1579
    endloop
  endfacet
  facet normal 0 -0.146755 0.989173
    outer loop
      vertex 53.5 17.5438 8.76341
      vertex 55.5 17.2235 8.71589
      vertex 55.5 17.5438 8.76341
    endloop
  endfacet
  facet normal 0 -0.146755 0.989173
    outer loop
      vertex 55.5 17.2235 8.71589
      vertex 53.5 17.5438 8.76341
      vertex 53.5 17.2235 8.71589
    endloop
  endfacet
  facet normal 0 -0.857738 -0.514087
    outer loop
      vertex 53.5 19.8103 13.5556
      vertex 55.5 19.6438 13.8334
      vertex 53.5 19.6438 13.8334
    endloop
  endfacet
  facet normal 0 -0.857738 -0.514087
    outer loop
      vertex 55.5 19.6438 13.8334
      vertex 53.5 19.8103 13.5556
      vertex 55.5 19.8103 13.5556
    endloop
  endfacet
  facet normal 0 0.67135 -0.741141
    outer loop
      vertex 53.5 14.5665 14.3335
      vertex 55.5 14.8065 14.5509
      vertex 55.5 14.5665 14.3335
    endloop
  endfacet
  facet normal 0 0.67135 -0.741141
    outer loop
      vertex 55.5 14.8065 14.5509
      vertex 53.5 14.5665 14.3335
      vertex 53.5 14.8065 14.5509
    endloop
  endfacet
  facet normal 0 -0.989182 -0.146694
    outer loop
      vertex 53.5 20.1841 12.3235
      vertex 55.5 20.1366 12.6438
      vertex 53.5 20.1366 12.6438
    endloop
  endfacet
  facet normal 0 -0.989182 -0.146694
    outer loop
      vertex 55.5 20.1366 12.6438
      vertex 53.5 20.1841 12.3235
      vertex 55.5 20.1841 12.3235
    endloop
  endfacet
  facet normal 0 -0.146694 -0.989182
    outer loop
      vertex 53.5 17.2235 15.2841
      vertex 55.5 17.5438 15.2366
      vertex 55.5 17.2235 15.2841
    endloop
  endfacet
  facet normal -0 -0.146694 -0.989182
    outer loop
      vertex 55.5 17.5438 15.2366
      vertex 53.5 17.2235 15.2841
      vertex 53.5 17.5438 15.2366
    endloop
  endfacet
  facet normal 0 -0.741141 -0.67135
    outer loop
      vertex 53.5 19.4509 14.0935
      vertex 55.5 19.2335 14.3335
      vertex 53.5 19.2335 14.3335
    endloop
  endfacet
  facet normal 0 -0.741141 -0.67135
    outer loop
      vertex 55.5 19.2335 14.3335
      vertex 53.5 19.4509 14.0935
      vertex 55.5 19.4509 14.0935
    endloop
  endfacet
  facet normal 0 0.243044 -0.970015
    outer loop
      vertex 53.5 15.9421 15.1579
      vertex 55.5 16.2562 15.2366
      vertex 55.5 15.9421 15.1579
    endloop
  endfacet
  facet normal 0 0.243044 -0.970015
    outer loop
      vertex 55.5 16.2562 15.2366
      vertex 53.5 15.9421 15.1579
      vertex 53.5 16.2562 15.2366
    endloop
  endfacet
  facet normal 0 0.427715 -0.903914
    outer loop
      vertex 53.5 15.3444 14.9103
      vertex 55.5 15.6371 15.0488
      vertex 55.5 15.3444 14.9103
    endloop
  endfacet
  facet normal 0 0.427715 -0.903914
    outer loop
      vertex 55.5 15.6371 15.0488
      vertex 53.5 15.3444 14.9103
      vertex 53.5 15.6371 15.0488
    endloop
  endfacet
  facet normal -0 0.146755 0.989173
    outer loop
      vertex 53.5 16.5765 8.71589
      vertex 55.5 16.2562 8.76341
      vertex 55.5 16.5765 8.71589
    endloop
  endfacet
  facet normal 0 0.146755 0.989173
    outer loop
      vertex 55.5 16.2562 8.76341
      vertex 53.5 16.5765 8.71589
      vertex 53.5 16.2562 8.76341
    endloop
  endfacet
  facet normal -0 0.0490599 0.998796
    outer loop
      vertex 53.5 16.9 8.7
      vertex 55.5 16.5765 8.71589
      vertex 55.5 16.9 8.7
    endloop
  endfacet
  facet normal 0 0.0490599 0.998796
    outer loop
      vertex 55.5 16.5765 8.71589
      vertex 53.5 16.9 8.7
      vertex 53.5 16.5765 8.71589
    endloop
  endfacet
  facet normal 0 -0.427715 -0.903914
    outer loop
      vertex 53.5 18.1629 15.0488
      vertex 55.5 18.4556 14.9103
      vertex 55.5 18.1629 15.0488
    endloop
  endfacet
  facet normal -0 -0.427715 -0.903914
    outer loop
      vertex 55.5 18.4556 14.9103
      vertex 53.5 18.1629 15.0488
      vertex 53.5 18.4556 14.9103
    endloop
  endfacet
  facet normal 0 -0.998794 -0.0490907
    outer loop
      vertex 53.5 20.2 12
      vertex 55.5 20.1841 12.3235
      vertex 53.5 20.1841 12.3235
    endloop
  endfacet
  facet normal 0 -0.998794 -0.0490907
    outer loop
      vertex 55.5 20.1841 12.3235
      vertex 53.5 20.2 12
      vertex 55.5 20.2 12
    endloop
  endfacet
  facet normal 0 -0.595693 -0.803212
    outer loop
      vertex 53.5 18.7334 14.7438
      vertex 55.5 18.9935 14.5509
      vertex 55.5 18.7334 14.7438
    endloop
  endfacet
  facet normal -0 -0.595693 -0.803212
    outer loop
      vertex 55.5 18.9935 14.5509
      vertex 53.5 18.7334 14.7438
      vertex 53.5 18.9935 14.5509
    endloop
  endfacet
  facet normal 0 0.970015 -0.243044
    outer loop
      vertex 55.5 13.6634 12.6438
      vertex 53.5 13.7421 12.9579
      vertex 55.5 13.7421 12.9579
    endloop
  endfacet
  facet normal 0 0.970015 -0.243044
    outer loop
      vertex 53.5 13.7421 12.9579
      vertex 55.5 13.6634 12.6438
      vertex 53.5 13.6634 12.6438
    endloop
  endfacet
  facet normal 0 0.595693 -0.803212
    outer loop
      vertex 53.5 14.8065 14.5509
      vertex 55.5 15.0666 14.7438
      vertex 55.5 14.8065 14.5509
    endloop
  endfacet
  facet normal 0 0.595693 -0.803212
    outer loop
      vertex 55.5 15.0666 14.7438
      vertex 53.5 14.8065 14.5509
      vertex 53.5 15.0666 14.7438
    endloop
  endfacet
  facet normal 0 -0.336806 0.941574
    outer loop
      vertex 53.5 18.1629 8.9512
      vertex 55.5 17.8579 8.8421
      vertex 55.5 18.1629 8.9512
    endloop
  endfacet
  facet normal 0 -0.336806 0.941574
    outer loop
      vertex 55.5 17.8579 8.8421
      vertex 53.5 18.1629 8.9512
      vertex 53.5 17.8579 8.8421
    endloop
  endfacet
  facet normal 0 0.998794 -0.0490907
    outer loop
      vertex 55.5 13.6 12
      vertex 53.5 13.6159 12.3235
      vertex 55.5 13.6159 12.3235
    endloop
  endfacet
  facet normal 0 0.998794 -0.0490907
    outer loop
      vertex 53.5 13.6159 12.3235
      vertex 55.5 13.6 12
      vertex 53.5 13.6 12
    endloop
  endfacet
  facet normal -0 0.336806 0.941574
    outer loop
      vertex 53.5 15.9421 8.8421
      vertex 55.5 15.6371 8.9512
      vertex 55.5 15.9421 8.8421
    endloop
  endfacet
  facet normal 0 0.336806 0.941574
    outer loop
      vertex 55.5 15.6371 8.9512
      vertex 53.5 15.9421 8.8421
      vertex 53.5 15.6371 8.9512
    endloop
  endfacet
  facet normal 0 -0.514064 0.857752
    outer loop
      vertex 53.5 18.7334 9.25615
      vertex 55.5 18.4556 9.08966
      vertex 55.5 18.7334 9.25615
    endloop
  endfacet
  facet normal 0 -0.514064 0.857752
    outer loop
      vertex 55.5 18.4556 9.08966
      vertex 53.5 18.7334 9.25615
      vertex 53.5 18.4556 9.08966
    endloop
  endfacet
  facet normal 0 -0.514087 -0.857738
    outer loop
      vertex 53.5 18.4556 14.9103
      vertex 55.5 18.7334 14.7438
      vertex 55.5 18.4556 14.9103
    endloop
  endfacet
  facet normal -0 -0.514087 -0.857738
    outer loop
      vertex 55.5 18.7334 14.7438
      vertex 53.5 18.4556 14.9103
      vertex 53.5 18.7334 14.7438
    endloop
  endfacet
  facet normal 0 -0.803212 -0.595693
    outer loop
      vertex 53.5 19.6438 13.8334
      vertex 55.5 19.4509 14.0935
      vertex 53.5 19.4509 14.0935
    endloop
  endfacet
  facet normal 0 -0.803212 -0.595693
    outer loop
      vertex 55.5 19.4509 14.0935
      vertex 53.5 19.6438 13.8334
      vertex 55.5 19.6438 13.8334
    endloop
  endfacet
  facet normal 0 0.741071 0.671427
    outer loop
      vertex 55.5 14.5665 9.66655
      vertex 53.5 14.3491 9.9065
      vertex 55.5 14.3491 9.9065
    endloop
  endfacet
  facet normal 0 0.741071 0.671427
    outer loop
      vertex 53.5 14.3491 9.9065
      vertex 55.5 14.5665 9.66655
      vertex 53.5 14.5665 9.66655
    endloop
  endfacet
  facet normal 0 0.857874 -0.51386
    outer loop
      vertex 55.5 13.9897 13.5556
      vertex 53.5 14.1561 13.8334
      vertex 55.5 14.1561 13.8334
    endloop
  endfacet
  facet normal 0 0.857874 -0.51386
    outer loop
      vertex 53.5 14.1561 13.8334
      vertex 55.5 13.9897 13.5556
      vertex 53.5 13.9897 13.5556
    endloop
  endfacet
  facet normal 0 -0.970015 -0.243044
    outer loop
      vertex 53.5 20.1366 12.6438
      vertex 55.5 20.0579 12.9579
      vertex 53.5 20.0579 12.9579
    endloop
  endfacet
  facet normal 0 -0.970015 -0.243044
    outer loop
      vertex 55.5 20.0579 12.9579
      vertex 53.5 20.1366 12.6438
      vertex 55.5 20.1366 12.6438
    endloop
  endfacet
  facet normal 0 0.741141 -0.67135
    outer loop
      vertex 55.5 14.3491 14.0935
      vertex 53.5 14.5665 14.3335
      vertex 55.5 14.5665 14.3335
    endloop
  endfacet
  facet normal 0 0.741141 -0.67135
    outer loop
      vertex 53.5 14.5665 14.3335
      vertex 55.5 14.3491 14.0935
      vertex 53.5 14.3491 14.0935
    endloop
  endfacet
  facet normal 0 0.857874 0.51386
    outer loop
      vertex 55.5 14.1561 10.1666
      vertex 53.5 13.9897 10.4444
      vertex 55.5 13.9897 10.4444
    endloop
  endfacet
  facet normal 0 0.857874 0.51386
    outer loop
      vertex 53.5 13.9897 10.4444
      vertex 55.5 14.1561 10.1666
      vertex 53.5 14.1561 10.1666
    endloop
  endfacet
  facet normal 0 0.998794 0.0490907
    outer loop
      vertex 55.5 13.6159 11.6765
      vertex 53.5 13.6 12
      vertex 55.5 13.6 12
    endloop
  endfacet
  facet normal 0 0.998794 0.0490907
    outer loop
      vertex 53.5 13.6 12
      vertex 55.5 13.6159 11.6765
      vertex 53.5 13.6159 11.6765
    endloop
  endfacet
  facet normal 0 -0.243044 -0.970015
    outer loop
      vertex 53.5 17.5438 15.2366
      vertex 55.5 17.8579 15.1579
      vertex 55.5 17.5438 15.2366
    endloop
  endfacet
  facet normal -0 -0.243044 -0.970015
    outer loop
      vertex 55.5 17.8579 15.1579
      vertex 53.5 17.5438 15.2366
      vertex 53.5 17.8579 15.1579
    endloop
  endfacet
  facet normal -0 0.514064 0.857752
    outer loop
      vertex 53.5 15.3444 9.08966
      vertex 55.5 15.0666 9.25615
      vertex 55.5 15.3444 9.08966
    endloop
  endfacet
  facet normal 0 0.514064 0.857752
    outer loop
      vertex 55.5 15.0666 9.25615
      vertex 53.5 15.3444 9.08966
      vertex 53.5 15.0666 9.25615
    endloop
  endfacet
  facet normal 0 0.970015 0.243044
    outer loop
      vertex 55.5 13.7421 11.0421
      vertex 53.5 13.6634 11.3562
      vertex 55.5 13.6634 11.3562
    endloop
  endfacet
  facet normal 0 0.970015 0.243044
    outer loop
      vertex 53.5 13.6634 11.3562
      vertex 55.5 13.7421 11.0421
      vertex 53.5 13.7421 11.0421
    endloop
  endfacet
  facet normal 0 0.989182 0.146694
    outer loop
      vertex 55.5 13.6634 11.3562
      vertex 53.5 13.6159 11.6765
      vertex 55.5 13.6159 11.6765
    endloop
  endfacet
  facet normal 0 0.989182 0.146694
    outer loop
      vertex 53.5 13.6159 11.6765
      vertex 55.5 13.6634 11.3562
      vertex 53.5 13.6634 11.3562
    endloop
  endfacet
  facet normal 0 -0.989182 0.146694
    outer loop
      vertex 53.5 20.1366 11.3562
      vertex 55.5 20.1841 11.6765
      vertex 53.5 20.1841 11.6765
    endloop
  endfacet
  facet normal 0 -0.989182 0.146694
    outer loop
      vertex 55.5 20.1841 11.6765
      vertex 53.5 20.1366 11.3562
      vertex 55.5 20.1366 11.3562
    endloop
  endfacet
  facet normal 0 -0.998794 0.0490907
    outer loop
      vertex 53.5 20.1841 11.6765
      vertex 55.5 20.2 12
      vertex 53.5 20.2 12
    endloop
  endfacet
  facet normal 0 -0.998794 0.0490907
    outer loop
      vertex 55.5 20.2 12
      vertex 53.5 20.1841 11.6765
      vertex 55.5 20.1841 11.6765
    endloop
  endfacet
  facet normal -0 0.671486 0.741018
    outer loop
      vertex 53.5 14.8065 9.44907
      vertex 55.5 14.5665 9.66655
      vertex 55.5 14.8065 9.44907
    endloop
  endfacet
  facet normal 0 0.671486 0.741018
    outer loop
      vertex 55.5 14.5665 9.66655
      vertex 53.5 14.8065 9.44907
      vertex 53.5 14.5665 9.66655
    endloop
  endfacet
  facet normal 0 -0.0490907 -0.998794
    outer loop
      vertex 53.5 16.9 15.3
      vertex 55.5 17.2235 15.2841
      vertex 55.5 16.9 15.3
    endloop
  endfacet
  facet normal -0 -0.0490907 -0.998794
    outer loop
      vertex 55.5 17.2235 15.2841
      vertex 53.5 16.9 15.3
      vertex 53.5 17.2235 15.2841
    endloop
  endfacet
  facet normal 0 -0.67135 -0.741141
    outer loop
      vertex 53.5 18.9935 14.5509
      vertex 55.5 19.2335 14.3335
      vertex 55.5 18.9935 14.5509
    endloop
  endfacet
  facet normal -0 -0.67135 -0.741141
    outer loop
      vertex 55.5 19.2335 14.3335
      vertex 53.5 18.9935 14.5509
      vertex 53.5 19.2335 14.3335
    endloop
  endfacet
  facet normal 0 0.989182 -0.146694
    outer loop
      vertex 55.5 13.6159 12.3235
      vertex 53.5 13.6634 12.6438
      vertex 55.5 13.6634 12.6438
    endloop
  endfacet
  facet normal 0 0.989182 -0.146694
    outer loop
      vertex 53.5 13.6634 12.6438
      vertex 55.5 13.6159 12.3235
      vertex 53.5 13.6159 12.3235
    endloop
  endfacet
  facet normal 0 -0.970015 0.243044
    outer loop
      vertex 53.5 20.0579 11.0421
      vertex 55.5 20.1366 11.3562
      vertex 53.5 20.1366 11.3562
    endloop
  endfacet
  facet normal 0 -0.970015 0.243044
    outer loop
      vertex 55.5 20.1366 11.3562
      vertex 53.5 20.0579 11.0421
      vertex 55.5 20.0579 11.0421
    endloop
  endfacet
  facet normal -1 0 0
    outer loop
      vertex 22 0 5
      vertex 22 2 11
      vertex 22 2 5
    endloop
  endfacet
  facet normal -1 -0 0
    outer loop
      vertex 22 2 11
      vertex 22 0 5
      vertex 22 0 11
    endloop
  endfacet
  facet normal 0 0 -1
    outer loop
      vertex 10 0 11
      vertex 22 2 11
      vertex 22 0 11
    endloop
  endfacet
  facet normal -0 0 -1
    outer loop
      vertex 22 2 11
      vertex 10 0 11
      vertex 10 2 11
    endloop
  endfacet
  facet normal -0 0 1
    outer loop
      vertex 10 2 5
      vertex 22 0 5
      vertex 22 2 5
    endloop
  endfacet
  facet normal 0 0 1
    outer loop
      vertex 22 0 5
      vertex 10 2 5
      vertex 10 0 5
    endloop
  endfacet
  facet normal 1 -0 0
    outer loop
      vertex 10 0 11
      vertex 10 2 5
      vertex 10 2 11
    endloop
  endfacet
  facet normal 1 0 0
    outer loop
      vertex 10 2 5
      vertex 10 0 11
      vertex 10 0 5
    endloop
  endfacet
  facet normal 0 0 -1
    outer loop
      vertex 19.025 16.9 0.49
      vertex 19.5351 16.9611 0.49
      vertex 19.5289 16.7555 0.49
    endloop
  endfacet
  facet normal 0 0 -1
    outer loop
      vertex 19.025 16.9 0.49
      vertex 19.5289 16.7555 0.49
      vertex 19.5104 16.5605 0.49
    endloop
  endfacet
  facet normal -0 0 -1
    outer loop
      vertex 19.5351 16.9611 0.49
      vertex 19.025 16.9 0.49
      vertex 19.5289 17.1654 0.49
    endloop
  endfacet
  facet normal 0 0 -1
    outer loop
      vertex 19.0002 16.3952 0.49
      vertex 19.5104 16.5605 0.49
      vertex 19.4794 16.3763 0.49
    endloop
  endfacet
  facet normal 0 0 -1
    outer loop
      vertex 19.0002 17.4048 0.49
      vertex 19.5289 17.1654 0.49
      vertex 19.025 16.9 0.49
    endloop
  endfacet
  facet normal 0 0 -1
    outer loop
      vertex 19.0002 16.3952 0.49
      vertex 19.4794 16.3763 0.49
      vertex 19.436 16.2027 0.49
    endloop
  endfacet
  facet normal 0 0 -1
    outer loop
      vertex 19.5289 17.1654 0.49
      vertex 19.0002 17.4048 0.49
      vertex 19.5102 17.3588 0.49
    endloop
  endfacet
  facet normal 0 0 -1
    outer loop
      vertex 19.0002 16.3952 0.49
      vertex 19.436 16.2027 0.49
      vertex 19.3803 16.0398 0.49
    endloop
  endfacet
  facet normal 0 0 -1
    outer loop
      vertex 19.5102 17.3588 0.49
      vertex 19.0002 17.4048 0.49
      vertex 19.4791 17.5414 0.49
    endloop
  endfacet
  facet normal 0 0 -1
    outer loop
      vertex 18.926 15.8953 0.49
      vertex 19.3803 16.0398 0.49
      vertex 19.3121 15.8875 0.49
    endloop
  endfacet
  facet normal -0 0 -1
    outer loop
      vertex 19.4791 17.5414 0.49
      vertex 19.0002 17.4048 0.49
      vertex 19.4355 17.7131 0.49
    endloop
  endfacet
  facet normal 0 0 -1
    outer loop
      vertex 18.926 15.8953 0.49
      vertex 19.3121 15.8875 0.49
      vertex 19.2316 15.746 0.49
    endloop
  endfacet
  facet normal 0 0 -1
    outer loop
      vertex 18.926 17.9047 0.49
      vertex 19.4355 17.7131 0.49
      vertex 19.0002 17.4048 0.49
    endloop
  endfacet
  facet normal 0 0 -1
    outer loop
      vertex 18.926 15.8953 0.49
      vertex 19.2316 15.746 0.49
      vertex 19.1387 15.6151 0.49
    endloop
  endfacet
  facet normal 0 0 -1
    outer loop
      vertex 19.4355 17.7131 0.49
      vertex 18.926 17.9047 0.49
      vertex 19.3794 17.8739 0.49
    endloop
  endfacet
  facet normal 0 0 -1
    outer loop
      vertex 18.926 15.8953 0.49
      vertex 19.1387 15.6151 0.49
      vertex 19.0333 15.495 0.49
    endloop
  endfacet
  facet normal 0 0 -1
    outer loop
      vertex 19.3794 17.8739 0.49
      vertex 18.926 17.9047 0.49
      vertex 19.3109 18.0238 0.49
    endloop
  endfacet
  facet normal -0 0 -1
    outer loop
      vertex 19.3109 18.0238 0.49
      vertex 18.926 17.9047 0.49
      vertex 19.2299 18.1628 0.49
    endloop
  endfacet
  facet normal -0 0 -1
    outer loop
      vertex 19.5104 16.5605 0.49
      vertex 19.0002 16.3952 0.49
      vertex 19.025 16.9 0.49
    endloop
  endfacet
  facet normal -0 0 -1
    outer loop
      vertex 19.3803 16.0398 0.49
      vertex 18.926 15.8953 0.49
      vertex 19.0002 16.3952 0.49
    endloop
  endfacet
  facet normal 0 0 -1
    outer loop
      vertex 18.8032 15.405 0.49
      vertex 19.0333 15.495 0.49
      vertex 18.9165 15.3865 0.49
    endloop
  endfacet
  facet normal -0 0 -1
    outer loop
      vertex 19.0333 15.495 0.49
      vertex 18.8032 15.405 0.49
      vertex 18.926 15.8953 0.49
    endloop
  endfacet
  facet normal 0 0 -1
    outer loop
      vertex 18.789 15.2909 0.49
      vertex 18.8032 15.405 0.49
      vertex 18.9165 15.3865 0.49
    endloop
  endfacet
  facet normal 0 0 -1
    outer loop
      vertex 18.8032 15.405 0.49
      vertex 18.789 15.2909 0.49
      vertex 18.7551 15.2705 0.49
    endloop
  endfacet
  facet normal -0 0 -1
    outer loop
      vertex 19.2299 18.1628 0.49
      vertex 18.926 17.9047 0.49
      vertex 19.1365 18.2909 0.49
    endloop
  endfacet
  facet normal 0 0 -1
    outer loop
      vertex 18.8032 18.395 0.49
      vertex 19.1365 18.2909 0.49
      vertex 18.926 17.9047 0.49
    endloop
  endfacet
  facet normal 0 0 -1
    outer loop
      vertex 19.1365 18.2909 0.49
      vertex 18.8032 18.395 0.49
      vertex 19.0306 18.4082 0.49
    endloop
  endfacet
  facet normal -0 0 -1
    outer loop
      vertex 19.0306 18.4082 0.49
      vertex 18.8032 18.395 0.49
      vertex 18.913 18.5138 0.49
    endloop
  endfacet
  facet normal 0 0 -1
    outer loop
      vertex 18.8032 18.395 0.49
      vertex 18.7845 18.607 0.49
      vertex 18.913 18.5138 0.49
    endloop
  endfacet
  facet normal -0 -0 -1
    outer loop
      vertex 18.7845 18.607 0.49
      vertex 18.8032 18.395 0.49
      vertex 18.7124 18.6487 0.49
    endloop
  endfacet
  facet normal -0 0 -1
    outer loop
      vertex 27.2654 16.4647 0.49
      vertex 26.4625 16.4291 0.49
      vertex 26.4651 16.5271 0.49
    endloop
  endfacet
  facet normal 0 0 -1
    outer loop
      vertex 26.6417 15.2113 0.49
      vertex 26.4545 16.3366 0.49
      vertex 26.4625 16.4291 0.49
    endloop
  endfacet
  facet normal 0 0 -1
    outer loop
      vertex 26.6417 15.2113 0.49
      vertex 26.4412 16.2494 0.49
      vertex 26.4545 16.3366 0.49
    endloop
  endfacet
  facet normal 0 0 -1
    outer loop
      vertex 26.6417 15.2113 0.49
      vertex 26.4226 16.1676 0.49
      vertex 26.4412 16.2494 0.49
    endloop
  endfacet
  facet normal 0 0 -1
    outer loop
      vertex 26.1437 15.7468 0.49
      vertex 26.5257 15.1495 0.49
      vertex 26.4006 15.0971 0.49
    endloop
  endfacet
  facet normal 0 0 -1
    outer loop
      vertex 26.6417 15.2113 0.49
      vertex 26.3986 16.0912 0.49
      vertex 26.4226 16.1676 0.49
    endloop
  endfacet
  facet normal 0 0 -1
    outer loop
      vertex 26.6417 15.2113 0.49
      vertex 26.3693 16.0202 0.49
      vertex 26.3986 16.0912 0.49
    endloop
  endfacet
  facet normal 0 0 -1
    outer loop
      vertex 26.6417 15.2113 0.49
      vertex 26.3347 15.9545 0.49
      vertex 26.3693 16.0202 0.49
    endloop
  endfacet
  facet normal 0 0 -1
    outer loop
      vertex 26.6417 15.2113 0.49
      vertex 26.2948 15.8943 0.49
      vertex 26.3347 15.9545 0.49
    endloop
  endfacet
  facet normal 0 0 -1
    outer loop
      vertex 26.0833 15.7091 0.49
      vertex 26.4006 15.0971 0.49
      vertex 26.2664 15.0543 0.49
    endloop
  endfacet
  facet normal 0 0 -1
    outer loop
      vertex 26.6417 15.2113 0.49
      vertex 26.2495 15.8395 0.49
      vertex 26.2948 15.8943 0.49
    endloop
  endfacet
  facet normal 0 0 -1
    outer loop
      vertex 26.6417 15.2113 0.49
      vertex 26.1991 15.7902 0.49
      vertex 26.2495 15.8395 0.49
    endloop
  endfacet
  facet normal 0 0 -1
    outer loop
      vertex 26.5257 15.1495 0.49
      vertex 26.1437 15.7468 0.49
      vertex 26.1991 15.7902 0.49
    endloop
  endfacet
  facet normal 0 0 -1
    outer loop
      vertex 26.0179 15.6773 0.49
      vertex 26.2664 15.0543 0.49
      vertex 26.1229 15.0211 0.49
    endloop
  endfacet
  facet normal 0 0 -1
    outer loop
      vertex 26.4006 15.0971 0.49
      vertex 26.0833 15.7091 0.49
      vertex 26.1437 15.7468 0.49
    endloop
  endfacet
  facet normal 0 0 -1
    outer loop
      vertex 26.2664 15.0543 0.49
      vertex 26.0179 15.6773 0.49
      vertex 26.0833 15.7091 0.49
    endloop
  endfacet
  facet normal 0 0 -1
    outer loop
      vertex 25.9475 15.6512 0.49
      vertex 26.1229 15.0211 0.49
      vertex 25.9704 14.9973 0.49
    endloop
  endfacet
  facet normal 0 0 -1
    outer loop
      vertex 26.1229 15.0211 0.49
      vertex 25.9475 15.6512 0.49
      vertex 26.0179 15.6773 0.49
    endloop
  endfacet
  facet normal 0 0 -1
    outer loop
      vertex 25.9704 14.9973 0.49
      vertex 25.8722 15.6309 0.49
      vertex 25.9475 15.6512 0.49
    endloop
  endfacet
  facet normal 0 0 -1
    outer loop
      vertex 25.7918 15.6164 0.49
      vertex 25.9704 14.9973 0.49
      vertex 25.8087 14.983 0.49
    endloop
  endfacet
  facet normal 0 0 -1
    outer loop
      vertex 25.9704 14.9973 0.49
      vertex 25.7918 15.6164 0.49
      vertex 25.8722 15.6309 0.49
    endloop
  endfacet
  facet normal 0 0 -1
    outer loop
      vertex 25.8087 14.983 0.49
      vertex 25.7065 15.6077 0.49
      vertex 25.7918 15.6164 0.49
    endloop
  endfacet
  facet normal 0 0 -1
    outer loop
      vertex 25.6379 14.9783 0.49
      vertex 25.7065 15.6077 0.49
      vertex 25.8087 14.983 0.49
    endloop
  endfacet
  facet normal 0 0 -1
    outer loop
      vertex 25.6379 14.9783 0.49
      vertex 25.6161 15.6048 0.49
      vertex 25.7065 15.6077 0.49
    endloop
  endfacet
  facet normal 0 0 -1
    outer loop
      vertex 25.6379 14.9783 0.49
      vertex 25.5234 15.6079 0.49
      vertex 25.6161 15.6048 0.49
    endloop
  endfacet
  facet normal 0 0 -1
    outer loop
      vertex 25.4615 14.9832 0.49
      vertex 25.5234 15.6079 0.49
      vertex 25.6379 14.9783 0.49
    endloop
  endfacet
  facet normal 0 0 -1
    outer loop
      vertex 25.4615 14.9832 0.49
      vertex 25.4355 15.6169 0.49
      vertex 25.5234 15.6079 0.49
    endloop
  endfacet
  facet normal 0 0 -1
    outer loop
      vertex 25.2942 14.998 0.49
      vertex 25.4355 15.6169 0.49
      vertex 25.4615 14.9832 0.49
    endloop
  endfacet
  facet normal -0 0 -1
    outer loop
      vertex 25.4355 15.6169 0.49
      vertex 25.2942 14.998 0.49
      vertex 25.3524 15.6321 0.49
    endloop
  endfacet
  facet normal 0 0 -1
    outer loop
      vertex 25.1359 15.0227 0.49
      vertex 25.3524 15.6321 0.49
      vertex 25.2942 14.998 0.49
    endloop
  endfacet
  facet normal -0 0 -1
    outer loop
      vertex 25.3524 15.6321 0.49
      vertex 25.1359 15.0227 0.49
      vertex 25.2743 15.6533 0.49
    endloop
  endfacet
  facet normal 0 0 -1
    outer loop
      vertex 24.9866 15.0573 0.49
      vertex 25.2743 15.6533 0.49
      vertex 25.1359 15.0227 0.49
    endloop
  endfacet
  facet normal -0 0 -1
    outer loop
      vertex 25.2743 15.6533 0.49
      vertex 24.9866 15.0573 0.49
      vertex 25.2011 15.6806 0.49
    endloop
  endfacet
  facet normal -0 0 -1
    outer loop
      vertex 25.2011 15.6806 0.49
      vertex 24.9866 15.0573 0.49
      vertex 25.1327 15.7139 0.49
    endloop
  endfacet
  facet normal 0 0 -1
    outer loop
      vertex 24.8463 15.1018 0.49
      vertex 25.1327 15.7139 0.49
      vertex 24.9866 15.0573 0.49
    endloop
  endfacet
  facet normal -0 0 -1
    outer loop
      vertex 25.1327 15.7139 0.49
      vertex 24.8463 15.1018 0.49
      vertex 25.0693 15.7533 0.49
    endloop
  endfacet
  facet normal 0 0 -1
    outer loop
      vertex 24.715 15.1561 0.49
      vertex 25.0693 15.7533 0.49
      vertex 24.8463 15.1018 0.49
    endloop
  endfacet
  facet normal -0 0 -1
    outer loop
      vertex 25.0693 15.7533 0.49
      vertex 24.715 15.1561 0.49
      vertex 25.0107 15.7988 0.49
    endloop
  endfacet
  facet normal 0 0 -1
    outer loop
      vertex 24.5927 15.2203 0.49
      vertex 25.0107 15.7988 0.49
      vertex 24.715 15.1561 0.49
    endloop
  endfacet
  facet normal -0 0 -1
    outer loop
      vertex 25.0107 15.7988 0.49
      vertex 24.5927 15.2203 0.49
      vertex 24.957 15.8503 0.49
    endloop
  endfacet
  facet normal 0 0 -1
    outer loop
      vertex 24.4795 15.2944 0.49
      vertex 24.957 15.8503 0.49
      vertex 24.5927 15.2203 0.49
    endloop
  endfacet
  facet normal 0 0 -1
    outer loop
      vertex 24.3752 15.3783 0.49
      vertex 24.957 15.8503 0.49
      vertex 24.4795 15.2944 0.49
    endloop
  endfacet
  facet normal -0 0 -1
    outer loop
      vertex 24.957 15.8503 0.49
      vertex 24.3752 15.3783 0.49
      vertex 24.9086 15.9075 0.49
    endloop
  endfacet
  facet normal 0 0 -1
    outer loop
      vertex 24.281 15.4713 0.49
      vertex 24.9086 15.9075 0.49
      vertex 24.3752 15.3783 0.49
    endloop
  endfacet
  facet normal -0 0 -1
    outer loop
      vertex 24.9086 15.9075 0.49
      vertex 24.281 15.4713 0.49
      vertex 24.866 15.9699 0.49
    endloop
  endfacet
  facet normal 0 0 -1
    outer loop
      vertex 24.1978 15.5723 0.49
      vertex 24.866 15.9699 0.49
      vertex 24.281 15.4713 0.49
    endloop
  endfacet
  facet normal -0 0 -1
    outer loop
      vertex 24.866 15.9699 0.49
      vertex 24.1978 15.5723 0.49
      vertex 24.8289 16.0376 0.49
    endloop
  endfacet
  facet normal 0 0 -1
    outer loop
      vertex 24.1258 15.6814 0.49
      vertex 24.8289 16.0376 0.49
      vertex 24.1978 15.5723 0.49
    endloop
  endfacet
  facet normal -0 0 -1
    outer loop
      vertex 24.8289 16.0376 0.49
      vertex 24.1258 15.6814 0.49
      vertex 24.7976 16.1106 0.49
    endloop
  endfacet
  facet normal 0 0 -1
    outer loop
      vertex 24.0648 15.7985 0.49
      vertex 24.7976 16.1106 0.49
      vertex 24.1258 15.6814 0.49
    endloop
  endfacet
  facet normal 0 0 -1
    outer loop
      vertex 24.015 15.9238 0.49
      vertex 24.7976 16.1106 0.49
      vertex 24.0648 15.7985 0.49
    endloop
  endfacet
  facet normal -0 0 -1
    outer loop
      vertex 24.7976 16.1106 0.49
      vertex 24.015 15.9238 0.49
      vertex 24.772 16.1888 0.49
    endloop
  endfacet
  facet normal 0 0 -1
    outer loop
      vertex 23.9762 16.0571 0.49
      vertex 24.772 16.1888 0.49
      vertex 24.015 15.9238 0.49
    endloop
  endfacet
  facet normal -0 0 -1
    outer loop
      vertex 24.772 16.1888 0.49
      vertex 23.9762 16.0571 0.49
      vertex 24.7521 16.2723 0.49
    endloop
  endfacet
  facet normal 0 0 -1
    outer loop
      vertex 23.9484 16.1984 0.49
      vertex 24.7521 16.2723 0.49
      vertex 23.9762 16.0571 0.49
    endloop
  endfacet
  facet normal -0 0 -1
    outer loop
      vertex 24.7521 16.2723 0.49
      vertex 23.9484 16.1984 0.49
      vertex 24.7379 16.361 0.49
    endloop
  endfacet
  facet normal 0 0 -1
    outer loop
      vertex 23.9318 16.3479 0.49
      vertex 24.7379 16.361 0.49
      vertex 23.9484 16.1984 0.49
    endloop
  endfacet
  facet normal -0 0 -1
    outer loop
      vertex 24.7379 16.361 0.49
      vertex 23.9318 16.3479 0.49
      vertex 24.7293 16.455 0.49
    endloop
  endfacet
  facet normal 0 0 -1
    outer loop
      vertex 23.9263 16.5054 0.49
      vertex 24.7293 16.455 0.49
      vertex 23.9318 16.3479 0.49
    endloop
  endfacet
  facet normal 0 0 -1
    outer loop
      vertex 24.7293 16.455 0.49
      vertex 23.9263 16.5054 0.49
      vertex 24.7265 16.5542 0.49
    endloop
  endfacet
  facet normal 0 0 -1
    outer loop
      vertex 23.9263 18.8544 0.49
      vertex 24.7265 16.5542 0.49
      vertex 23.9263 16.5054 0.49
    endloop
  endfacet
  facet normal 0 0 -1
    outer loop
      vertex 24.7265 16.5542 0.49
      vertex 23.9263 18.8544 0.49
      vertex 24.7265 18.8544 0.49
    endloop
  endfacet
  facet normal 0 0 -1
    outer loop
      vertex 26.4625 16.4291 0.49
      vertex 27.2654 16.4647 0.49
      vertex 27.2602 16.3097 0.49
    endloop
  endfacet
  facet normal 0 0 -1
    outer loop
      vertex 26.4625 16.4291 0.49
      vertex 27.2602 16.3097 0.49
      vertex 27.2447 16.1628 0.49
    endloop
  endfacet
  facet normal 0 0 -1
    outer loop
      vertex 26.4625 16.4291 0.49
      vertex 27.2447 16.1628 0.49
      vertex 27.2188 16.0241 0.49
    endloop
  endfacet
  facet normal 0 0 -1
    outer loop
      vertex 26.4625 16.4291 0.49
      vertex 27.2188 16.0241 0.49
      vertex 27.1826 15.8935 0.49
    endloop
  endfacet
  facet normal 0 0 -1
    outer loop
      vertex 26.4625 16.4291 0.49
      vertex 27.1826 15.8935 0.49
      vertex 27.136 15.7712 0.49
    endloop
  endfacet
  facet normal 0 0 -1
    outer loop
      vertex 26.4625 16.4291 0.49
      vertex 27.136 15.7712 0.49
      vertex 27.0791 15.657 0.49
    endloop
  endfacet
  facet normal 0 0 -1
    outer loop
      vertex 26.4625 16.4291 0.49
      vertex 27.0791 15.657 0.49
      vertex 27.0118 15.551 0.49
    endloop
  endfacet
  facet normal 0 0 -1
    outer loop
      vertex 26.4625 16.4291 0.49
      vertex 27.0118 15.551 0.49
      vertex 26.9342 15.4531 0.49
    endloop
  endfacet
  facet normal 0 0 -1
    outer loop
      vertex 26.4625 16.4291 0.49
      vertex 26.9342 15.4531 0.49
      vertex 26.8463 15.3634 0.49
    endloop
  endfacet
  facet normal 0 0 -1
    outer loop
      vertex 26.4625 16.4291 0.49
      vertex 26.8463 15.3634 0.49
      vertex 26.7486 15.2826 0.49
    endloop
  endfacet
  facet normal 0 0 -1
    outer loop
      vertex 26.4625 16.4291 0.49
      vertex 26.7486 15.2826 0.49
      vertex 26.6417 15.2113 0.49
    endloop
  endfacet
  facet normal 0 0 -1
    outer loop
      vertex 26.1991 15.7902 0.49
      vertex 26.6417 15.2113 0.49
      vertex 26.5257 15.1495 0.49
    endloop
  endfacet
  facet normal 0 0 -1
    outer loop
      vertex 27.2654 16.4647 0.49
      vertex 26.4651 16.5271 0.49
      vertex 27.2654 18.8544 0.49
    endloop
  endfacet
  facet normal -0 0 -1
    outer loop
      vertex 27.2654 18.8544 0.49
      vertex 26.4651 16.5271 0.49
      vertex 26.4651 18.8544 0.49
    endloop
  endfacet
  facet normal -0 0 -1
    outer loop
      vertex 36.4998 16.3952 0.49
      vertex 36.3195 15.0325 0.49
      vertex 36.475 16.9 0.49
    endloop
  endfacet
  facet normal -0 0 -1
    outer loop
      vertex 36.574 15.8953 0.49
      vertex 36.3195 15.0325 0.49
      vertex 36.4998 16.3952 0.49
    endloop
  endfacet
  facet normal -0 0 -1
    outer loop
      vertex 36.6968 15.405 0.49
      vertex 36.3195 15.0325 0.49
      vertex 36.574 15.8953 0.49
    endloop
  endfacet
  facet normal 0 0 -1
    outer loop
      vertex 36.3195 15.0325 0.49
      vertex 36.6968 15.405 0.49
      vertex 36.83 15.0325 0.49
    endloop
  endfacet
  facet normal 0 0 -1
    outer loop
      vertex 36.3195 18.8544 0.49
      vertex 36.475 16.9 0.49
      vertex 36.3195 15.0325 0.49
    endloop
  endfacet
  facet normal 0 0 -1
    outer loop
      vertex 36.6968 18.395 0.49
      vertex 36.3195 18.8544 0.49
      vertex 36.8611 18.8544 0.49
    endloop
  endfacet
  facet normal 0 0 -1
    outer loop
      vertex 36.574 17.9047 0.49
      vertex 36.3195 18.8544 0.49
      vertex 36.6968 18.395 0.49
    endloop
  endfacet
  facet normal 0 0 -1
    outer loop
      vertex 36.4998 17.4048 0.49
      vertex 36.3195 18.8544 0.49
      vertex 36.574 17.9047 0.49
    endloop
  endfacet
  facet normal 0 0 -1
    outer loop
      vertex 36.475 16.9 0.49
      vertex 36.3195 18.8544 0.49
      vertex 36.4998 17.4048 0.49
    endloop
  endfacet
  facet normal 0 0 -1
    outer loop
      vertex 32.8274 16.6573 0.49
      vertex 34.8672 17.2757 0.49
      vertex 34.8672 16.6573 0.49
    endloop
  endfacet
  facet normal -0 0 -1
    outer loop
      vertex 34.8672 17.2757 0.49
      vertex 32.8274 16.6573 0.49
      vertex 32.8274 17.2757 0.49
    endloop
  endfacet
  facet normal 0 0 -1
    outer loop
      vertex 34.8672 16.6573 0.49
      vertex 35.6674 15.0325 0.49
      vertex 34.8672 15.6509 0.49
    endloop
  endfacet
  facet normal 0 0 -1
    outer loop
      vertex 32.5507 15.0325 0.49
      vertex 34.8672 15.6509 0.49
      vertex 35.6674 15.0325 0.49
    endloop
  endfacet
  facet normal -0 0 -1
    outer loop
      vertex 34.8672 15.6509 0.49
      vertex 32.5507 15.0325 0.49
      vertex 32.5507 15.6509 0.49
    endloop
  endfacet
  facet normal 0 0 -1
    outer loop
      vertex 35.6674 15.0325 0.49
      vertex 34.8672 16.6573 0.49
      vertex 35.6674 18.8544 0.49
    endloop
  endfacet
  facet normal 0 0 -1
    outer loop
      vertex 34.8672 17.2757 0.49
      vertex 35.6674 18.8544 0.49
      vertex 34.8672 16.6573 0.49
    endloop
  endfacet
  facet normal 0 0 -1
    outer loop
      vertex 34.8672 18.236 0.49
      vertex 35.6674 18.8544 0.49
      vertex 34.8672 17.2757 0.49
    endloop
  endfacet
  facet normal 0 0 -1
    outer loop
      vertex 32.6619 18.8544 0.49
      vertex 34.8672 18.236 0.49
      vertex 32.6619 18.236 0.49
    endloop
  endfacet
  facet normal 0 0 -1
    outer loop
      vertex 34.8672 18.236 0.49
      vertex 32.6619 18.8544 0.49
      vertex 35.6674 18.8544 0.49
    endloop
  endfacet
  facet normal 0 0 -1
    outer loop
      vertex 31.2486 15.0325 0.49
      vertex 32.0487 18.8544 0.49
      vertex 32.0487 15.0325 0.49
    endloop
  endfacet
  facet normal -0 0 -1
    outer loop
      vertex 32.0487 18.8544 0.49
      vertex 31.2486 15.0325 0.49
      vertex 31.2486 18.8544 0.49
    endloop
  endfacet
  facet normal 0 0 -1
    outer loop
      vertex 30.7475 15.0325 0.49
      vertex 29.8578 15.6591 0.49
      vertex 30.7475 15.5994 0.49
    endloop
  endfacet
  facet normal 0 0 -1
    outer loop
      vertex 27.6797 15.0325 0.49
      vertex 29.8578 15.6591 0.49
      vertex 30.7475 15.0325 0.49
    endloop
  endfacet
  facet normal -0 0 -1
    outer loop
      vertex 29.8578 15.6591 0.49
      vertex 27.6797 15.0325 0.49
      vertex 27.6797 15.6591 0.49
    endloop
  endfacet
  facet normal 0 0 -1
    outer loop
      vertex 29.8578 15.6591 0.49
      vertex 28.6806 18.2278 0.49
      vertex 30.7475 15.5994 0.49
    endloop
  endfacet
  facet normal -0 -0 -1
    outer loop
      vertex 28.6806 18.2278 0.49
      vertex 29.8578 15.6591 0.49
      vertex 27.7909 18.2983 0.49
    endloop
  endfacet
  facet normal 0 0 -1
    outer loop
      vertex 28.6806 18.2278 0.49
      vertex 30.5414 18.8544 0.49
      vertex 30.5414 18.2278 0.49
    endloop
  endfacet
  facet normal 0 0 -1
    outer loop
      vertex 27.7909 18.8544 0.49
      vertex 28.6806 18.2278 0.49
      vertex 27.7909 18.2983 0.49
    endloop
  endfacet
  facet normal 0 0 -1
    outer loop
      vertex 28.6806 18.2278 0.49
      vertex 27.7909 18.8544 0.49
      vertex 30.5414 18.8544 0.49
    endloop
  endfacet
  facet normal 0 0 -1
    outer loop
      vertex 22.5987 17.2866 0.49
      vertex 23.3094 18.8544 0.49
      vertex 23.3094 15.0325 0.49
    endloop
  endfacet
  facet normal 0 0 -1
    outer loop
      vertex 23.3094 18.8544 0.49
      vertex 22.6373 17.8824 0.49
      vertex 22.6475 17.9756 0.49
    endloop
  endfacet
  facet normal 0 0 -1
    outer loop
      vertex 23.3094 18.8544 0.49
      vertex 22.6282 17.7934 0.49
      vertex 22.6373 17.8824 0.49
    endloop
  endfacet
  facet normal 0 0 -1
    outer loop
      vertex 23.3094 18.8544 0.49
      vertex 22.6204 17.7085 0.49
      vertex 22.6282 17.7934 0.49
    endloop
  endfacet
  facet normal 0 0 -1
    outer loop
      vertex 23.3094 18.8544 0.49
      vertex 22.6138 17.6278 0.49
      vertex 22.6204 17.7085 0.49
    endloop
  endfacet
  facet normal 0 0 -1
    outer loop
      vertex 23.3094 18.8544 0.49
      vertex 22.6083 17.5513 0.49
      vertex 22.6138 17.6278 0.49
    endloop
  endfacet
  facet normal 0 0 -1
    outer loop
      vertex 23.3094 18.8544 0.49
      vertex 22.6041 17.4789 0.49
      vertex 22.6083 17.5513 0.49
    endloop
  endfacet
  facet normal 0 0 -1
    outer loop
      vertex 23.3094 18.8544 0.49
      vertex 22.6011 17.4106 0.49
      vertex 22.6041 17.4789 0.49
    endloop
  endfacet
  facet normal 0 0 -1
    outer loop
      vertex 23.3094 18.8544 0.49
      vertex 22.5993 17.3465 0.49
      vertex 22.6011 17.4106 0.49
    endloop
  endfacet
  facet normal 0 0 -1
    outer loop
      vertex 22.5987 17.2866 0.49
      vertex 23.3094 15.0325 0.49
      vertex 22.5987 15.0325 0.49
    endloop
  endfacet
  facet normal 0 0 -1
    outer loop
      vertex 23.3094 18.8544 0.49
      vertex 22.5987 17.2866 0.49
      vertex 22.5993 17.3465 0.49
    endloop
  endfacet
  facet normal 0 0 -1
    outer loop
      vertex 22.6475 17.9756 0.49
      vertex 22.3953 18.8544 0.49
      vertex 23.3094 18.8544 0.49
    endloop
  endfacet
  facet normal 0 0 -1
    outer loop
      vertex 20.7054 15.887 0.49
      vertex 22.6475 17.9756 0.49
      vertex 20.9821 15.0325 0.49
    endloop
  endfacet
  facet normal -0 0 -1
    outer loop
      vertex 22.6475 17.9756 0.49
      vertex 20.7054 15.887 0.49
      vertex 22.3953 18.8544 0.49
    endloop
  endfacet
  facet normal 0 -0 -1
    outer loop
      vertex 20.7054 15.887 0.49
      vertex 20.9821 15.0325 0.49
      vertex 20.0435 15.0325 0.49
    endloop
  endfacet
  facet normal 0 0 -1
    outer loop
      vertex 20.0435 15.0325 0.49
      vertex 20.7542 16.6329 0.49
      vertex 20.7536 16.5572 0.49
    endloop
  endfacet
  facet normal 0 0 -1
    outer loop
      vertex 20.0435 15.0325 0.49
      vertex 20.7536 16.5572 0.49
      vertex 20.7518 16.4798 0.49
    endloop
  endfacet
  facet normal 0 0 -1
    outer loop
      vertex 20.0435 15.0325 0.49
      vertex 20.7518 16.4798 0.49
      vertex 20.7488 16.4005 0.49
    endloop
  endfacet
  facet normal 0 0 -1
    outer loop
      vertex 20.0435 15.0325 0.49
      vertex 20.7488 16.4005 0.49
      vertex 20.7445 16.3194 0.49
    endloop
  endfacet
  facet normal 0 0 -1
    outer loop
      vertex 20.0435 15.0325 0.49
      vertex 20.7445 16.3194 0.49
      vertex 20.7391 16.2366 0.49
    endloop
  endfacet
  facet normal 0 0 -1
    outer loop
      vertex 20.0435 15.0325 0.49
      vertex 20.7391 16.2366 0.49
      vertex 20.7325 16.1519 0.49
    endloop
  endfacet
  facet normal 0 0 -1
    outer loop
      vertex 20.0435 15.0325 0.49
      vertex 20.7325 16.1519 0.49
      vertex 20.7247 16.0654 0.49
    endloop
  endfacet
  facet normal 0 0 -1
    outer loop
      vertex 20.0435 15.0325 0.49
      vertex 20.7247 16.0654 0.49
      vertex 20.7156 15.9771 0.49
    endloop
  endfacet
  facet normal 0 0 -1
    outer loop
      vertex 20.0435 15.0325 0.49
      vertex 20.7156 15.9771 0.49
      vertex 20.7054 15.887 0.49
    endloop
  endfacet
  facet normal -0 0 -1
    outer loop
      vertex 20.7542 16.6329 0.49
      vertex 20.0435 15.0325 0.49
      vertex 20.0435 18.8544 0.49
    endloop
  endfacet
  facet normal 0 0 -1
    outer loop
      vertex 20.7542 16.6329 0.49
      vertex 20.0435 18.8544 0.49
      vertex 20.7542 18.8544 0.49
    endloop
  endfacet
  facet normal -0.500658 -0.865645 0
    outer loop
      vertex 18.7124 18.6487 0
      vertex 18.7845 18.607 0.49
      vertex 18.7124 18.6487 0.49
    endloop
  endfacet
  facet normal -0.500658 -0.865645 -0
    outer loop
      vertex 18.7845 18.607 0.49
      vertex 18.7124 18.6487 0
      vertex 18.7845 18.607 0
    endloop
  endfacet
  facet normal -0.587122 -0.809498 0
    outer loop
      vertex 18.7845 18.607 0
      vertex 18.913 18.5138 0.49
      vertex 18.7845 18.607 0.49
    endloop
  endfacet
  facet normal -0.587122 -0.809498 -0
    outer loop
      vertex 18.913 18.5138 0.49
      vertex 18.7845 18.607 0
      vertex 18.913 18.5138 0
    endloop
  endfacet
  facet normal -0.668125 -0.744049 0
    outer loop
      vertex 18.913 18.5138 0
      vertex 19.0306 18.4082 0.49
      vertex 18.913 18.5138 0.49
    endloop
  endfacet
  facet normal -0.668125 -0.744049 -0
    outer loop
      vertex 19.0306 18.4082 0.49
      vertex 18.913 18.5138 0
      vertex 19.0306 18.4082 0
    endloop
  endfacet
  facet normal -0.742255 -0.670118 0
    outer loop
      vertex 19.1365 18.2909 0
      vertex 19.0306 18.4082 0.49
      vertex 19.0306 18.4082 0
    endloop
  endfacet
  facet normal -0.742255 -0.670118 0
    outer loop
      vertex 19.0306 18.4082 0.49
      vertex 19.1365 18.2909 0
      vertex 19.1365 18.2909 0.49
    endloop
  endfacet
  facet normal -0.808026 -0.589146 0
    outer loop
      vertex 19.2299 18.1628 0
      vertex 19.1365 18.2909 0.49
      vertex 19.1365 18.2909 0
    endloop
  endfacet
  facet normal -0.808026 -0.589146 0
    outer loop
      vertex 19.1365 18.2909 0.49
      vertex 19.2299 18.1628 0
      vertex 19.2299 18.1628 0.49
    endloop
  endfacet
  facet normal -0.864004 -0.503484 0
    outer loop
      vertex 19.3109 18.0238 0
      vertex 19.2299 18.1628 0.49
      vertex 19.2299 18.1628 0
    endloop
  endfacet
  facet normal -0.864004 -0.503484 0
    outer loop
      vertex 19.2299 18.1628 0.49
      vertex 19.3109 18.0238 0
      vertex 19.3109 18.0238 0.49
    endloop
  endfacet
  facet normal -0.909533 -0.415631 0
    outer loop
      vertex 19.3794 17.8739 0
      vertex 19.3109 18.0238 0.49
      vertex 19.3109 18.0238 0
    endloop
  endfacet
  facet normal -0.909533 -0.415631 0
    outer loop
      vertex 19.3109 18.0238 0.49
      vertex 19.3794 17.8739 0
      vertex 19.3794 17.8739 0.49
    endloop
  endfacet
  facet normal -0.944187 -0.329409 0
    outer loop
      vertex 19.4355 17.7131 0
      vertex 19.3794 17.8739 0.49
      vertex 19.3794 17.8739 0
    endloop
  endfacet
  facet normal -0.944187 -0.329409 0
    outer loop
      vertex 19.3794 17.8739 0.49
      vertex 19.4355 17.7131 0
      vertex 19.4355 17.7131 0.49
    endloop
  endfacet
  facet normal -0.969239 -0.24612 0
    outer loop
      vertex 19.4791 17.5414 0
      vertex 19.4355 17.7131 0.49
      vertex 19.4355 17.7131 0
    endloop
  endfacet
  facet normal -0.969239 -0.24612 0
    outer loop
      vertex 19.4355 17.7131 0.49
      vertex 19.4791 17.5414 0
      vertex 19.4791 17.5414 0.49
    endloop
  endfacet
  facet normal -0.985804 -0.1679 0
    outer loop
      vertex 19.5102 17.3588 0
      vertex 19.4791 17.5414 0.49
      vertex 19.4791 17.5414 0
    endloop
  endfacet
  facet normal -0.985804 -0.1679 0
    outer loop
      vertex 19.4791 17.5414 0.49
      vertex 19.5102 17.3588 0
      vertex 19.5102 17.3588 0.49
    endloop
  endfacet
  facet normal -0.995358 -0.096242 0
    outer loop
      vertex 19.5289 17.1654 0
      vertex 19.5102 17.3588 0.49
      vertex 19.5102 17.3588 0
    endloop
  endfacet
  facet normal -0.995358 -0.096242 0
    outer loop
      vertex 19.5102 17.3588 0.49
      vertex 19.5289 17.1654 0
      vertex 19.5289 17.1654 0.49
    endloop
  endfacet
  facet normal -0.99954 -0.0303336 0
    outer loop
      vertex 19.5351 16.9611 0
      vertex 19.5289 17.1654 0.49
      vertex 19.5289 17.1654 0
    endloop
  endfacet
  facet normal -0.99954 -0.0303336 0
    outer loop
      vertex 19.5289 17.1654 0.49
      vertex 19.5351 16.9611 0
      vertex 19.5351 16.9611 0.49
    endloop
  endfacet
  facet normal -0.999546 0.0301419 0
    outer loop
      vertex 19.5289 16.7555 0
      vertex 19.5351 16.9611 0.49
      vertex 19.5351 16.9611 0
    endloop
  endfacet
  facet normal -0.999546 0.0301419 0
    outer loop
      vertex 19.5351 16.9611 0.49
      vertex 19.5289 16.7555 0
      vertex 19.5289 16.7555 0.49
    endloop
  endfacet
  facet normal -0.99553 0.0944477 0
    outer loop
      vertex 19.5104 16.5605 0
      vertex 19.5289 16.7555 0.49
      vertex 19.5289 16.7555 0
    endloop
  endfacet
  facet normal -0.99553 0.0944477 0
    outer loop
      vertex 19.5289 16.7555 0.49
      vertex 19.5104 16.5605 0
      vertex 19.5104 16.5605 0.49
    endloop
  endfacet
  facet normal -0.986132 0.165961 0
    outer loop
      vertex 19.4794 16.3763 0
      vertex 19.5104 16.5605 0.49
      vertex 19.5104 16.5605 0
    endloop
  endfacet
  facet normal -0.986132 0.165961 0
    outer loop
      vertex 19.5104 16.5605 0.49
      vertex 19.4794 16.3763 0
      vertex 19.4794 16.3763 0.49
    endloop
  endfacet
  facet normal -0.970143 0.242536 0
    outer loop
      vertex 19.436 16.2027 0
      vertex 19.4794 16.3763 0.49
      vertex 19.4794 16.3763 0
    endloop
  endfacet
  facet normal -0.970143 0.242536 0
    outer loop
      vertex 19.4794 16.3763 0.49
      vertex 19.436 16.2027 0
      vertex 19.436 16.2027 0.49
    endloop
  endfacet
  facet normal -0.946215 0.323537 0
    outer loop
      vertex 19.3803 16.0398 0
      vertex 19.436 16.2027 0.49
      vertex 19.436 16.2027 0
    endloop
  endfacet
  facet normal -0.946215 0.323537 0
    outer loop
      vertex 19.436 16.2027 0.49
      vertex 19.3803 16.0398 0
      vertex 19.3803 16.0398 0.49
    endloop
  endfacet
  facet normal -0.912671 0.408695 0
    outer loop
      vertex 19.3121 15.8875 0
      vertex 19.3803 16.0398 0.49
      vertex 19.3803 16.0398 0
    endloop
  endfacet
  facet normal -0.912671 0.408695 0
    outer loop
      vertex 19.3803 16.0398 0.49
      vertex 19.3121 15.8875 0
      vertex 19.3121 15.8875 0.49
    endloop
  endfacet
  facet normal -0.869187 0.494484 0
    outer loop
      vertex 19.2316 15.746 0
      vertex 19.3121 15.8875 0.49
      vertex 19.3121 15.8875 0
    endloop
  endfacet
  facet normal -0.869187 0.494484 0
    outer loop
      vertex 19.3121 15.8875 0.49
      vertex 19.2316 15.746 0
      vertex 19.2316 15.746 0.49
    endloop
  endfacet
  facet normal -0.815498 0.57876 0
    outer loop
      vertex 19.1387 15.6151 0
      vertex 19.2316 15.746 0.49
      vertex 19.2316 15.746 0
    endloop
  endfacet
  facet normal -0.815498 0.57876 0
    outer loop
      vertex 19.2316 15.746 0.49
      vertex 19.1387 15.6151 0
      vertex 19.1387 15.6151 0.49
    endloop
  endfacet
  facet normal -0.751607 0.659612 0
    outer loop
      vertex 19.0333 15.495 0
      vertex 19.1387 15.6151 0.49
      vertex 19.1387 15.6151 0
    endloop
  endfacet
  facet normal -0.751607 0.659612 0
    outer loop
      vertex 19.1387 15.6151 0.49
      vertex 19.0333 15.495 0
      vertex 19.0333 15.495 0.49
    endloop
  endfacet
  facet normal -0.680595 0.732659 0
    outer loop
      vertex 19.0333 15.495 0
      vertex 18.9165 15.3865 0.49
      vertex 19.0333 15.495 0.49
    endloop
  endfacet
  facet normal -0.680595 0.732659 0
    outer loop
      vertex 18.9165 15.3865 0.49
      vertex 19.0333 15.495 0
      vertex 18.9165 15.3865 0
    endloop
  endfacet
  facet normal -0.5999 0.800075 0
    outer loop
      vertex 18.9165 15.3865 0
      vertex 18.789 15.2909 0.49
      vertex 18.9165 15.3865 0.49
    endloop
  endfacet
  facet normal -0.5999 0.800075 0
    outer loop
      vertex 18.789 15.2909 0.49
      vertex 18.9165 15.3865 0
      vertex 18.789 15.2909 0
    endloop
  endfacet
  facet normal -0.51561 0.856823 0
    outer loop
      vertex 18.789 15.2909 0
      vertex 18.7551 15.2705 0.49
      vertex 18.789 15.2909 0.49
    endloop
  endfacet
  facet normal -0.51561 0.856823 0
    outer loop
      vertex 18.7551 15.2705 0.49
      vertex 18.789 15.2909 0
      vertex 18.7551 15.2705 0
    endloop
  endfacet
  facet normal 0 1 -0
    outer loop
      vertex 36.83 15.0325 0
      vertex 36.3195 15.0325 0.49
      vertex 36.83 15.0325 0.49
    endloop
  endfacet
  facet normal 0 1 0
    outer loop
      vertex 36.3195 15.0325 0.49
      vertex 36.83 15.0325 0
      vertex 36.3195 15.0325 0
    endloop
  endfacet
  facet normal 1 -0 0
    outer loop
      vertex 36.3195 15.0325 0.49
      vertex 36.3195 18.8544 0
      vertex 36.3195 18.8544 0.49
    endloop
  endfacet
  facet normal 1 0 0
    outer loop
      vertex 36.3195 18.8544 0
      vertex 36.3195 15.0325 0.49
      vertex 36.3195 15.0325 0
    endloop
  endfacet
  facet normal 0 -1 0
    outer loop
      vertex 36.3195 18.8544 0
      vertex 36.8611 18.8544 0.49
      vertex 36.3195 18.8544 0.49
    endloop
  endfacet
  facet normal 0 -1 -0
    outer loop
      vertex 36.8611 18.8544 0.49
      vertex 36.3195 18.8544 0
      vertex 36.8611 18.8544 0
    endloop
  endfacet
  facet normal 0 -1 0
    outer loop
      vertex 32.5507 15.6509 0
      vertex 34.8672 15.6509 0.49
      vertex 32.5507 15.6509 0.49
    endloop
  endfacet
  facet normal 0 -1 -0
    outer loop
      vertex 34.8672 15.6509 0.49
      vertex 32.5507 15.6509 0
      vertex 34.8672 15.6509 0
    endloop
  endfacet
  facet normal 1 -0 0
    outer loop
      vertex 34.8672 15.6509 0.49
      vertex 34.8672 16.6573 0
      vertex 34.8672 16.6573 0.49
    endloop
  endfacet
  facet normal 1 0 0
    outer loop
      vertex 34.8672 16.6573 0
      vertex 34.8672 15.6509 0.49
      vertex 34.8672 15.6509 0
    endloop
  endfacet
  facet normal 0 1 -0
    outer loop
      vertex 34.8672 16.6573 0
      vertex 32.8274 16.6573 0.49
      vertex 34.8672 16.6573 0.49
    endloop
  endfacet
  facet normal 0 1 0
    outer loop
      vertex 32.8274 16.6573 0.49
      vertex 34.8672 16.6573 0
      vertex 32.8274 16.6573 0
    endloop
  endfacet
  facet normal 1 -0 0
    outer loop
      vertex 32.8274 16.6573 0.49
      vertex 32.8274 17.2757 0
      vertex 32.8274 17.2757 0.49
    endloop
  endfacet
  facet normal 1 0 0
    outer loop
      vertex 32.8274 17.2757 0
      vertex 32.8274 16.6573 0.49
      vertex 32.8274 16.6573 0
    endloop
  endfacet
  facet normal 0 -1 0
    outer loop
      vertex 32.8274 17.2757 0
      vertex 34.8672 17.2757 0.49
      vertex 32.8274 17.2757 0.49
    endloop
  endfacet
  facet normal 0 -1 -0
    outer loop
      vertex 34.8672 17.2757 0.49
      vertex 32.8274 17.2757 0
      vertex 34.8672 17.2757 0
    endloop
  endfacet
  facet normal 1 -0 0
    outer loop
      vertex 34.8672 17.2757 0.49
      vertex 34.8672 18.236 0
      vertex 34.8672 18.236 0.49
    endloop
  endfacet
  facet normal 1 0 0
    outer loop
      vertex 34.8672 18.236 0
      vertex 34.8672 17.2757 0.49
      vertex 34.8672 17.2757 0
    endloop
  endfacet
  facet normal 0 1 -0
    outer loop
      vertex 34.8672 18.236 0
      vertex 32.6619 18.236 0.49
      vertex 34.8672 18.236 0.49
    endloop
  endfacet
  facet normal 0 1 0
    outer loop
      vertex 32.6619 18.236 0.49
      vertex 34.8672 18.236 0
      vertex 32.6619 18.236 0
    endloop
  endfacet
  facet normal 1 -0 0
    outer loop
      vertex 32.6619 18.236 0.49
      vertex 32.6619 18.8544 0
      vertex 32.6619 18.8544 0.49
    endloop
  endfacet
  facet normal 1 0 0
    outer loop
      vertex 32.6619 18.8544 0
      vertex 32.6619 18.236 0.49
      vertex 32.6619 18.236 0
    endloop
  endfacet
  facet normal 0 -1 0
    outer loop
      vertex 32.6619 18.8544 0
      vertex 35.6674 18.8544 0.49
      vertex 32.6619 18.8544 0.49
    endloop
  endfacet
  facet normal 0 -1 -0
    outer loop
      vertex 35.6674 18.8544 0.49
      vertex 32.6619 18.8544 0
      vertex 35.6674 18.8544 0
    endloop
  endfacet
  facet normal -1 0 0
    outer loop
      vertex 35.6674 15.0325 0
      vertex 35.6674 18.8544 0.49
      vertex 35.6674 18.8544 0
    endloop
  endfacet
  facet normal -1 -0 0
    outer loop
      vertex 35.6674 18.8544 0.49
      vertex 35.6674 15.0325 0
      vertex 35.6674 15.0325 0.49
    endloop
  endfacet
  facet normal 0 1 -0
    outer loop
      vertex 35.6674 15.0325 0
      vertex 32.5507 15.0325 0.49
      vertex 35.6674 15.0325 0.49
    endloop
  endfacet
  facet normal 0 1 0
    outer loop
      vertex 32.5507 15.0325 0.49
      vertex 35.6674 15.0325 0
      vertex 32.5507 15.0325 0
    endloop
  endfacet
  facet normal 1 -0 0
    outer loop
      vertex 32.5507 15.0325 0.49
      vertex 32.5507 15.6509 0
      vertex 32.5507 15.6509 0.49
    endloop
  endfacet
  facet normal 1 0 0
    outer loop
      vertex 32.5507 15.6509 0
      vertex 32.5507 15.0325 0.49
      vertex 32.5507 15.0325 0
    endloop
  endfacet
  facet normal 0 -1 0
    outer loop
      vertex 31.2486 18.8544 0
      vertex 32.0487 18.8544 0.49
      vertex 31.2486 18.8544 0.49
    endloop
  endfacet
  facet normal 0 -1 -0
    outer loop
      vertex 32.0487 18.8544 0.49
      vertex 31.2486 18.8544 0
      vertex 32.0487 18.8544 0
    endloop
  endfacet
  facet normal -1 0 0
    outer loop
      vertex 32.0487 15.0325 0
      vertex 32.0487 18.8544 0.49
      vertex 32.0487 18.8544 0
    endloop
  endfacet
  facet normal -1 -0 0
    outer loop
      vertex 32.0487 18.8544 0.49
      vertex 32.0487 15.0325 0
      vertex 32.0487 15.0325 0.49
    endloop
  endfacet
  facet normal 0 1 -0
    outer loop
      vertex 32.0487 15.0325 0
      vertex 31.2486 15.0325 0.49
      vertex 32.0487 15.0325 0.49
    endloop
  endfacet
  facet normal 0 1 0
    outer loop
      vertex 31.2486 15.0325 0.49
      vertex 32.0487 15.0325 0
      vertex 31.2486 15.0325 0
    endloop
  endfacet
  facet normal 1 -0 0
    outer loop
      vertex 31.2486 15.0325 0.49
      vertex 31.2486 18.8544 0
      vertex 31.2486 18.8544 0.49
    endloop
  endfacet
  facet normal 1 0 0
    outer loop
      vertex 31.2486 18.8544 0
      vertex 31.2486 15.0325 0.49
      vertex 31.2486 15.0325 0
    endloop
  endfacet
  facet normal 0 -1 0
    outer loop
      vertex 27.6797 15.6591 0
      vertex 29.8578 15.6591 0.49
      vertex 27.6797 15.6591 0.49
    endloop
  endfacet
  facet normal 0 -1 -0
    outer loop
      vertex 29.8578 15.6591 0.49
      vertex 27.6797 15.6591 0
      vertex 29.8578 15.6591 0
    endloop
  endfacet
  facet normal 0.787297 0.616574 0
    outer loop
      vertex 29.8578 15.6591 0.49
      vertex 27.7909 18.2983 0
      vertex 27.7909 18.2983 0.49
    endloop
  endfacet
  facet normal 0.787297 0.616574 0
    outer loop
      vertex 27.7909 18.2983 0
      vertex 29.8578 15.6591 0.49
      vertex 29.8578 15.6591 0
    endloop
  endfacet
  facet normal 1 -0 0
    outer loop
      vertex 27.7909 18.2983 0.49
      vertex 27.7909 18.8544 0
      vertex 27.7909 18.8544 0.49
    endloop
  endfacet
  facet normal 1 0 0
    outer loop
      vertex 27.7909 18.8544 0
      vertex 27.7909 18.2983 0.49
      vertex 27.7909 18.2983 0
    endloop
  endfacet
  facet normal 0 -1 0
    outer loop
      vertex 27.7909 18.8544 0
      vertex 30.5414 18.8544 0.49
      vertex 27.7909 18.8544 0.49
    endloop
  endfacet
  facet normal 0 -1 -0
    outer loop
      vertex 30.5414 18.8544 0.49
      vertex 27.7909 18.8544 0
      vertex 30.5414 18.8544 0
    endloop
  endfacet
  facet normal -1 0 0
    outer loop
      vertex 30.5414 18.2278 0
      vertex 30.5414 18.8544 0.49
      vertex 30.5414 18.8544 0
    endloop
  endfacet
  facet normal -1 -0 0
    outer loop
      vertex 30.5414 18.8544 0.49
      vertex 30.5414 18.2278 0
      vertex 30.5414 18.2278 0.49
    endloop
  endfacet
  facet normal 0 1 -0
    outer loop
      vertex 30.5414 18.2278 0
      vertex 28.6806 18.2278 0.49
      vertex 30.5414 18.2278 0.49
    endloop
  endfacet
  facet normal 0 1 0
    outer loop
      vertex 28.6806 18.2278 0.49
      vertex 30.5414 18.2278 0
      vertex 28.6806 18.2278 0
    endloop
  endfacet
  facet normal -0.786067 -0.618141 0
    outer loop
      vertex 30.7475 15.5994 0
      vertex 28.6806 18.2278 0.49
      vertex 28.6806 18.2278 0
    endloop
  endfacet
  facet normal -0.786067 -0.618141 0
    outer loop
      vertex 28.6806 18.2278 0.49
      vertex 30.7475 15.5994 0
      vertex 30.7475 15.5994 0.49
    endloop
  endfacet
  facet normal -1 0 0
    outer loop
      vertex 30.7475 15.0325 0
      vertex 30.7475 15.5994 0.49
      vertex 30.7475 15.5994 0
    endloop
  endfacet
  facet normal -1 -0 0
    outer loop
      vertex 30.7475 15.5994 0.49
      vertex 30.7475 15.0325 0
      vertex 30.7475 15.0325 0.49
    endloop
  endfacet
  facet normal 0 1 -0
    outer loop
      vertex 30.7475 15.0325 0
      vertex 27.6797 15.0325 0.49
      vertex 30.7475 15.0325 0.49
    endloop
  endfacet
  facet normal 0 1 0
    outer loop
      vertex 27.6797 15.0325 0.49
      vertex 30.7475 15.0325 0
      vertex 27.6797 15.0325 0
    endloop
  endfacet
  facet normal 1 -0 0
    outer loop
      vertex 27.6797 15.0325 0.49
      vertex 27.6797 15.6591 0
      vertex 27.6797 15.6591 0.49
    endloop
  endfacet
  facet normal 1 0 0
    outer loop
      vertex 27.6797 15.6591 0
      vertex 27.6797 15.0325 0.49
      vertex 27.6797 15.0325 0
    endloop
  endfacet
  facet normal 0.0881197 0.99611 -0
    outer loop
      vertex 25.4615 14.9832 0
      vertex 25.2942 14.998 0.49
      vertex 25.4615 14.9832 0.49
    endloop
  endfacet
  facet normal 0.0881197 0.99611 0
    outer loop
      vertex 25.2942 14.998 0.49
      vertex 25.4615 14.9832 0
      vertex 25.2942 14.998 0
    endloop
  endfacet
  facet normal 0.154167 0.988045 -0
    outer loop
      vertex 25.2942 14.998 0
      vertex 25.1359 15.0227 0.49
      vertex 25.2942 14.998 0.49
    endloop
  endfacet
  facet normal 0.154167 0.988045 0
    outer loop
      vertex 25.1359 15.0227 0.49
      vertex 25.2942 14.998 0
      vertex 25.1359 15.0227 0
    endloop
  endfacet
  facet normal 0.225765 0.974182 -0
    outer loop
      vertex 25.1359 15.0227 0
      vertex 24.9866 15.0573 0.49
      vertex 25.1359 15.0227 0.49
    endloop
  endfacet
  facet normal 0.225765 0.974182 0
    outer loop
      vertex 24.9866 15.0573 0.49
      vertex 25.1359 15.0227 0
      vertex 24.9866 15.0573 0
    endloop
  endfacet
  facet normal 0.302334 0.953202 -0
    outer loop
      vertex 24.9866 15.0573 0
      vertex 24.8463 15.1018 0.49
      vertex 24.9866 15.0573 0.49
    endloop
  endfacet
  facet normal 0.302334 0.953202 0
    outer loop
      vertex 24.8463 15.1018 0.49
      vertex 24.9866 15.0573 0
      vertex 24.8463 15.1018 0
    endloop
  endfacet
  facet normal 0.382165 0.924094 -0
    outer loop
      vertex 24.8463 15.1018 0
      vertex 24.715 15.1561 0.49
      vertex 24.8463 15.1018 0.49
    endloop
  endfacet
  facet normal 0.382165 0.924094 0
    outer loop
      vertex 24.715 15.1561 0.49
      vertex 24.8463 15.1018 0
      vertex 24.715 15.1561 0
    endloop
  endfacet
  facet normal 0.464791 0.88542 -0
    outer loop
      vertex 24.715 15.1561 0
      vertex 24.5927 15.2203 0.49
      vertex 24.715 15.1561 0.49
    endloop
  endfacet
  facet normal 0.464791 0.88542 0
    outer loop
      vertex 24.5927 15.2203 0.49
      vertex 24.715 15.1561 0
      vertex 24.5927 15.2203 0
    endloop
  endfacet
  facet normal 0.547687 0.836683 -0
    outer loop
      vertex 24.5927 15.2203 0
      vertex 24.4795 15.2944 0.49
      vertex 24.5927 15.2203 0.49
    endloop
  endfacet
  facet normal 0.547687 0.836683 0
    outer loop
      vertex 24.4795 15.2944 0.49
      vertex 24.5927 15.2203 0
      vertex 24.4795 15.2944 0
    endloop
  endfacet
  facet normal 0.626788 0.77919 -0
    outer loop
      vertex 24.4795 15.2944 0
      vertex 24.3752 15.3783 0.49
      vertex 24.4795 15.2944 0.49
    endloop
  endfacet
  facet normal 0.626788 0.77919 0
    outer loop
      vertex 24.3752 15.3783 0.49
      vertex 24.4795 15.2944 0
      vertex 24.3752 15.3783 0
    endloop
  endfacet
  facet normal 0.70256 0.711625 -0
    outer loop
      vertex 24.3752 15.3783 0
      vertex 24.281 15.4713 0.49
      vertex 24.3752 15.3783 0.49
    endloop
  endfacet
  facet normal 0.70256 0.711625 0
    outer loop
      vertex 24.281 15.4713 0.49
      vertex 24.3752 15.3783 0
      vertex 24.281 15.4713 0
    endloop
  endfacet
  facet normal 0.771842 0.635814 0
    outer loop
      vertex 24.281 15.4713 0.49
      vertex 24.1978 15.5723 0
      vertex 24.1978 15.5723 0.49
    endloop
  endfacet
  facet normal 0.771842 0.635814 0
    outer loop
      vertex 24.1978 15.5723 0
      vertex 24.281 15.4713 0.49
      vertex 24.281 15.4713 0
    endloop
  endfacet
  facet normal 0.834631 0.55081 0
    outer loop
      vertex 24.1978 15.5723 0.49
      vertex 24.1258 15.6814 0
      vertex 24.1258 15.6814 0.49
    endloop
  endfacet
  facet normal 0.834631 0.55081 0
    outer loop
      vertex 24.1258 15.6814 0
      vertex 24.1978 15.5723 0.49
      vertex 24.1978 15.5723 0
    endloop
  endfacet
  facet normal 0.886882 0.461996 0
    outer loop
      vertex 24.1258 15.6814 0.49
      vertex 24.0648 15.7985 0
      vertex 24.0648 15.7985 0.49
    endloop
  endfacet
  facet normal 0.886882 0.461996 0
    outer loop
      vertex 24.0648 15.7985 0
      vertex 24.1258 15.6814 0.49
      vertex 24.1258 15.6814 0
    endloop
  endfacet
  facet normal 0.929293 0.369344 0
    outer loop
      vertex 24.0648 15.7985 0.49
      vertex 24.015 15.9238 0
      vertex 24.015 15.9238 0.49
    endloop
  endfacet
  facet normal 0.929293 0.369344 0
    outer loop
      vertex 24.015 15.9238 0
      vertex 24.0648 15.7985 0.49
      vertex 24.0648 15.7985 0
    endloop
  endfacet
  facet normal 0.960153 0.279474 0
    outer loop
      vertex 24.015 15.9238 0.49
      vertex 23.9762 16.0571 0
      vertex 23.9762 16.0571 0.49
    endloop
  endfacet
  facet normal 0.960153 0.279474 0
    outer loop
      vertex 23.9762 16.0571 0
      vertex 24.015 15.9238 0.49
      vertex 24.015 15.9238 0
    endloop
  endfacet
  facet normal 0.98119 0.193044 0
    outer loop
      vertex 23.9762 16.0571 0.49
      vertex 23.9484 16.1984 0
      vertex 23.9484 16.1984 0.49
    endloop
  endfacet
  facet normal 0.98119 0.193044 0
    outer loop
      vertex 23.9484 16.1984 0
      vertex 23.9762 16.0571 0.49
      vertex 23.9762 16.0571 0
    endloop
  endfacet
  facet normal 0.993892 0.110359 0
    outer loop
      vertex 23.9484 16.1984 0.49
      vertex 23.9318 16.3479 0
      vertex 23.9318 16.3479 0.49
    endloop
  endfacet
  facet normal 0.993892 0.110359 0
    outer loop
      vertex 23.9318 16.3479 0
      vertex 23.9484 16.1984 0.49
      vertex 23.9484 16.1984 0
    endloop
  endfacet
  facet normal 0.999391 0.0348994 0
    outer loop
      vertex 23.9318 16.3479 0.49
      vertex 23.9263 16.5054 0
      vertex 23.9263 16.5054 0.49
    endloop
  endfacet
  facet normal 0.999391 0.0348994 0
    outer loop
      vertex 23.9263 16.5054 0
      vertex 23.9318 16.3479 0.49
      vertex 23.9318 16.3479 0
    endloop
  endfacet
  facet normal 1 -0 0
    outer loop
      vertex 23.9263 16.5054 0.49
      vertex 23.9263 18.8544 0
      vertex 23.9263 18.8544 0.49
    endloop
  endfacet
  facet normal 1 0 0
    outer loop
      vertex 23.9263 18.8544 0
      vertex 23.9263 16.5054 0.49
      vertex 23.9263 16.5054 0
    endloop
  endfacet
  facet normal 0 -1 0
    outer loop
      vertex 23.9263 18.8544 0
      vertex 24.7265 18.8544 0.49
      vertex 23.9263 18.8544 0.49
    endloop
  endfacet
  facet normal 0 -1 -0
    outer loop
      vertex 24.7265 18.8544 0.49
      vertex 23.9263 18.8544 0
      vertex 24.7265 18.8544 0
    endloop
  endfacet
  facet normal -1 0 0
    outer loop
      vertex 24.7265 16.5542 0
      vertex 24.7265 18.8544 0.49
      vertex 24.7265 18.8544 0
    endloop
  endfacet
  facet normal -1 -0 0
    outer loop
      vertex 24.7265 18.8544 0.49
      vertex 24.7265 16.5542 0
      vertex 24.7265 16.5542 0.49
    endloop
  endfacet
  facet normal -0.999602 -0.0282146 0
    outer loop
      vertex 24.7293 16.455 0
      vertex 24.7265 16.5542 0.49
      vertex 24.7265 16.5542 0
    endloop
  endfacet
  facet normal -0.999602 -0.0282146 0
    outer loop
      vertex 24.7265 16.5542 0.49
      vertex 24.7293 16.455 0
      vertex 24.7293 16.455 0.49
    endloop
  endfacet
  facet normal -0.995841 -0.0911089 0
    outer loop
      vertex 24.7379 16.361 0
      vertex 24.7293 16.455 0.49
      vertex 24.7293 16.455 0
    endloop
  endfacet
  facet normal -0.995841 -0.0911089 0
    outer loop
      vertex 24.7293 16.455 0.49
      vertex 24.7379 16.361 0
      vertex 24.7379 16.361 0.49
    endloop
  endfacet
  facet normal -0.987427 -0.158077 0
    outer loop
      vertex 24.7521 16.2723 0
      vertex 24.7379 16.361 0.49
      vertex 24.7379 16.361 0
    endloop
  endfacet
  facet normal -0.987427 -0.158077 0
    outer loop
      vertex 24.7379 16.361 0.49
      vertex 24.7521 16.2723 0
      vertex 24.7521 16.2723 0.49
    endloop
  endfacet
  facet normal -0.972756 -0.231831 0
    outer loop
      vertex 24.772 16.1888 0
      vertex 24.7521 16.2723 0.49
      vertex 24.7521 16.2723 0
    endloop
  endfacet
  facet normal -0.972756 -0.231831 0
    outer loop
      vertex 24.7521 16.2723 0.49
      vertex 24.772 16.1888 0
      vertex 24.772 16.1888 0.49
    endloop
  endfacet
  facet normal -0.950371 -0.311119 0
    outer loop
      vertex 24.7976 16.1106 0
      vertex 24.772 16.1888 0.49
      vertex 24.772 16.1888 0
    endloop
  endfacet
  facet normal -0.950371 -0.311119 0
    outer loop
      vertex 24.772 16.1888 0.49
      vertex 24.7976 16.1106 0
      vertex 24.7976 16.1106 0.49
    endloop
  endfacet
  facet normal -0.91908 -0.394071 0
    outer loop
      vertex 24.8289 16.0376 0
      vertex 24.7976 16.1106 0.49
      vertex 24.7976 16.1106 0
    endloop
  endfacet
  facet normal -0.91908 -0.394071 0
    outer loop
      vertex 24.7976 16.1106 0.49
      vertex 24.8289 16.0376 0
      vertex 24.8289 16.0376 0.49
    endloop
  endfacet
  facet normal -0.876953 -0.480576 0
    outer loop
      vertex 24.866 15.9699 0
      vertex 24.8289 16.0376 0.49
      vertex 24.8289 16.0376 0
    endloop
  endfacet
  facet normal -0.876953 -0.480576 0
    outer loop
      vertex 24.8289 16.0376 0.49
      vertex 24.866 15.9699 0
      vertex 24.866 15.9699 0.49
    endloop
  endfacet
  facet normal -0.825891 -0.56383 0
    outer loop
      vertex 24.9086 15.9075 0
      vertex 24.866 15.9699 0.49
      vertex 24.866 15.9699 0
    endloop
  endfacet
  facet normal -0.825891 -0.56383 0
    outer loop
      vertex 24.866 15.9699 0.49
      vertex 24.9086 15.9075 0
      vertex 24.9086 15.9075 0.49
    endloop
  endfacet
  facet normal -0.763386 -0.645942 0
    outer loop
      vertex 24.957 15.8503 0
      vertex 24.9086 15.9075 0.49
      vertex 24.9086 15.9075 0
    endloop
  endfacet
  facet normal -0.763386 -0.645942 0
    outer loop
      vertex 24.9086 15.9075 0.49
      vertex 24.957 15.8503 0
      vertex 24.957 15.8503 0.49
    endloop
  endfacet
  facet normal -0.692168 -0.721736 0
    outer loop
      vertex 24.957 15.8503 0
      vertex 25.0107 15.7988 0.49
      vertex 24.957 15.8503 0.49
    endloop
  endfacet
  facet normal -0.692168 -0.721736 -0
    outer loop
      vertex 25.0107 15.7988 0.49
      vertex 24.957 15.8503 0
      vertex 25.0107 15.7988 0
    endloop
  endfacet
  facet normal -0.613287 -0.78986 0
    outer loop
      vertex 25.0107 15.7988 0
      vertex 25.0693 15.7533 0.49
      vertex 25.0107 15.7988 0.49
    endloop
  endfacet
  facet normal -0.613287 -0.78986 -0
    outer loop
      vertex 25.0693 15.7533 0.49
      vertex 25.0107 15.7988 0
      vertex 25.0693 15.7533 0
    endloop
  endfacet
  facet normal -0.52783 -0.84935 0
    outer loop
      vertex 25.0693 15.7533 0
      vertex 25.1327 15.7139 0.49
      vertex 25.0693 15.7533 0.49
    endloop
  endfacet
  facet normal -0.52783 -0.84935 -0
    outer loop
      vertex 25.1327 15.7139 0.49
      vertex 25.0693 15.7533 0
      vertex 25.1327 15.7139 0
    endloop
  endfacet
  facet normal -0.437724 -0.899109 0
    outer loop
      vertex 25.1327 15.7139 0
      vertex 25.2011 15.6806 0.49
      vertex 25.1327 15.7139 0.49
    endloop
  endfacet
  facet normal -0.437724 -0.899109 -0
    outer loop
      vertex 25.2011 15.6806 0.49
      vertex 25.1327 15.7139 0
      vertex 25.2011 15.6806 0
    endloop
  endfacet
  facet normal -0.34944 -0.936959 0
    outer loop
      vertex 25.2011 15.6806 0
      vertex 25.2743 15.6533 0.49
      vertex 25.2011 15.6806 0.49
    endloop
  endfacet
  facet normal -0.34944 -0.936959 -0
    outer loop
      vertex 25.2743 15.6533 0.49
      vertex 25.2011 15.6806 0
      vertex 25.2743 15.6533 0
    endloop
  endfacet
  facet normal -0.261967 -0.965077 0
    outer loop
      vertex 25.2743 15.6533 0
      vertex 25.3524 15.6321 0.49
      vertex 25.2743 15.6533 0.49
    endloop
  endfacet
  facet normal -0.261967 -0.965077 -0
    outer loop
      vertex 25.3524 15.6321 0.49
      vertex 25.2743 15.6533 0
      vertex 25.3524 15.6321 0
    endloop
  endfacet
  facet normal -0.179927 -0.98368 0
    outer loop
      vertex 25.3524 15.6321 0
      vertex 25.4355 15.6169 0.49
      vertex 25.3524 15.6321 0.49
    endloop
  endfacet
  facet normal -0.179927 -0.98368 -0
    outer loop
      vertex 25.4355 15.6169 0.49
      vertex 25.3524 15.6321 0
      vertex 25.4355 15.6169 0
    endloop
  endfacet
  facet normal -0.101857 -0.994799 0
    outer loop
      vertex 25.4355 15.6169 0
      vertex 25.5234 15.6079 0.49
      vertex 25.4355 15.6169 0.49
    endloop
  endfacet
  facet normal -0.101857 -0.994799 -0
    outer loop
      vertex 25.5234 15.6079 0.49
      vertex 25.4355 15.6169 0
      vertex 25.5234 15.6079 0
    endloop
  endfacet
  facet normal -0.0334225 -0.999441 0
    outer loop
      vertex 25.5234 15.6079 0
      vertex 25.6161 15.6048 0.49
      vertex 25.5234 15.6079 0.49
    endloop
  endfacet
  facet normal -0.0334225 -0.999441 -0
    outer loop
      vertex 25.6161 15.6048 0.49
      vertex 25.5234 15.6079 0
      vertex 25.6161 15.6048 0
    endloop
  endfacet
  facet normal 0.0320632 -0.999486 0
    outer loop
      vertex 25.6161 15.6048 0
      vertex 25.7065 15.6077 0.49
      vertex 25.6161 15.6048 0.49
    endloop
  endfacet
  facet normal 0.0320632 -0.999486 0
    outer loop
      vertex 25.7065 15.6077 0.49
      vertex 25.6161 15.6048 0
      vertex 25.7065 15.6077 0
    endloop
  endfacet
  facet normal 0.101467 -0.994839 0
    outer loop
      vertex 25.7065 15.6077 0
      vertex 25.7918 15.6164 0.49
      vertex 25.7065 15.6077 0.49
    endloop
  endfacet
  facet normal 0.101467 -0.994839 0
    outer loop
      vertex 25.7918 15.6164 0.49
      vertex 25.7065 15.6077 0
      vertex 25.7918 15.6164 0
    endloop
  endfacet
  facet normal 0.177485 -0.984124 0
    outer loop
      vertex 25.7918 15.6164 0
      vertex 25.8722 15.6309 0.49
      vertex 25.7918 15.6164 0.49
    endloop
  endfacet
  facet normal 0.177485 -0.984124 0
    outer loop
      vertex 25.8722 15.6309 0.49
      vertex 25.7918 15.6164 0
      vertex 25.8722 15.6309 0
    endloop
  endfacet
  facet normal 0.260295 -0.965529 0
    outer loop
      vertex 25.8722 15.6309 0
      vertex 25.9475 15.6512 0.49
      vertex 25.8722 15.6309 0.49
    endloop
  endfacet
  facet normal 0.260295 -0.965529 0
    outer loop
      vertex 25.9475 15.6512 0.49
      vertex 25.8722 15.6309 0
      vertex 25.9475 15.6512 0
    endloop
  endfacet
  facet normal 0.347618 -0.937636 0
    outer loop
      vertex 25.9475 15.6512 0
      vertex 26.0179 15.6773 0.49
      vertex 25.9475 15.6512 0.49
    endloop
  endfacet
  facet normal 0.347618 -0.937636 0
    outer loop
      vertex 26.0179 15.6773 0.49
      vertex 25.9475 15.6512 0
      vertex 26.0179 15.6773 0
    endloop
  endfacet
  facet normal 0.437285 -0.899323 0
    outer loop
      vertex 26.0179 15.6773 0
      vertex 26.0833 15.7091 0.49
      vertex 26.0179 15.6773 0.49
    endloop
  endfacet
  facet normal 0.437285 -0.899323 0
    outer loop
      vertex 26.0833 15.7091 0.49
      vertex 26.0179 15.6773 0
      vertex 26.0833 15.7091 0
    endloop
  endfacet
  facet normal 0.529494 -0.848314 0
    outer loop
      vertex 26.0833 15.7091 0
      vertex 26.1437 15.7468 0.49
      vertex 26.0833 15.7091 0.49
    endloop
  endfacet
  facet normal 0.529494 -0.848314 0
    outer loop
      vertex 26.1437 15.7468 0.49
      vertex 26.0833 15.7091 0
      vertex 26.1437 15.7468 0
    endloop
  endfacet
  facet normal 0.616691 -0.787205 0
    outer loop
      vertex 26.1437 15.7468 0
      vertex 26.1991 15.7902 0.49
      vertex 26.1437 15.7468 0.49
    endloop
  endfacet
  facet normal 0.616691 -0.787205 0
    outer loop
      vertex 26.1991 15.7902 0.49
      vertex 26.1437 15.7468 0
      vertex 26.1991 15.7902 0
    endloop
  endfacet
  facet normal 0.699263 -0.714865 0
    outer loop
      vertex 26.1991 15.7902 0
      vertex 26.2495 15.8395 0.49
      vertex 26.1991 15.7902 0.49
    endloop
  endfacet
  facet normal 0.699263 -0.714865 0
    outer loop
      vertex 26.2495 15.8395 0.49
      vertex 26.1991 15.7902 0
      vertex 26.2495 15.8395 0
    endloop
  endfacet
  facet normal 0.770752 -0.637136 0
    outer loop
      vertex 26.2495 15.8395 0.49
      vertex 26.2948 15.8943 0
      vertex 26.2948 15.8943 0.49
    endloop
  endfacet
  facet normal 0.770752 -0.637136 0
    outer loop
      vertex 26.2948 15.8943 0
      vertex 26.2495 15.8395 0.49
      vertex 26.2495 15.8395 0
    endloop
  endfacet
  facet normal 0.833538 -0.552462 0
    outer loop
      vertex 26.2948 15.8943 0.49
      vertex 26.3347 15.9545 0
      vertex 26.3347 15.9545 0.49
    endloop
  endfacet
  facet normal 0.833538 -0.552462 0
    outer loop
      vertex 26.3347 15.9545 0
      vertex 26.2948 15.8943 0.49
      vertex 26.2948 15.8943 0
    endloop
  endfacet
  facet normal 0.884801 -0.465968 0
    outer loop
      vertex 26.3347 15.9545 0.49
      vertex 26.3693 16.0202 0
      vertex 26.3693 16.0202 0.49
    endloop
  endfacet
  facet normal 0.884801 -0.465968 0
    outer loop
      vertex 26.3693 16.0202 0
      vertex 26.3347 15.9545 0.49
      vertex 26.3347 15.9545 0
    endloop
  endfacet
  facet normal 0.924381 -0.38147 0
    outer loop
      vertex 26.3693 16.0202 0.49
      vertex 26.3986 16.0912 0
      vertex 26.3986 16.0912 0.49
    endloop
  endfacet
  facet normal 0.924381 -0.38147 0
    outer loop
      vertex 26.3986 16.0912 0
      vertex 26.3693 16.0202 0.49
      vertex 26.3693 16.0202 0
    endloop
  endfacet
  facet normal 0.954035 -0.299697 0
    outer loop
      vertex 26.3986 16.0912 0.49
      vertex 26.4226 16.1676 0
      vertex 26.4226 16.1676 0.49
    endloop
  endfacet
  facet normal 0.954035 -0.299697 0
    outer loop
      vertex 26.4226 16.1676 0
      vertex 26.3986 16.0912 0.49
      vertex 26.3986 16.0912 0
    endloop
  endfacet
  facet normal 0.975109 -0.221724 0
    outer loop
      vertex 26.4226 16.1676 0.49
      vertex 26.4412 16.2494 0
      vertex 26.4412 16.2494 0.49
    endloop
  endfacet
  facet normal 0.975109 -0.221724 0
    outer loop
      vertex 26.4412 16.2494 0
      vertex 26.4226 16.1676 0.49
      vertex 26.4226 16.1676 0
    endloop
  endfacet
  facet normal 0.988567 -0.150779 0
    outer loop
      vertex 26.4412 16.2494 0.49
      vertex 26.4545 16.3366 0
      vertex 26.4545 16.3366 0.49
    endloop
  endfacet
  facet normal 0.988567 -0.150779 0
    outer loop
      vertex 26.4545 16.3366 0
      vertex 26.4412 16.2494 0.49
      vertex 26.4412 16.2494 0
    endloop
  endfacet
  facet normal 0.996281 -0.0861648 0
    outer loop
      vertex 26.4545 16.3366 0.49
      vertex 26.4625 16.4291 0
      vertex 26.4625 16.4291 0.49
    endloop
  endfacet
  facet normal 0.996281 -0.0861648 0
    outer loop
      vertex 26.4625 16.4291 0
      vertex 26.4545 16.3366 0.49
      vertex 26.4545 16.3366 0
    endloop
  endfacet
  facet normal 0.999648 -0.0265213 0
    outer loop
      vertex 26.4625 16.4291 0.49
      vertex 26.4651 16.5271 0
      vertex 26.4651 16.5271 0.49
    endloop
  endfacet
  facet normal 0.999648 -0.0265213 0
    outer loop
      vertex 26.4651 16.5271 0
      vertex 26.4625 16.4291 0.49
      vertex 26.4625 16.4291 0
    endloop
  endfacet
  facet normal 1 -0 0
    outer loop
      vertex 26.4651 16.5271 0.49
      vertex 26.4651 18.8544 0
      vertex 26.4651 18.8544 0.49
    endloop
  endfacet
  facet normal 1 0 0
    outer loop
      vertex 26.4651 18.8544 0
      vertex 26.4651 16.5271 0.49
      vertex 26.4651 16.5271 0
    endloop
  endfacet
  facet normal 0 -1 0
    outer loop
      vertex 26.4651 18.8544 0
      vertex 27.2654 18.8544 0.49
      vertex 26.4651 18.8544 0.49
    endloop
  endfacet
  facet normal 0 -1 -0
    outer loop
      vertex 27.2654 18.8544 0.49
      vertex 26.4651 18.8544 0
      vertex 27.2654 18.8544 0
    endloop
  endfacet
  facet normal -1 0 0
    outer loop
      vertex 27.2654 16.4647 0
      vertex 27.2654 18.8544 0.49
      vertex 27.2654 18.8544 0
    endloop
  endfacet
  facet normal -1 -0 0
    outer loop
      vertex 27.2654 18.8544 0.49
      vertex 27.2654 16.4647 0
      vertex 27.2654 16.4647 0.49
    endloop
  endfacet
  facet normal -0.999438 0.0335295 0
    outer loop
      vertex 27.2602 16.3097 0
      vertex 27.2654 16.4647 0.49
      vertex 27.2654 16.4647 0
    endloop
  endfacet
  facet normal -0.999438 0.0335295 0
    outer loop
      vertex 27.2654 16.4647 0.49
      vertex 27.2602 16.3097 0
      vertex 27.2602 16.3097 0.49
    endloop
  endfacet
  facet normal -0.994479 0.104931 0
    outer loop
      vertex 27.2447 16.1628 0
      vertex 27.2602 16.3097 0.49
      vertex 27.2602 16.3097 0
    endloop
  endfacet
  facet normal -0.994479 0.104931 0
    outer loop
      vertex 27.2602 16.3097 0.49
      vertex 27.2447 16.1628 0
      vertex 27.2447 16.1628 0.49
    endloop
  endfacet
  facet normal -0.983008 0.183561 0
    outer loop
      vertex 27.2188 16.0241 0
      vertex 27.2447 16.1628 0.49
      vertex 27.2447 16.1628 0
    endloop
  endfacet
  facet normal -0.983008 0.183561 0
    outer loop
      vertex 27.2447 16.1628 0.49
      vertex 27.2188 16.0241 0
      vertex 27.2188 16.0241 0.49
    endloop
  endfacet
  facet normal -0.963666 0.267111 0
    outer loop
      vertex 27.1826 15.8935 0
      vertex 27.2188 16.0241 0.49
      vertex 27.2188 16.0241 0
    endloop
  endfacet
  facet normal -0.963666 0.267111 0
    outer loop
      vertex 27.2188 16.0241 0.49
      vertex 27.1826 15.8935 0
      vertex 27.1826 15.8935 0.49
    endloop
  endfacet
  facet normal -0.934464 0.356059 0
    outer loop
      vertex 27.136 15.7712 0
      vertex 27.1826 15.8935 0.49
      vertex 27.1826 15.8935 0
    endloop
  endfacet
  facet normal -0.934464 0.356059 0
    outer loop
      vertex 27.1826 15.8935 0.49
      vertex 27.136 15.7712 0
      vertex 27.136 15.7712 0.49
    endloop
  endfacet
  facet normal -0.895053 0.445959 0
    outer loop
      vertex 27.0791 15.657 0
      vertex 27.136 15.7712 0.49
      vertex 27.136 15.7712 0
    endloop
  endfacet
  facet normal -0.895053 0.445959 0
    outer loop
      vertex 27.136 15.7712 0.49
      vertex 27.0791 15.657 0
      vertex 27.0791 15.657 0.49
    endloop
  endfacet
  facet normal -0.844219 0.535999 0
    outer loop
      vertex 27.0118 15.551 0
      vertex 27.0791 15.657 0.49
      vertex 27.0791 15.657 0
    endloop
  endfacet
  facet normal -0.844219 0.535999 0
    outer loop
      vertex 27.0791 15.657 0.49
      vertex 27.0118 15.551 0
      vertex 27.0118 15.551 0.49
    endloop
  endfacet
  facet normal -0.783672 0.621174 0
    outer loop
      vertex 26.9342 15.4531 0
      vertex 27.0118 15.551 0.49
      vertex 27.0118 15.551 0
    endloop
  endfacet
  facet normal -0.783672 0.621174 0
    outer loop
      vertex 27.0118 15.551 0.49
      vertex 26.9342 15.4531 0
      vertex 26.9342 15.4531 0.49
    endloop
  endfacet
  facet normal -0.714237 0.699904 0
    outer loop
      vertex 26.8463 15.3634 0
      vertex 26.9342 15.4531 0.49
      vertex 26.9342 15.4531 0
    endloop
  endfacet
  facet normal -0.714237 0.699904 0
    outer loop
      vertex 26.9342 15.4531 0.49
      vertex 26.8463 15.3634 0
      vertex 26.8463 15.3634 0.49
    endloop
  endfacet
  facet normal -0.637309 0.770608 0
    outer loop
      vertex 26.8463 15.3634 0
      vertex 26.7486 15.2826 0.49
      vertex 26.8463 15.3634 0.49
    endloop
  endfacet
  facet normal -0.637309 0.770608 0
    outer loop
      vertex 26.7486 15.2826 0.49
      vertex 26.8463 15.3634 0
      vertex 26.7486 15.2826 0
    endloop
  endfacet
  facet normal -0.55488 0.831931 0
    outer loop
      vertex 26.7486 15.2826 0
      vertex 26.6417 15.2113 0.49
      vertex 26.7486 15.2826 0.49
    endloop
  endfacet
  facet normal -0.55488 0.831931 0
    outer loop
      vertex 26.6417 15.2113 0.49
      vertex 26.7486 15.2826 0
      vertex 26.6417 15.2113 0
    endloop
  endfacet
  facet normal -0.470193 0.882563 0
    outer loop
      vertex 26.6417 15.2113 0
      vertex 26.5257 15.1495 0.49
      vertex 26.6417 15.2113 0.49
    endloop
  endfacet
  facet normal -0.470193 0.882563 0
    outer loop
      vertex 26.5257 15.1495 0.49
      vertex 26.6417 15.2113 0
      vertex 26.5257 15.1495 0
    endloop
  endfacet
  facet normal -0.386342 0.922355 0
    outer loop
      vertex 26.5257 15.1495 0
      vertex 26.4006 15.0971 0.49
      vertex 26.5257 15.1495 0.49
    endloop
  endfacet
  facet normal -0.386342 0.922355 0
    outer loop
      vertex 26.4006 15.0971 0.49
      vertex 26.5257 15.1495 0
      vertex 26.4006 15.0971 0
    endloop
  endfacet
  facet normal -0.303848 0.95272 0
    outer loop
      vertex 26.4006 15.0971 0
      vertex 26.2664 15.0543 0.49
      vertex 26.4006 15.0971 0.49
    endloop
  endfacet
  facet normal -0.303848 0.95272 0
    outer loop
      vertex 26.2664 15.0543 0.49
      vertex 26.4006 15.0971 0
      vertex 26.2664 15.0543 0
    endloop
  endfacet
  facet normal -0.225405 0.974265 0
    outer loop
      vertex 26.2664 15.0543 0
      vertex 26.1229 15.0211 0.49
      vertex 26.2664 15.0543 0.49
    endloop
  endfacet
  facet normal -0.225405 0.974265 0
    outer loop
      vertex 26.1229 15.0211 0.49
      vertex 26.2664 15.0543 0
      vertex 26.1229 15.0211 0
    endloop
  endfacet
  facet normal -0.154199 0.98804 0
    outer loop
      vertex 26.1229 15.0211 0
      vertex 25.9704 14.9973 0.49
      vertex 26.1229 15.0211 0.49
    endloop
  endfacet
  facet normal -0.154199 0.98804 0
    outer loop
      vertex 25.9704 14.9973 0.49
      vertex 26.1229 15.0211 0
      vertex 25.9704 14.9973 0
    endloop
  endfacet
  facet normal -0.0880916 0.996112 0
    outer loop
      vertex 25.9704 14.9973 0
      vertex 25.8087 14.983 0.49
      vertex 25.9704 14.9973 0.49
    endloop
  endfacet
  facet normal -0.0880916 0.996112 0
    outer loop
      vertex 25.8087 14.983 0.49
      vertex 25.9704 14.9973 0
      vertex 25.8087 14.983 0
    endloop
  endfacet
  facet normal -0.0275072 0.999622 0
    outer loop
      vertex 25.8087 14.983 0
      vertex 25.6379 14.9783 0.49
      vertex 25.8087 14.983 0.49
    endloop
  endfacet
  facet normal -0.0275072 0.999622 0
    outer loop
      vertex 25.6379 14.9783 0.49
      vertex 25.8087 14.983 0
      vertex 25.6379 14.9783 0
    endloop
  endfacet
  facet normal 0.0277671 0.999614 -0
    outer loop
      vertex 25.6379 14.9783 0
      vertex 25.4615 14.9832 0.49
      vertex 25.6379 14.9783 0.49
    endloop
  endfacet
  facet normal 0.0277671 0.999614 0
    outer loop
      vertex 25.4615 14.9832 0.49
      vertex 25.6379 14.9783 0
      vertex 25.4615 14.9832 0
    endloop
  endfacet
  facet normal 0.99995 -0.0100162 0
    outer loop
      vertex 22.5987 17.2866 0.49
      vertex 22.5993 17.3465 0
      vertex 22.5993 17.3465 0.49
    endloop
  endfacet
  facet normal 0.99995 -0.0100162 0
    outer loop
      vertex 22.5993 17.3465 0
      vertex 22.5987 17.2866 0.49
      vertex 22.5987 17.2866 0
    endloop
  endfacet
  facet normal 0.999606 -0.0280701 0
    outer loop
      vertex 22.5993 17.3465 0.49
      vertex 22.6011 17.4106 0
      vertex 22.6011 17.4106 0.49
    endloop
  endfacet
  facet normal 0.999606 -0.0280701 0
    outer loop
      vertex 22.6011 17.4106 0
      vertex 22.5993 17.3465 0.49
      vertex 22.5993 17.3465 0
    endloop
  endfacet
  facet normal 0.999037 -0.0438816 0
    outer loop
      vertex 22.6011 17.4106 0.49
      vertex 22.6041 17.4789 0
      vertex 22.6041 17.4789 0.49
    endloop
  endfacet
  facet normal 0.999037 -0.0438816 0
    outer loop
      vertex 22.6041 17.4789 0
      vertex 22.6011 17.4106 0.49
      vertex 22.6011 17.4106 0
    endloop
  endfacet
  facet normal 0.998322 -0.0579137 0
    outer loop
      vertex 22.6041 17.4789 0.49
      vertex 22.6083 17.5513 0
      vertex 22.6083 17.5513 0.49
    endloop
  endfacet
  facet normal 0.998322 -0.0579137 0
    outer loop
      vertex 22.6083 17.5513 0
      vertex 22.6041 17.4789 0.49
      vertex 22.6041 17.4789 0
    endloop
  endfacet
  facet normal 0.997426 -0.0717103 0
    outer loop
      vertex 22.6083 17.5513 0.49
      vertex 22.6138 17.6278 0
      vertex 22.6138 17.6278 0.49
    endloop
  endfacet
  facet normal 0.997426 -0.0717103 0
    outer loop
      vertex 22.6138 17.6278 0
      vertex 22.6083 17.5513 0.49
      vertex 22.6083 17.5513 0
    endloop
  endfacet
  facet normal 0.996672 -0.0815122 0
    outer loop
      vertex 22.6138 17.6278 0.49
      vertex 22.6204 17.7085 0
      vertex 22.6204 17.7085 0.49
    endloop
  endfacet
  facet normal 0.996672 -0.0815122 0
    outer loop
      vertex 22.6204 17.7085 0
      vertex 22.6138 17.6278 0.49
      vertex 22.6138 17.6278 0
    endloop
  endfacet
  facet normal 0.995806 -0.0914875 0
    outer loop
      vertex 22.6204 17.7085 0.49
      vertex 22.6282 17.7934 0
      vertex 22.6282 17.7934 0.49
    endloop
  endfacet
  facet normal 0.995806 -0.0914875 0
    outer loop
      vertex 22.6282 17.7934 0
      vertex 22.6204 17.7085 0.49
      vertex 22.6204 17.7085 0
    endloop
  endfacet
  facet normal 0.994813 -0.101717 0
    outer loop
      vertex 22.6282 17.7934 0.49
      vertex 22.6373 17.8824 0
      vertex 22.6373 17.8824 0.49
    endloop
  endfacet
  facet normal 0.994813 -0.101717 0
    outer loop
      vertex 22.6373 17.8824 0
      vertex 22.6282 17.7934 0.49
      vertex 22.6282 17.7934 0
    endloop
  endfacet
  facet normal 0.994064 -0.108792 0
    outer loop
      vertex 22.6373 17.8824 0.49
      vertex 22.6475 17.9756 0
      vertex 22.6475 17.9756 0.49
    endloop
  endfacet
  facet normal 0.994064 -0.108792 0
    outer loop
      vertex 22.6475 17.9756 0
      vertex 22.6373 17.8824 0.49
      vertex 22.6373 17.8824 0
    endloop
  endfacet
  facet normal -0.870321 0.492485 0
    outer loop
      vertex 20.9821 15.0325 0
      vertex 22.6475 17.9756 0.49
      vertex 22.6475 17.9756 0
    endloop
  endfacet
  facet normal -0.870321 0.492485 0
    outer loop
      vertex 22.6475 17.9756 0.49
      vertex 20.9821 15.0325 0
      vertex 20.9821 15.0325 0.49
    endloop
  endfacet
  facet normal 0 1 -0
    outer loop
      vertex 20.9821 15.0325 0
      vertex 20.0435 15.0325 0.49
      vertex 20.9821 15.0325 0.49
    endloop
  endfacet
  facet normal 0 1 0
    outer loop
      vertex 20.0435 15.0325 0.49
      vertex 20.9821 15.0325 0
      vertex 20.0435 15.0325 0
    endloop
  endfacet
  facet normal 1 -0 0
    outer loop
      vertex 20.0435 15.0325 0.49
      vertex 20.0435 18.8544 0
      vertex 20.0435 18.8544 0.49
    endloop
  endfacet
  facet normal 1 0 0
    outer loop
      vertex 20.0435 18.8544 0
      vertex 20.0435 15.0325 0.49
      vertex 20.0435 15.0325 0
    endloop
  endfacet
  facet normal 0 -1 0
    outer loop
      vertex 20.0435 18.8544 0
      vertex 20.7542 18.8544 0.49
      vertex 20.0435 18.8544 0.49
    endloop
  endfacet
  facet normal 0 -1 -0
    outer loop
      vertex 20.7542 18.8544 0.49
      vertex 20.0435 18.8544 0
      vertex 20.7542 18.8544 0
    endloop
  endfacet
  facet normal -1 0 0
    outer loop
      vertex 20.7542 16.6329 0
      vertex 20.7542 18.8544 0.49
      vertex 20.7542 18.8544 0
    endloop
  endfacet
  facet normal -1 -0 0
    outer loop
      vertex 20.7542 18.8544 0.49
      vertex 20.7542 16.6329 0
      vertex 20.7542 16.6329 0.49
    endloop
  endfacet
  facet normal -0.999969 0.00792577 0
    outer loop
      vertex 20.7536 16.5572 0
      vertex 20.7542 16.6329 0.49
      vertex 20.7542 16.6329 0
    endloop
  endfacet
  facet normal -0.999969 0.00792577 0
    outer loop
      vertex 20.7542 16.6329 0.49
      vertex 20.7536 16.5572 0
      vertex 20.7536 16.5572 0.49
    endloop
  endfacet
  facet normal -0.99973 0.0232495 0
    outer loop
      vertex 20.7518 16.4798 0
      vertex 20.7536 16.5572 0.49
      vertex 20.7536 16.5572 0
    endloop
  endfacet
  facet normal -0.99973 0.0232495 0
    outer loop
      vertex 20.7536 16.5572 0.49
      vertex 20.7518 16.4798 0
      vertex 20.7518 16.4798 0.49
    endloop
  endfacet
  facet normal -0.999285 0.037804 0
    outer loop
      vertex 20.7488 16.4005 0
      vertex 20.7518 16.4798 0.49
      vertex 20.7518 16.4798 0
    endloop
  endfacet
  facet normal -0.999285 0.037804 0
    outer loop
      vertex 20.7518 16.4798 0.49
      vertex 20.7488 16.4005 0
      vertex 20.7488 16.4005 0.49
    endloop
  endfacet
  facet normal -0.998597 0.0529466 0
    outer loop
      vertex 20.7445 16.3194 0
      vertex 20.7488 16.4005 0.49
      vertex 20.7488 16.4005 0
    endloop
  endfacet
  facet normal -0.998597 0.0529466 0
    outer loop
      vertex 20.7488 16.4005 0.49
      vertex 20.7445 16.3194 0
      vertex 20.7445 16.3194 0.49
    endloop
  endfacet
  facet normal -0.99788 0.0650791 0
    outer loop
      vertex 20.7391 16.2366 0
      vertex 20.7445 16.3194 0.49
      vertex 20.7445 16.3194 0
    endloop
  endfacet
  facet normal -0.99788 0.0650791 0
    outer loop
      vertex 20.7445 16.3194 0.49
      vertex 20.7391 16.2366 0
      vertex 20.7391 16.2366 0.49
    endloop
  endfacet
  facet normal -0.996978 0.0776866 0
    outer loop
      vertex 20.7325 16.1519 0
      vertex 20.7391 16.2366 0.49
      vertex 20.7391 16.2366 0
    endloop
  endfacet
  facet normal -0.996978 0.0776866 0
    outer loop
      vertex 20.7391 16.2366 0.49
      vertex 20.7325 16.1519 0
      vertex 20.7325 16.1519 0.49
    endloop
  endfacet
  facet normal -0.995959 0.089809 0
    outer loop
      vertex 20.7247 16.0654 0
      vertex 20.7325 16.1519 0.49
      vertex 20.7325 16.1519 0
    endloop
  endfacet
  facet normal -0.995959 0.089809 0
    outer loop
      vertex 20.7325 16.1519 0.49
      vertex 20.7247 16.0654 0
      vertex 20.7247 16.0654 0.49
    endloop
  endfacet
  facet normal -0.994731 0.102515 0
    outer loop
      vertex 20.7156 15.9771 0
      vertex 20.7247 16.0654 0.49
      vertex 20.7247 16.0654 0
    endloop
  endfacet
  facet normal -0.994731 0.102515 0
    outer loop
      vertex 20.7247 16.0654 0.49
      vertex 20.7156 15.9771 0
      vertex 20.7156 15.9771 0.49
    endloop
  endfacet
  facet normal -0.993653 0.112489 0
    outer loop
      vertex 20.7054 15.887 0
      vertex 20.7156 15.9771 0.49
      vertex 20.7156 15.9771 0
    endloop
  endfacet
  facet normal -0.993653 0.112489 0
    outer loop
      vertex 20.7156 15.9771 0.49
      vertex 20.7054 15.887 0
      vertex 20.7054 15.887 0.49
    endloop
  endfacet
  facet normal 0.868968 -0.494867 0
    outer loop
      vertex 20.7054 15.887 0.49
      vertex 22.3953 18.8544 0
      vertex 22.3953 18.8544 0.49
    endloop
  endfacet
  facet normal 0.868968 -0.494867 0
    outer loop
      vertex 22.3953 18.8544 0
      vertex 20.7054 15.887 0.49
      vertex 20.7054 15.887 0
    endloop
  endfacet
  facet normal 0 -1 0
    outer loop
      vertex 22.3953 18.8544 0
      vertex 23.3094 18.8544 0.49
      vertex 22.3953 18.8544 0.49
    endloop
  endfacet
  facet normal 0 -1 -0
    outer loop
      vertex 23.3094 18.8544 0.49
      vertex 22.3953 18.8544 0
      vertex 23.3094 18.8544 0
    endloop
  endfacet
  facet normal -1 0 0
    outer loop
      vertex 23.3094 15.0325 0
      vertex 23.3094 18.8544 0.49
      vertex 23.3094 18.8544 0
    endloop
  endfacet
  facet normal -1 -0 0
    outer loop
      vertex 23.3094 18.8544 0.49
      vertex 23.3094 15.0325 0
      vertex 23.3094 15.0325 0.49
    endloop
  endfacet
  facet normal 0 1 -0
    outer loop
      vertex 23.3094 15.0325 0
      vertex 22.5987 15.0325 0.49
      vertex 23.3094 15.0325 0.49
    endloop
  endfacet
  facet normal 0 1 0
    outer loop
      vertex 22.5987 15.0325 0.49
      vertex 23.3094 15.0325 0
      vertex 22.5987 15.0325 0
    endloop
  endfacet
  facet normal 1 -0 0
    outer loop
      vertex 22.5987 15.0325 0.49
      vertex 22.5987 17.2866 0
      vertex 22.5987 17.2866 0.49
    endloop
  endfacet
  facet normal 1 0 0
    outer loop
      vertex 22.5987 17.2866 0
      vertex 22.5987 15.0325 0.49
      vertex 22.5987 15.0325 0
    endloop
  endfacet
  facet normal 1 -0 0
    outer loop
      vertex 6.5 6 21
      vertex 6.5 10.9 4
      vertex 6.5 10.9 21
    endloop
  endfacet
  facet normal 1 0 0
    outer loop
      vertex 6.5 10.9 4
      vertex 6.5 6 21
      vertex 6.5 6 4
    endloop
  endfacet
  facet normal -0 0 1
    outer loop
      vertex 2 10.9 21
      vertex 6.5 6 21
      vertex 6.5 10.9 21
    endloop
  endfacet
  facet normal 0 0 1
    outer loop
      vertex 6.5 6 21
      vertex 2 10.9 21
      vertex 2 6 21
    endloop
  endfacet
  facet normal 0 1 0
    outer loop
      vertex 6.5 10.9 21
      vertex 2 10.9 20.7
      vertex 2 10.9 21
    endloop
  endfacet
  facet normal 0 1 -0
    outer loop
      vertex 6.5 10.9 4
      vertex 2 10.9 20.7
      vertex 6.5 10.9 21
    endloop
  endfacet
  facet normal 0 1 0
    outer loop
      vertex 2 10.9 20.7
      vertex 6.5 10.9 4
      vertex 2 10.9 4
    endloop
  endfacet
  facet normal 0 -1 0
    outer loop
      vertex 2 6 4
      vertex 6.5 6 21
      vertex 2 6 21
    endloop
  endfacet
  facet normal 0 -1 -0
    outer loop
      vertex 6.5 6 21
      vertex 2 6 4
      vertex 6.5 6 4
    endloop
  endfacet
  facet normal 1 -0 0
    outer loop
      vertex 6.5 22.9 21
      vertex 6.5 27.8 4
      vertex 6.5 27.8 21
    endloop
  endfacet
  facet normal 1 0 0
    outer loop
      vertex 6.5 27.8 4
      vertex 6.5 22.9 21
      vertex 6.5 22.9 4
    endloop
  endfacet
  facet normal -0 0 1
    outer loop
      vertex 2 27.8 21
      vertex 6.5 22.9 21
      vertex 6.5 27.8 21
    endloop
  endfacet
  facet normal 0 0 1
    outer loop
      vertex 6.5 22.9 21
      vertex 2 27.8 21
      vertex 2 22.9 21
    endloop
  endfacet
  facet normal 0 1 -0
    outer loop
      vertex 6.5 27.8 4
      vertex 2 27.8 21
      vertex 6.5 27.8 21
    endloop
  endfacet
  facet normal 0 1 0
    outer loop
      vertex 2 27.8 21
      vertex 6.5 27.8 4
      vertex 2 27.8 4
    endloop
  endfacet
  facet normal 0 -1 0
    outer loop
      vertex 2 22.9 20.7
      vertex 6.5 22.9 21
      vertex 2 22.9 21
    endloop
  endfacet
  facet normal 0 -1 0
    outer loop
      vertex 6.5 22.9 4
      vertex 2 22.9 20.7
      vertex 2 22.9 4
    endloop
  endfacet
  facet normal 0 -1 0
    outer loop
      vertex 2 22.9 20.7
      vertex 6.5 22.9 4
      vertex 6.5 22.9 21
    endloop
  endfacet
  facet normal -0 0 1
    outer loop
      vertex 49 10.9 21
      vertex 53.5 6 21
      vertex 53.5 10.9 21
    endloop
  endfacet
  facet normal 0 0 1
    outer loop
      vertex 53.5 6 21
      vertex 49 10.9 21
      vertex 49 6 21
    endloop
  endfacet
  facet normal -1 0 0
    outer loop
      vertex 49 6 4
      vertex 49 10.9 21
      vertex 49 10.9 4
    endloop
  endfacet
  facet normal -1 -0 0
    outer loop
      vertex 49 10.9 21
      vertex 49 6 4
      vertex 49 6 21
    endloop
  endfacet
  facet normal 0 1 -0
    outer loop
      vertex 53.5 10.9 4
      vertex 49 10.9 21
      vertex 53.5 10.9 21
    endloop
  endfacet
  facet normal 0 1 0
    outer loop
      vertex 49 10.9 21
      vertex 53.5 10.9 4
      vertex 49 10.9 4
    endloop
  endfacet
  facet normal 0 -1 0
    outer loop
      vertex 49 6 4
      vertex 53.5 6 21
      vertex 49 6 21
    endloop
  endfacet
  facet normal 0 -1 -0
    outer loop
      vertex 53.5 6 21
      vertex 49 6 4
      vertex 53.5 6 4
    endloop
  endfacet
  facet normal -0 0 1
    outer loop
      vertex 49 27.8 21
      vertex 53.5 22.9 21
      vertex 53.5 27.8 21
    endloop
  endfacet
  facet normal 0 0 1
    outer loop
      vertex 53.5 22.9 21
      vertex 49 27.8 21
      vertex 49 22.9 21
    endloop
  endfacet
  facet normal -1 0 0
    outer loop
      vertex 49 22.9 4
      vertex 49 27.8 21
      vertex 49 27.8 4
    endloop
  endfacet
  facet normal -1 -0 0
    outer loop
      vertex 49 27.8 21
      vertex 49 22.9 4
      vertex 49 22.9 21
    endloop
  endfacet
  facet normal 0 1 -0
    outer loop
      vertex 53.5 27.8 4
      vertex 49 27.8 21
      vertex 53.5 27.8 21
    endloop
  endfacet
  facet normal 0 1 0
    outer loop
      vertex 49 27.8 21
      vertex 53.5 27.8 4
      vertex 49 27.8 4
    endloop
  endfacet
  facet normal 0 -1 0
    outer loop
      vertex 49 22.9 4
      vertex 53.5 22.9 21
      vertex 49 22.9 21
    endloop
  endfacet
  facet normal 0 -1 -0
    outer loop
      vertex 53.5 22.9 21
      vertex 49 22.9 4
      vertex 53.5 22.9 4
    endloop
  endfacet
endsolid OpenSCAD_Model
