solid OpenSCAD_Model
  facet normal 0.998797 -0.0490396 0
    outer loop
      vertex -8.8 0 2.8
      vertex -8.7923 0.156827 0
      vertex -8.7923 0.156827 2.8
    endloop
  endfacet
  facet normal 0.998797 -0.0490396 0
    outer loop
      vertex -8.7923 0.156827 0
      vertex -8.8 0 2.8
      vertex -8.8 0 0
    endloop
  endfacet
  facet normal -0.989176 -0.146736 0
    outer loop
      vertex -5.6077 0.156827 0
      vertex -5.63074 0.312144 2.8
      vertex -5.63074 0.312144 0
    endloop
  endfacet
  facet normal -0.989176 -0.146736 0
    outer loop
      vertex -5.63074 0.312144 2.8
      vertex -5.6077 0.156827 0
      vertex -5.6077 0.156827 2.8
    endloop
  endfacet
  facet normal -0.998797 -0.0490396 0
    outer loop
      vertex -5.6 0 0
      vertex -5.6077 0.156827 2.8
      vertex -5.6077 0.156827 0
    endloop
  endfacet
  facet normal -0.998797 -0.0490396 0
    outer loop
      vertex -5.6077 0.156827 2.8
      vertex -5.6 0 0
      vertex -5.6 0 2.8
    endloop
  endfacet
  facet normal -0.970034 -0.242969 0
    outer loop
      vertex -5.63074 0.312144 0
      vertex -5.66889 0.464455 2.8
      vertex -5.66889 0.464455 0
    endloop
  endfacet
  facet normal -0.970034 -0.242969 0
    outer loop
      vertex -5.66889 0.464455 2.8
      vertex -5.63074 0.312144 0
      vertex -5.63074 0.312144 2.8
    endloop
  endfacet
  facet normal -0.146671 -0.989185 0
    outer loop
      vertex -7.04317 1.59229 0
      vertex -6.88785 1.56926 2.8
      vertex -7.04317 1.59229 2.8
    endloop
  endfacet
  facet normal -0.146671 -0.989185 -0
    outer loop
      vertex -6.88785 1.56926 2.8
      vertex -7.04317 1.59229 0
      vertex -6.88785 1.56926 0
    endloop
  endfacet
  facet normal 0.970019 0.243029 0
    outer loop
      vertex -8.7311 -0.464455 2.8
      vertex -8.76926 -0.312144 0
      vertex -8.76926 -0.312144 2.8
    endloop
  endfacet
  facet normal 0.970019 0.243029 0
    outer loop
      vertex -8.76926 -0.312144 0
      vertex -8.7311 -0.464455 2.8
      vertex -8.7311 -0.464455 0
    endloop
  endfacet
  facet normal 0.336865 0.941553 -0
    outer loop
      vertex -7.66446 -1.5311 0
      vertex -7.81229 -1.47821 2.8
      vertex -7.66446 -1.5311 2.8
    endloop
  endfacet
  facet normal 0.336865 0.941553 0
    outer loop
      vertex -7.81229 -1.47821 2.8
      vertex -7.66446 -1.5311 0
      vertex -7.81229 -1.47821 0
    endloop
  endfacet
  facet normal -0.998797 0.0490396 0
    outer loop
      vertex -5.6077 -0.156827 0
      vertex -5.6 0 2.8
      vertex -5.6 0 0
    endloop
  endfacet
  facet normal -0.998797 0.0490396 0
    outer loop
      vertex -5.6 0 2.8
      vertex -5.6077 -0.156827 0
      vertex -5.6077 -0.156827 2.8
    endloop
  endfacet
  facet normal 0.989176 -0.146736 0
    outer loop
      vertex -8.7923 0.156827 2.8
      vertex -8.76926 0.312144 0
      vertex -8.76926 0.312144 2.8
    endloop
  endfacet
  facet normal 0.989176 -0.146736 0
    outer loop
      vertex -8.76926 0.312144 0
      vertex -8.7923 0.156827 2.8
      vertex -8.7923 0.156827 0
    endloop
  endfacet
  facet normal -0.146671 0.989185 0
    outer loop
      vertex -6.88785 -1.56926 0
      vertex -7.04317 -1.59229 2.8
      vertex -6.88785 -1.56926 2.8
    endloop
  endfacet
  facet normal -0.146671 0.989185 0
    outer loop
      vertex -7.04317 -1.59229 2.8
      vertex -6.88785 -1.56926 0
      vertex -7.04317 -1.59229 0
    endloop
  endfacet
  facet normal -0.941539 -0.336905 0
    outer loop
      vertex -5.66889 0.464455 0
      vertex -5.72179 0.612293 2.8
      vertex -5.72179 0.612293 0
    endloop
  endfacet
  facet normal -0.941539 -0.336905 0
    outer loop
      vertex -5.72179 0.612293 2.8
      vertex -5.66889 0.464455 0
      vertex -5.66889 0.464455 2.8
    endloop
  endfacet
  facet normal 0.427594 -0.903971 0
    outer loop
      vertex -7.95423 1.41107 0
      vertex -7.81229 1.47821 2.8
      vertex -7.95423 1.41107 2.8
    endloop
  endfacet
  facet normal 0.427594 -0.903971 0
    outer loop
      vertex -7.81229 1.47821 2.8
      vertex -7.95423 1.41107 0
      vertex -7.81229 1.47821 0
    endloop
  endfacet
  facet normal -0.970034 0.242969 0
    outer loop
      vertex -5.66889 -0.464455 0
      vertex -5.63074 -0.312144 2.8
      vertex -5.63074 -0.312144 0
    endloop
  endfacet
  facet normal -0.970034 0.242969 0
    outer loop
      vertex -5.63074 -0.312144 2.8
      vertex -5.66889 -0.464455 0
      vertex -5.66889 -0.464455 2.8
    endloop
  endfacet
  facet normal 0.427594 0.903971 -0
    outer loop
      vertex -7.81229 -1.47821 0
      vertex -7.95423 -1.41107 2.8
      vertex -7.81229 -1.47821 2.8
    endloop
  endfacet
  facet normal 0.427594 0.903971 0
    outer loop
      vertex -7.95423 -1.41107 2.8
      vertex -7.81229 -1.47821 0
      vertex -7.95423 -1.41107 0
    endloop
  endfacet
  facet normal 0.243015 -0.970023 0
    outer loop
      vertex -7.66446 1.5311 0
      vertex -7.51214 1.56926 2.8
      vertex -7.66446 1.5311 2.8
    endloop
  endfacet
  facet normal 0.243015 -0.970023 0
    outer loop
      vertex -7.51214 1.56926 2.8
      vertex -7.66446 1.5311 0
      vertex -7.51214 1.56926 0
    endloop
  endfacet
  facet normal 0.903972 -0.427591 0
    outer loop
      vertex -8.67821 0.612293 2.8
      vertex -8.61107 0.754234 0
      vertex -8.61107 0.754234 2.8
    endloop
  endfacet
  facet normal 0.903972 -0.427591 0
    outer loop
      vertex -8.61107 0.754234 0
      vertex -8.67821 0.612293 2.8
      vertex -8.67821 0.612293 0
    endloop
  endfacet
  facet normal 0.903972 0.427591 0
    outer loop
      vertex -8.61107 -0.754234 2.8
      vertex -8.67821 -0.612293 0
      vertex -8.67821 -0.612293 2.8
    endloop
  endfacet
  facet normal 0.903972 0.427591 0
    outer loop
      vertex -8.67821 -0.612293 0
      vertex -8.61107 -0.754234 2.8
      vertex -8.61107 -0.754234 0
    endloop
  endfacet
  facet normal -0.336865 -0.941553 0
    outer loop
      vertex -6.73554 1.5311 0
      vertex -6.58771 1.47821 2.8
      vertex -6.73554 1.5311 2.8
    endloop
  endfacet
  facet normal -0.336865 -0.941553 -0
    outer loop
      vertex -6.58771 1.47821 2.8
      vertex -6.73554 1.5311 0
      vertex -6.58771 1.47821 0
    endloop
  endfacet
  facet normal -0.24303 -0.970019 0
    outer loop
      vertex -6.88785 1.56926 0
      vertex -6.73554 1.5311 2.8
      vertex -6.88785 1.56926 2.8
    endloop
  endfacet
  facet normal -0.24303 -0.970019 -0
    outer loop
      vertex -6.73554 1.5311 2.8
      vertex -6.88785 1.56926 0
      vertex -6.73554 1.5311 0
    endloop
  endfacet
  facet normal 0.336865 -0.941553 0
    outer loop
      vertex -7.81229 1.47821 0
      vertex -7.66446 1.5311 2.8
      vertex -7.81229 1.47821 2.8
    endloop
  endfacet
  facet normal 0.336865 -0.941553 0
    outer loop
      vertex -7.66446 1.5311 2.8
      vertex -7.81229 1.47821 0
      vertex -7.66446 1.5311 0
    endloop
  endfacet
  facet normal -0.803224 0.595677 0
    outer loop
      vertex -5.96318 -1.01503 0
      vertex -5.86965 -0.888912 2.8
      vertex -5.86965 -0.888912 0
    endloop
  endfacet
  facet normal -0.803224 0.595677 0
    outer loop
      vertex -5.86965 -0.888912 2.8
      vertex -5.96318 -1.01503 0
      vertex -5.96318 -1.01503 2.8
    endloop
  endfacet
  facet normal 0.857737 -0.514089 0
    outer loop
      vertex -8.61107 0.754234 2.8
      vertex -8.53035 0.888912 0
      vertex -8.53035 0.888912 2.8
    endloop
  endfacet
  facet normal 0.857737 -0.514089 0
    outer loop
      vertex -8.53035 0.888912 0
      vertex -8.61107 0.754234 2.8
      vertex -8.61107 0.754234 0
    endloop
  endfacet
  facet normal -0.671578 -0.740933 0
    outer loop
      vertex -6.18497 1.23682 0
      vertex -6.06863 1.13137 2.8
      vertex -6.18497 1.23682 2.8
    endloop
  endfacet
  facet normal -0.671578 -0.740933 -0
    outer loop
      vertex -6.06863 1.13137 2.8
      vertex -6.18497 1.23682 0
      vertex -6.06863 1.13137 0
    endloop
  endfacet
  facet normal -0.0491022 0.998794 0
    outer loop
      vertex -7.04317 -1.59229 0
      vertex -7.2 -1.6 2.8
      vertex -7.04317 -1.59229 2.8
    endloop
  endfacet
  facet normal -0.0491022 0.998794 0
    outer loop
      vertex -7.2 -1.6 2.8
      vertex -7.04317 -1.59229 0
      vertex -7.2 -1.6 0
    endloop
  endfacet
  facet normal -0.427569 -0.903983 0
    outer loop
      vertex -6.58771 1.47821 0
      vertex -6.44576 1.41107 2.8
      vertex -6.58771 1.47821 2.8
    endloop
  endfacet
  facet normal -0.427569 -0.903983 -0
    outer loop
      vertex -6.44576 1.41107 2.8
      vertex -6.58771 1.47821 0
      vertex -6.44576 1.41107 0
    endloop
  endfacet
  facet normal 0.740933 0.671578 0
    outer loop
      vertex -8.33137 -1.13137 2.8
      vertex -8.43682 -1.01503 0
      vertex -8.43682 -1.01503 2.8
    endloop
  endfacet
  facet normal 0.740933 0.671578 0
    outer loop
      vertex -8.43682 -1.01503 0
      vertex -8.33137 -1.13137 2.8
      vertex -8.33137 -1.13137 0
    endloop
  endfacet
  facet normal -0.903972 -0.427591 0
    outer loop
      vertex -5.72179 0.612293 0
      vertex -5.78893 0.754234 2.8
      vertex -5.78893 0.754234 0
    endloop
  endfacet
  facet normal -0.903972 -0.427591 0
    outer loop
      vertex -5.78893 0.754234 2.8
      vertex -5.72179 0.612293 0
      vertex -5.72179 0.612293 2.8
    endloop
  endfacet
  facet normal -0.857737 0.514089 0
    outer loop
      vertex -5.86965 -0.888912 0
      vertex -5.78893 -0.754234 2.8
      vertex -5.78893 -0.754234 0
    endloop
  endfacet
  facet normal -0.857737 0.514089 0
    outer loop
      vertex -5.78893 -0.754234 2.8
      vertex -5.86965 -0.888912 0
      vertex -5.86965 -0.888912 2.8
    endloop
  endfacet
  facet normal 0.941559 0.336849 0
    outer loop
      vertex -8.67821 -0.612293 2.8
      vertex -8.7311 -0.464455 0
      vertex -8.7311 -0.464455 2.8
    endloop
  endfacet
  facet normal 0.941559 0.336849 0
    outer loop
      vertex -8.7311 -0.464455 0
      vertex -8.67821 -0.612293 2.8
      vertex -8.67821 -0.612293 0
    endloop
  endfacet
  facet normal -0.514112 -0.857723 0
    outer loop
      vertex -6.44576 1.41107 0
      vertex -6.31109 1.33035 2.8
      vertex -6.44576 1.41107 2.8
    endloop
  endfacet
  facet normal -0.514112 -0.857723 -0
    outer loop
      vertex -6.31109 1.33035 2.8
      vertex -6.44576 1.41107 0
      vertex -6.31109 1.33035 0
    endloop
  endfacet
  facet normal 0.0491022 0.998794 -0
    outer loop
      vertex -7.2 -1.6 0
      vertex -7.35683 -1.59229 2.8
      vertex -7.2 -1.6 2.8
    endloop
  endfacet
  facet normal 0.0491022 0.998794 0
    outer loop
      vertex -7.35683 -1.59229 2.8
      vertex -7.2 -1.6 0
      vertex -7.35683 -1.59229 0
    endloop
  endfacet
  facet normal -0.595671 0.803229 0
    outer loop
      vertex -6.18497 -1.23682 0
      vertex -6.31109 -1.33035 2.8
      vertex -6.18497 -1.23682 2.8
    endloop
  endfacet
  facet normal -0.595671 0.803229 0
    outer loop
      vertex -6.31109 -1.33035 2.8
      vertex -6.18497 -1.23682 0
      vertex -6.31109 -1.33035 0
    endloop
  endfacet
  facet normal 0.970019 -0.243029 0
    outer loop
      vertex -8.76926 0.312144 2.8
      vertex -8.7311 0.464455 0
      vertex -8.7311 0.464455 2.8
    endloop
  endfacet
  facet normal 0.970019 -0.243029 0
    outer loop
      vertex -8.7311 0.464455 0
      vertex -8.76926 0.312144 2.8
      vertex -8.76926 0.312144 0
    endloop
  endfacet
  facet normal -0.336865 0.941553 0
    outer loop
      vertex -6.58771 -1.47821 0
      vertex -6.73554 -1.5311 2.8
      vertex -6.58771 -1.47821 2.8
    endloop
  endfacet
  facet normal -0.336865 0.941553 0
    outer loop
      vertex -6.73554 -1.5311 2.8
      vertex -6.58771 -1.47821 0
      vertex -6.73554 -1.5311 0
    endloop
  endfacet
  facet normal -0.803224 -0.595677 0
    outer loop
      vertex -5.86965 0.888912 0
      vertex -5.96318 1.01503 2.8
      vertex -5.96318 1.01503 0
    endloop
  endfacet
  facet normal -0.803224 -0.595677 0
    outer loop
      vertex -5.96318 1.01503 2.8
      vertex -5.86965 0.888912 0
      vertex -5.86965 0.888912 2.8
    endloop
  endfacet
  facet normal 0.514084 0.85774 -0
    outer loop
      vertex -7.95423 -1.41107 0
      vertex -8.08891 -1.33035 2.8
      vertex -7.95423 -1.41107 2.8
    endloop
  endfacet
  facet normal 0.514084 0.85774 0
    outer loop
      vertex -8.08891 -1.33035 2.8
      vertex -7.95423 -1.41107 0
      vertex -8.08891 -1.33035 0
    endloop
  endfacet
  facet normal -0.595671 -0.803229 0
    outer loop
      vertex -6.31109 1.33035 0
      vertex -6.18497 1.23682 2.8
      vertex -6.31109 1.33035 2.8
    endloop
  endfacet
  facet normal -0.595671 -0.803229 -0
    outer loop
      vertex -6.18497 1.23682 2.8
      vertex -6.31109 1.33035 0
      vertex -6.18497 1.23682 0
    endloop
  endfacet
  facet normal -0.903972 0.427591 0
    outer loop
      vertex -5.78893 -0.754234 0
      vertex -5.72179 -0.612293 2.8
      vertex -5.72179 -0.612293 0
    endloop
  endfacet
  facet normal -0.903972 0.427591 0
    outer loop
      vertex -5.72179 -0.612293 2.8
      vertex -5.78893 -0.754234 0
      vertex -5.78893 -0.754234 2.8
    endloop
  endfacet
  facet normal -0.740933 0.671578 0
    outer loop
      vertex -6.06863 -1.13137 0
      vertex -5.96318 -1.01503 2.8
      vertex -5.96318 -1.01503 0
    endloop
  endfacet
  facet normal -0.740933 0.671578 0
    outer loop
      vertex -5.96318 -1.01503 2.8
      vertex -6.06863 -1.13137 0
      vertex -6.06863 -1.13137 2.8
    endloop
  endfacet
  facet normal -0.0491022 -0.998794 0
    outer loop
      vertex -7.2 1.6 0
      vertex -7.04317 1.59229 2.8
      vertex -7.2 1.6 2.8
    endloop
  endfacet
  facet normal -0.0491022 -0.998794 -0
    outer loop
      vertex -7.04317 1.59229 2.8
      vertex -7.2 1.6 0
      vertex -7.04317 1.59229 0
    endloop
  endfacet
  facet normal -0.427569 0.903983 0
    outer loop
      vertex -6.44576 -1.41107 0
      vertex -6.58771 -1.47821 2.8
      vertex -6.44576 -1.41107 2.8
    endloop
  endfacet
  facet normal -0.427569 0.903983 0
    outer loop
      vertex -6.58771 -1.47821 2.8
      vertex -6.44576 -1.41107 0
      vertex -6.58771 -1.47821 0
    endloop
  endfacet
  facet normal 0.14668 -0.989184 0
    outer loop
      vertex -7.51214 1.56926 0
      vertex -7.35683 1.59229 2.8
      vertex -7.51214 1.56926 2.8
    endloop
  endfacet
  facet normal 0.14668 -0.989184 0
    outer loop
      vertex -7.35683 1.59229 2.8
      vertex -7.51214 1.56926 0
      vertex -7.35683 1.59229 0
    endloop
  endfacet
  facet normal -0.989176 0.146736 0
    outer loop
      vertex -5.63074 -0.312144 0
      vertex -5.6077 -0.156827 2.8
      vertex -5.6077 -0.156827 0
    endloop
  endfacet
  facet normal -0.989176 0.146736 0
    outer loop
      vertex -5.6077 -0.156827 2.8
      vertex -5.63074 -0.312144 0
      vertex -5.63074 -0.312144 2.8
    endloop
  endfacet
  facet normal -0.24303 0.970019 0
    outer loop
      vertex -6.73554 -1.5311 0
      vertex -6.88785 -1.56926 2.8
      vertex -6.73554 -1.5311 2.8
    endloop
  endfacet
  facet normal -0.24303 0.970019 0
    outer loop
      vertex -6.88785 -1.56926 2.8
      vertex -6.73554 -1.5311 0
      vertex -6.88785 -1.56926 0
    endloop
  endfacet
  facet normal 0.671578 -0.740933 0
    outer loop
      vertex -8.33137 1.13137 0
      vertex -8.21503 1.23682 2.8
      vertex -8.33137 1.13137 2.8
    endloop
  endfacet
  facet normal 0.671578 -0.740933 0
    outer loop
      vertex -8.21503 1.23682 2.8
      vertex -8.33137 1.13137 0
      vertex -8.21503 1.23682 0
    endloop
  endfacet
  facet normal -0.857737 -0.514089 0
    outer loop
      vertex -5.78893 0.754234 0
      vertex -5.86965 0.888912 2.8
      vertex -5.86965 0.888912 0
    endloop
  endfacet
  facet normal -0.857737 -0.514089 0
    outer loop
      vertex -5.86965 0.888912 2.8
      vertex -5.78893 0.754234 0
      vertex -5.78893 0.754234 2.8
    endloop
  endfacet
  facet normal -0.740933 -0.671578 0
    outer loop
      vertex -5.96318 1.01503 0
      vertex -6.06863 1.13137 2.8
      vertex -6.06863 1.13137 0
    endloop
  endfacet
  facet normal -0.740933 -0.671578 0
    outer loop
      vertex -6.06863 1.13137 2.8
      vertex -5.96318 1.01503 0
      vertex -5.96318 1.01503 2.8
    endloop
  endfacet
  facet normal 0.803224 0.595677 0
    outer loop
      vertex -8.43682 -1.01503 2.8
      vertex -8.53035 -0.888912 0
      vertex -8.53035 -0.888912 2.8
    endloop
  endfacet
  facet normal 0.803224 0.595677 0
    outer loop
      vertex -8.53035 -0.888912 0
      vertex -8.43682 -1.01503 2.8
      vertex -8.43682 -1.01503 0
    endloop
  endfacet
  facet normal 0.740933 -0.671578 0
    outer loop
      vertex -8.43682 1.01503 2.8
      vertex -8.33137 1.13137 0
      vertex -8.33137 1.13137 2.8
    endloop
  endfacet
  facet normal 0.740933 -0.671578 0
    outer loop
      vertex -8.33137 1.13137 0
      vertex -8.43682 1.01503 2.8
      vertex -8.43682 1.01503 0
    endloop
  endfacet
  facet normal 0.595671 0.803229 -0
    outer loop
      vertex -8.08891 -1.33035 0
      vertex -8.21503 -1.23682 2.8
      vertex -8.08891 -1.33035 2.8
    endloop
  endfacet
  facet normal 0.595671 0.803229 0
    outer loop
      vertex -8.21503 -1.23682 2.8
      vertex -8.08891 -1.33035 0
      vertex -8.21503 -1.23682 0
    endloop
  endfacet
  facet normal 0.671578 0.740933 -0
    outer loop
      vertex -8.21503 -1.23682 0
      vertex -8.33137 -1.13137 2.8
      vertex -8.21503 -1.23682 2.8
    endloop
  endfacet
  facet normal 0.671578 0.740933 0
    outer loop
      vertex -8.33137 -1.13137 2.8
      vertex -8.21503 -1.23682 0
      vertex -8.33137 -1.13137 0
    endloop
  endfacet
  facet normal -0.514112 0.857723 0
    outer loop
      vertex -6.31109 -1.33035 0
      vertex -6.44576 -1.41107 2.8
      vertex -6.31109 -1.33035 2.8
    endloop
  endfacet
  facet normal -0.514112 0.857723 0
    outer loop
      vertex -6.44576 -1.41107 2.8
      vertex -6.31109 -1.33035 0
      vertex -6.44576 -1.41107 0
    endloop
  endfacet
  facet normal -0.671578 0.740933 0
    outer loop
      vertex -6.06863 -1.13137 0
      vertex -6.18497 -1.23682 2.8
      vertex -6.06863 -1.13137 2.8
    endloop
  endfacet
  facet normal -0.671578 0.740933 0
    outer loop
      vertex -6.18497 -1.23682 2.8
      vertex -6.06863 -1.13137 0
      vertex -6.18497 -1.23682 0
    endloop
  endfacet
  facet normal 0.0491022 -0.998794 0
    outer loop
      vertex -7.35683 1.59229 0
      vertex -7.2 1.6 2.8
      vertex -7.35683 1.59229 2.8
    endloop
  endfacet
  facet normal 0.0491022 -0.998794 0
    outer loop
      vertex -7.2 1.6 2.8
      vertex -7.35683 1.59229 0
      vertex -7.2 1.6 0
    endloop
  endfacet
  facet normal 0.243015 0.970023 -0
    outer loop
      vertex -7.51214 -1.56926 0
      vertex -7.66446 -1.5311 2.8
      vertex -7.51214 -1.56926 2.8
    endloop
  endfacet
  facet normal 0.243015 0.970023 0
    outer loop
      vertex -7.66446 -1.5311 2.8
      vertex -7.51214 -1.56926 0
      vertex -7.66446 -1.5311 0
    endloop
  endfacet
  facet normal 0.989176 0.146736 0
    outer loop
      vertex -8.76926 -0.312144 2.8
      vertex -8.7923 -0.156827 0
      vertex -8.7923 -0.156827 2.8
    endloop
  endfacet
  facet normal 0.989176 0.146736 0
    outer loop
      vertex -8.7923 -0.156827 0
      vertex -8.76926 -0.312144 2.8
      vertex -8.76926 -0.312144 0
    endloop
  endfacet
  facet normal 0.514084 -0.85774 0
    outer loop
      vertex -8.08891 1.33035 0
      vertex -7.95423 1.41107 2.8
      vertex -8.08891 1.33035 2.8
    endloop
  endfacet
  facet normal 0.514084 -0.85774 0
    outer loop
      vertex -7.95423 1.41107 2.8
      vertex -8.08891 1.33035 0
      vertex -7.95423 1.41107 0
    endloop
  endfacet
  facet normal 0.595671 -0.803229 0
    outer loop
      vertex -8.21503 1.23682 0
      vertex -8.08891 1.33035 2.8
      vertex -8.21503 1.23682 2.8
    endloop
  endfacet
  facet normal 0.595671 -0.803229 0
    outer loop
      vertex -8.08891 1.33035 2.8
      vertex -8.21503 1.23682 0
      vertex -8.08891 1.33035 0
    endloop
  endfacet
  facet normal 0.941559 -0.336849 0
    outer loop
      vertex -8.7311 0.464455 2.8
      vertex -8.67821 0.612293 0
      vertex -8.67821 0.612293 2.8
    endloop
  endfacet
  facet normal 0.941559 -0.336849 0
    outer loop
      vertex -8.67821 0.612293 0
      vertex -8.7311 0.464455 2.8
      vertex -8.7311 0.464455 0
    endloop
  endfacet
  facet normal -0.941539 0.336905 0
    outer loop
      vertex -5.72179 -0.612293 0
      vertex -5.66889 -0.464455 2.8
      vertex -5.66889 -0.464455 0
    endloop
  endfacet
  facet normal -0.941539 0.336905 0
    outer loop
      vertex -5.66889 -0.464455 2.8
      vertex -5.72179 -0.612293 0
      vertex -5.72179 -0.612293 2.8
    endloop
  endfacet
  facet normal 0.857737 0.514089 0
    outer loop
      vertex -8.53035 -0.888912 2.8
      vertex -8.61107 -0.754234 0
      vertex -8.61107 -0.754234 2.8
    endloop
  endfacet
  facet normal 0.857737 0.514089 0
    outer loop
      vertex -8.61107 -0.754234 0
      vertex -8.53035 -0.888912 2.8
      vertex -8.53035 -0.888912 0
    endloop
  endfacet
  facet normal 0.998797 0.0490396 0
    outer loop
      vertex -8.7923 -0.156827 2.8
      vertex -8.8 0 0
      vertex -8.8 0 2.8
    endloop
  endfacet
  facet normal 0.998797 0.0490396 0
    outer loop
      vertex -8.8 0 0
      vertex -8.7923 -0.156827 2.8
      vertex -8.7923 -0.156827 0
    endloop
  endfacet
  facet normal 0.14668 0.989184 -0
    outer loop
      vertex -7.35683 -1.59229 0
      vertex -7.51214 -1.56926 2.8
      vertex -7.35683 -1.59229 2.8
    endloop
  endfacet
  facet normal 0.14668 0.989184 0
    outer loop
      vertex -7.51214 -1.56926 2.8
      vertex -7.35683 -1.59229 0
      vertex -7.51214 -1.56926 0
    endloop
  endfacet
  facet normal 0.803224 -0.595677 0
    outer loop
      vertex -8.53035 0.888912 2.8
      vertex -8.43682 1.01503 0
      vertex -8.43682 1.01503 2.8
    endloop
  endfacet
  facet normal 0.803224 -0.595677 0
    outer loop
      vertex -8.43682 1.01503 0
      vertex -8.53035 0.888912 2.8
      vertex -8.53035 0.888912 0
    endloop
  endfacet
  facet normal -0.989176 -0.146735 0
    outer loop
      vertex -5.15987 0.200934 2.8
      vertex -5.18939 0.399935 4
      vertex -5.18939 0.399935 2.8
    endloop
  endfacet
  facet normal -0.989176 -0.146735 0
    outer loop
      vertex -5.18939 0.399935 4
      vertex -5.15987 0.200934 2.8
      vertex -5.15987 0.200934 4
    endloop
  endfacet
  facet normal -0.998796 -0.0490615 0
    outer loop
      vertex -5.15 0 2.8
      vertex -5.15987 0.200934 4
      vertex -5.15987 0.200934 2.8
    endloop
  endfacet
  facet normal -0.998796 -0.0490615 0
    outer loop
      vertex -5.15987 0.200934 4
      vertex -5.15 0 2.8
      vertex -5.15 0 4
    endloop
  endfacet
  facet normal -0.970034 -0.242971 0
    outer loop
      vertex -5.18939 0.399935 2.8
      vertex -5.23827 0.595083 4
      vertex -5.23827 0.595083 2.8
    endloop
  endfacet
  facet normal -0.970034 -0.242971 0
    outer loop
      vertex -5.23827 0.595083 4
      vertex -5.18939 0.399935 2.8
      vertex -5.18939 0.399935 4
    endloop
  endfacet
  facet normal 0.146736 -0.989176 0
    outer loop
      vertex -7.59993 2.01061 2.8
      vertex -7.40093 2.04013 4
      vertex -7.59993 2.01061 4
    endloop
  endfacet
  facet normal 0.146736 -0.989176 0
    outer loop
      vertex -7.40093 2.04013 4
      vertex -7.59993 2.01061 2.8
      vertex -7.40093 2.04013 2.8
    endloop
  endfacet
  facet normal 0.941535 0.336914 0
    outer loop
      vertex -9.09395 -0.7845 4
      vertex -9.16173 -0.595083 2.8
      vertex -9.16173 -0.595083 4
    endloop
  endfacet
  facet normal 0.941535 0.336914 0
    outer loop
      vertex -9.16173 -0.595083 2.8
      vertex -9.09395 -0.7845 4
      vertex -9.09395 -0.7845 2.8
    endloop
  endfacet
  facet normal -0.514108 -0.857725 0
    outer loop
      vertex -6.23364 1.80794 2.8
      vertex -6.06108 1.70451 4
      vertex -6.23364 1.80794 4
    endloop
  endfacet
  facet normal -0.514108 -0.857725 -0
    outer loop
      vertex -6.06108 1.70451 4
      vertex -6.23364 1.80794 2.8
      vertex -6.06108 1.70451 2.8
    endloop
  endfacet
  facet normal -0.514108 0.857725 0
    outer loop
      vertex -6.06108 -1.70451 2.8
      vertex -6.23364 -1.80794 4
      vertex -6.06108 -1.70451 4
    endloop
  endfacet
  facet normal -0.514108 0.857725 0
    outer loop
      vertex -6.23364 -1.80794 4
      vertex -6.06108 -1.70451 2.8
      vertex -6.23364 -1.80794 2.8
    endloop
  endfacet
  facet normal -0.24298 0.970031 0
    outer loop
      vertex -6.60492 -1.96173 2.8
      vertex -6.80006 -2.01061 4
      vertex -6.60492 -1.96173 4
    endloop
  endfacet
  facet normal -0.24298 0.970031 0
    outer loop
      vertex -6.80006 -2.01061 4
      vertex -6.60492 -1.96173 2.8
      vertex -6.80006 -2.01061 2.8
    endloop
  endfacet
  facet normal 0.857721 0.514115 0
    outer loop
      vertex -8.90451 -1.13892 4
      vertex -9.00794 -0.966363 2.8
      vertex -9.00794 -0.966363 4
    endloop
  endfacet
  facet normal 0.857721 0.514115 0
    outer loop
      vertex -9.00794 -0.966363 2.8
      vertex -8.90451 -1.13892 4
      vertex -8.90451 -1.13892 2.8
    endloop
  endfacet
  facet normal 0.595689 -0.803215 0
    outer loop
      vertex -8.50051 1.58467 2.8
      vertex -8.33892 1.70451 4
      vertex -8.50051 1.58467 4
    endloop
  endfacet
  facet normal 0.595689 -0.803215 0
    outer loop
      vertex -8.33892 1.70451 4
      vertex -8.50051 1.58467 2.8
      vertex -8.33892 1.70451 2.8
    endloop
  endfacet
  facet normal -0.04906 0.998796 0
    outer loop
      vertex -6.99906 -2.04013 2.8
      vertex -7.2 -2.05 4
      vertex -6.99906 -2.04013 4
    endloop
  endfacet
  facet normal -0.04906 0.998796 0
    outer loop
      vertex -7.2 -2.05 4
      vertex -6.99906 -2.04013 2.8
      vertex -7.2 -2.05 2.8
    endloop
  endfacet
  facet normal 0.514108 0.857725 -0
    outer loop
      vertex -8.16636 -1.80794 2.8
      vertex -8.33892 -1.70451 4
      vertex -8.16636 -1.80794 4
    endloop
  endfacet
  facet normal 0.514108 0.857725 0
    outer loop
      vertex -8.33892 -1.70451 4
      vertex -8.16636 -1.80794 2.8
      vertex -8.33892 -1.70451 2.8
    endloop
  endfacet
  facet normal 0 0 1
    outer loop
      vertex -5.6 0 2.8
      vertex -5.15 0 2.8
      vertex -5.15987 0.200934 2.8
    endloop
  endfacet
  facet normal 0 0 1
    outer loop
      vertex -5.6077 0.156827 2.8
      vertex -5.15987 0.200934 2.8
      vertex -5.18939 0.399935 2.8
    endloop
  endfacet
  facet normal 0 0 1
    outer loop
      vertex -5.15 0 2.8
      vertex -5.6 0 2.8
      vertex -5.15987 -0.200934 2.8
    endloop
  endfacet
  facet normal 0 0 1
    outer loop
      vertex -5.63074 0.312144 2.8
      vertex -5.18939 0.399935 2.8
      vertex -5.23827 0.595083 2.8
    endloop
  endfacet
  facet normal -0 0 1
    outer loop
      vertex -5.6077 -0.156827 2.8
      vertex -5.15987 -0.200934 2.8
      vertex -5.6 0 2.8
    endloop
  endfacet
  facet normal 0 0 1
    outer loop
      vertex -5.66889 0.464455 2.8
      vertex -5.23827 0.595083 2.8
      vertex -5.30605 0.7845 2.8
    endloop
  endfacet
  facet normal 0 0 1
    outer loop
      vertex -5.15987 -0.200934 2.8
      vertex -5.6077 -0.156827 2.8
      vertex -5.18939 -0.399935 2.8
    endloop
  endfacet
  facet normal 0 0 1
    outer loop
      vertex -5.72179 0.612293 2.8
      vertex -5.30605 0.7845 2.8
      vertex -5.39206 0.966363 2.8
    endloop
  endfacet
  facet normal -0 0 1
    outer loop
      vertex -5.63074 -0.312144 2.8
      vertex -5.18939 -0.399935 2.8
      vertex -5.6077 -0.156827 2.8
    endloop
  endfacet
  facet normal 0 0 1
    outer loop
      vertex -5.78893 0.754234 2.8
      vertex -5.39206 0.966363 2.8
      vertex -5.49549 1.13892 2.8
    endloop
  endfacet
  facet normal 0 0 1
    outer loop
      vertex -5.18939 -0.399935 2.8
      vertex -5.63074 -0.312144 2.8
      vertex -5.23827 -0.595083 2.8
    endloop
  endfacet
  facet normal -0 0 1
    outer loop
      vertex -5.66889 -0.464455 2.8
      vertex -5.23827 -0.595083 2.8
      vertex -5.63074 -0.312144 2.8
    endloop
  endfacet
  facet normal 0 0 1
    outer loop
      vertex -5.15987 0.200934 2.8
      vertex -5.6077 0.156827 2.8
      vertex -5.6 0 2.8
    endloop
  endfacet
  facet normal 0 0 1
    outer loop
      vertex -5.86965 0.888912 2.8
      vertex -5.49549 1.13892 2.8
      vertex -5.61533 1.30051 2.8
    endloop
  endfacet
  facet normal 0 0 1
    outer loop
      vertex -5.18939 0.399935 2.8
      vertex -5.63074 0.312144 2.8
      vertex -5.6077 0.156827 2.8
    endloop
  endfacet
  facet normal 0 0 1
    outer loop
      vertex -5.23827 0.595083 2.8
      vertex -5.66889 0.464455 2.8
      vertex -5.63074 0.312144 2.8
    endloop
  endfacet
  facet normal 0 0 1
    outer loop
      vertex -5.30605 0.7845 2.8
      vertex -5.72179 0.612293 2.8
      vertex -5.66889 0.464455 2.8
    endloop
  endfacet
  facet normal 0 0 1
    outer loop
      vertex -5.96318 1.01503 2.8
      vertex -5.61533 1.30051 2.8
      vertex -5.75043 1.44957 2.8
    endloop
  endfacet
  facet normal 0 0 1
    outer loop
      vertex -5.39206 0.966363 2.8
      vertex -5.78893 0.754234 2.8
      vertex -5.72179 0.612293 2.8
    endloop
  endfacet
  facet normal 0 0 1
    outer loop
      vertex -5.49549 1.13892 2.8
      vertex -5.86965 0.888912 2.8
      vertex -5.78893 0.754234 2.8
    endloop
  endfacet
  facet normal 0 0 1
    outer loop
      vertex -6.06863 1.13137 2.8
      vertex -5.75043 1.44957 2.8
      vertex -5.89949 1.58467 2.8
    endloop
  endfacet
  facet normal 0 0 1
    outer loop
      vertex -5.61533 1.30051 2.8
      vertex -5.96318 1.01503 2.8
      vertex -5.86965 0.888912 2.8
    endloop
  endfacet
  facet normal 0 0 1
    outer loop
      vertex -6.18497 1.23682 2.8
      vertex -5.89949 1.58467 2.8
      vertex -6.06108 1.70451 2.8
    endloop
  endfacet
  facet normal 0 0 1
    outer loop
      vertex -5.75043 1.44957 2.8
      vertex -6.06863 1.13137 2.8
      vertex -5.96318 1.01503 2.8
    endloop
  endfacet
  facet normal 0 0 1
    outer loop
      vertex -5.89949 1.58467 2.8
      vertex -6.18497 1.23682 2.8
      vertex -6.06863 1.13137 2.8
    endloop
  endfacet
  facet normal 0 0 1
    outer loop
      vertex -6.31109 1.33035 2.8
      vertex -6.06108 1.70451 2.8
      vertex -6.23364 1.80794 2.8
    endloop
  endfacet
  facet normal 0 0 1
    outer loop
      vertex -6.06108 1.70451 2.8
      vertex -6.31109 1.33035 2.8
      vertex -6.18497 1.23682 2.8
    endloop
  endfacet
  facet normal 0 0 1
    outer loop
      vertex -6.44576 1.41107 2.8
      vertex -6.23364 1.80794 2.8
      vertex -6.4155 1.89395 2.8
    endloop
  endfacet
  facet normal 0 0 1
    outer loop
      vertex -6.23364 1.80794 2.8
      vertex -6.44576 1.41107 2.8
      vertex -6.31109 1.33035 2.8
    endloop
  endfacet
  facet normal 0 0 1
    outer loop
      vertex -6.4155 1.89395 2.8
      vertex -6.58771 1.47821 2.8
      vertex -6.44576 1.41107 2.8
    endloop
  endfacet
  facet normal 0 0 1
    outer loop
      vertex -6.60492 1.96173 2.8
      vertex -6.58771 1.47821 2.8
      vertex -6.4155 1.89395 2.8
    endloop
  endfacet
  facet normal 0 0 1
    outer loop
      vertex -6.60492 1.96173 2.8
      vertex -6.73554 1.5311 2.8
      vertex -6.58771 1.47821 2.8
    endloop
  endfacet
  facet normal 0 0 1
    outer loop
      vertex -6.80006 2.01061 2.8
      vertex -6.73554 1.5311 2.8
      vertex -6.60492 1.96173 2.8
    endloop
  endfacet
  facet normal 0 0 1
    outer loop
      vertex -6.80006 2.01061 2.8
      vertex -6.88785 1.56926 2.8
      vertex -6.73554 1.5311 2.8
    endloop
  endfacet
  facet normal 0 0 1
    outer loop
      vertex -6.99906 2.04013 2.8
      vertex -6.88785 1.56926 2.8
      vertex -6.80006 2.01061 2.8
    endloop
  endfacet
  facet normal 0 0 1
    outer loop
      vertex -6.99906 2.04013 2.8
      vertex -7.04317 1.59229 2.8
      vertex -6.88785 1.56926 2.8
    endloop
  endfacet
  facet normal 0 0 1
    outer loop
      vertex -7.2 2.05 2.8
      vertex -7.04317 1.59229 2.8
      vertex -6.99906 2.04013 2.8
    endloop
  endfacet
  facet normal 0 0 1
    outer loop
      vertex -7.2 2.05 2.8
      vertex -7.2 1.6 2.8
      vertex -7.04317 1.59229 2.8
    endloop
  endfacet
  facet normal 0 0 1
    outer loop
      vertex -7.2 2.05 2.8
      vertex -7.35683 1.59229 2.8
      vertex -7.2 1.6 2.8
    endloop
  endfacet
  facet normal -0 0 1
    outer loop
      vertex -7.40093 2.04013 2.8
      vertex -7.35683 1.59229 2.8
      vertex -7.2 2.05 2.8
    endloop
  endfacet
  facet normal 0 0 1
    outer loop
      vertex -7.40093 2.04013 2.8
      vertex -7.51214 1.56926 2.8
      vertex -7.35683 1.59229 2.8
    endloop
  endfacet
  facet normal -0 0 1
    outer loop
      vertex -7.59993 2.01061 2.8
      vertex -7.51214 1.56926 2.8
      vertex -7.40093 2.04013 2.8
    endloop
  endfacet
  facet normal 0 0 1
    outer loop
      vertex -7.59993 2.01061 2.8
      vertex -7.66446 1.5311 2.8
      vertex -7.51214 1.56926 2.8
    endloop
  endfacet
  facet normal -0 0 1
    outer loop
      vertex -7.79508 1.96173 2.8
      vertex -7.66446 1.5311 2.8
      vertex -7.59993 2.01061 2.8
    endloop
  endfacet
  facet normal 0 0 1
    outer loop
      vertex -7.79508 1.96173 2.8
      vertex -7.81229 1.47821 2.8
      vertex -7.66446 1.5311 2.8
    endloop
  endfacet
  facet normal -0 0 1
    outer loop
      vertex -7.9845 1.89395 2.8
      vertex -7.81229 1.47821 2.8
      vertex -7.79508 1.96173 2.8
    endloop
  endfacet
  facet normal 0 0 1
    outer loop
      vertex -7.81229 1.47821 2.8
      vertex -7.9845 1.89395 2.8
      vertex -7.95423 1.41107 2.8
    endloop
  endfacet
  facet normal -0 0 1
    outer loop
      vertex -8.16636 1.80794 2.8
      vertex -7.95423 1.41107 2.8
      vertex -7.9845 1.89395 2.8
    endloop
  endfacet
  facet normal 0 0 1
    outer loop
      vertex -7.95423 1.41107 2.8
      vertex -8.16636 1.80794 2.8
      vertex -8.08891 1.33035 2.8
    endloop
  endfacet
  facet normal -0 0 1
    outer loop
      vertex -8.33892 1.70451 2.8
      vertex -8.08891 1.33035 2.8
      vertex -8.16636 1.80794 2.8
    endloop
  endfacet
  facet normal 0 0 1
    outer loop
      vertex -8.08891 1.33035 2.8
      vertex -8.33892 1.70451 2.8
      vertex -8.21503 1.23682 2.8
    endloop
  endfacet
  facet normal -0 0 1
    outer loop
      vertex -8.50051 1.58467 2.8
      vertex -8.21503 1.23682 2.8
      vertex -8.33892 1.70451 2.8
    endloop
  endfacet
  facet normal 0 0 1
    outer loop
      vertex -8.21503 1.23682 2.8
      vertex -8.50051 1.58467 2.8
      vertex -8.33137 1.13137 2.8
    endloop
  endfacet
  facet normal -0 0 1
    outer loop
      vertex -8.64957 1.44957 2.8
      vertex -8.33137 1.13137 2.8
      vertex -8.50051 1.58467 2.8
    endloop
  endfacet
  facet normal 0 0 1
    outer loop
      vertex -8.33137 1.13137 2.8
      vertex -8.64957 1.44957 2.8
      vertex -8.43682 1.01503 2.8
    endloop
  endfacet
  facet normal -0 0 1
    outer loop
      vertex -8.78467 1.30051 2.8
      vertex -8.43682 1.01503 2.8
      vertex -8.64957 1.44957 2.8
    endloop
  endfacet
  facet normal 0 0 1
    outer loop
      vertex -8.43682 1.01503 2.8
      vertex -8.78467 1.30051 2.8
      vertex -8.53035 0.888912 2.8
    endloop
  endfacet
  facet normal -0 0 1
    outer loop
      vertex -8.90451 1.13892 2.8
      vertex -8.53035 0.888912 2.8
      vertex -8.78467 1.30051 2.8
    endloop
  endfacet
  facet normal 0 0 1
    outer loop
      vertex -8.53035 0.888912 2.8
      vertex -8.90451 1.13892 2.8
      vertex -8.61107 0.754234 2.8
    endloop
  endfacet
  facet normal -0 0 1
    outer loop
      vertex -9.00794 0.966363 2.8
      vertex -8.61107 0.754234 2.8
      vertex -8.90451 1.13892 2.8
    endloop
  endfacet
  facet normal 0 0 1
    outer loop
      vertex -8.61107 0.754234 2.8
      vertex -9.00794 0.966363 2.8
      vertex -8.67821 0.612293 2.8
    endloop
  endfacet
  facet normal -0 0 1
    outer loop
      vertex -9.09395 0.7845 2.8
      vertex -8.67821 0.612293 2.8
      vertex -9.00794 0.966363 2.8
    endloop
  endfacet
  facet normal 0 0 1
    outer loop
      vertex -8.67821 0.612293 2.8
      vertex -9.09395 0.7845 2.8
      vertex -8.7311 0.464455 2.8
    endloop
  endfacet
  facet normal -0 0 1
    outer loop
      vertex -9.16173 0.595083 2.8
      vertex -8.7311 0.464455 2.8
      vertex -9.09395 0.7845 2.8
    endloop
  endfacet
  facet normal 0 0 1
    outer loop
      vertex -5.23827 -0.595083 2.8
      vertex -5.66889 -0.464455 2.8
      vertex -5.30605 -0.7845 2.8
    endloop
  endfacet
  facet normal -0 0 1
    outer loop
      vertex -5.72179 -0.612293 2.8
      vertex -5.30605 -0.7845 2.8
      vertex -5.66889 -0.464455 2.8
    endloop
  endfacet
  facet normal 0 0 1
    outer loop
      vertex -5.30605 -0.7845 2.8
      vertex -5.72179 -0.612293 2.8
      vertex -5.39206 -0.966363 2.8
    endloop
  endfacet
  facet normal -0 0 1
    outer loop
      vertex -5.78893 -0.754234 2.8
      vertex -5.39206 -0.966363 2.8
      vertex -5.72179 -0.612293 2.8
    endloop
  endfacet
  facet normal 0 0 1
    outer loop
      vertex -5.39206 -0.966363 2.8
      vertex -5.78893 -0.754234 2.8
      vertex -5.49549 -1.13892 2.8
    endloop
  endfacet
  facet normal -0 0 1
    outer loop
      vertex -5.86965 -0.888912 2.8
      vertex -5.49549 -1.13892 2.8
      vertex -5.78893 -0.754234 2.8
    endloop
  endfacet
  facet normal 0 0 1
    outer loop
      vertex -5.49549 -1.13892 2.8
      vertex -5.86965 -0.888912 2.8
      vertex -5.61533 -1.30051 2.8
    endloop
  endfacet
  facet normal -0 0 1
    outer loop
      vertex -5.96318 -1.01503 2.8
      vertex -5.61533 -1.30051 2.8
      vertex -5.86965 -0.888912 2.8
    endloop
  endfacet
  facet normal 0 0 1
    outer loop
      vertex -5.61533 -1.30051 2.8
      vertex -5.96318 -1.01503 2.8
      vertex -5.75043 -1.44957 2.8
    endloop
  endfacet
  facet normal -0 0 1
    outer loop
      vertex -6.06863 -1.13137 2.8
      vertex -5.75043 -1.44957 2.8
      vertex -5.96318 -1.01503 2.8
    endloop
  endfacet
  facet normal 0 0 1
    outer loop
      vertex -5.75043 -1.44957 2.8
      vertex -6.06863 -1.13137 2.8
      vertex -5.89949 -1.58467 2.8
    endloop
  endfacet
  facet normal -0 0 1
    outer loop
      vertex -6.18497 -1.23682 2.8
      vertex -5.89949 -1.58467 2.8
      vertex -6.06863 -1.13137 2.8
    endloop
  endfacet
  facet normal 0 0 1
    outer loop
      vertex -5.89949 -1.58467 2.8
      vertex -6.18497 -1.23682 2.8
      vertex -6.06108 -1.70451 2.8
    endloop
  endfacet
  facet normal -0 0 1
    outer loop
      vertex -6.31109 -1.33035 2.8
      vertex -6.06108 -1.70451 2.8
      vertex -6.18497 -1.23682 2.8
    endloop
  endfacet
  facet normal 0 0 1
    outer loop
      vertex -6.06108 -1.70451 2.8
      vertex -6.31109 -1.33035 2.8
      vertex -6.23364 -1.80794 2.8
    endloop
  endfacet
  facet normal -0 0 1
    outer loop
      vertex -6.44576 -1.41107 2.8
      vertex -6.23364 -1.80794 2.8
      vertex -6.31109 -1.33035 2.8
    endloop
  endfacet
  facet normal 0 0 1
    outer loop
      vertex -6.23364 -1.80794 2.8
      vertex -6.44576 -1.41107 2.8
      vertex -6.4155 -1.89395 2.8
    endloop
  endfacet
  facet normal -0 0 1
    outer loop
      vertex -6.58771 -1.47821 2.8
      vertex -6.4155 -1.89395 2.8
      vertex -6.44576 -1.41107 2.8
    endloop
  endfacet
  facet normal 0 0 1
    outer loop
      vertex -6.58771 -1.47821 2.8
      vertex -6.60492 -1.96173 2.8
      vertex -6.4155 -1.89395 2.8
    endloop
  endfacet
  facet normal -0 0 1
    outer loop
      vertex -6.73554 -1.5311 2.8
      vertex -6.60492 -1.96173 2.8
      vertex -6.58771 -1.47821 2.8
    endloop
  endfacet
  facet normal 0 0 1
    outer loop
      vertex -6.73554 -1.5311 2.8
      vertex -6.80006 -2.01061 2.8
      vertex -6.60492 -1.96173 2.8
    endloop
  endfacet
  facet normal -0 0 1
    outer loop
      vertex -6.88785 -1.56926 2.8
      vertex -6.80006 -2.01061 2.8
      vertex -6.73554 -1.5311 2.8
    endloop
  endfacet
  facet normal 0 0 1
    outer loop
      vertex -6.88785 -1.56926 2.8
      vertex -6.99906 -2.04013 2.8
      vertex -6.80006 -2.01061 2.8
    endloop
  endfacet
  facet normal -0 0 1
    outer loop
      vertex -7.04317 -1.59229 2.8
      vertex -6.99906 -2.04013 2.8
      vertex -6.88785 -1.56926 2.8
    endloop
  endfacet
  facet normal -0 0 1
    outer loop
      vertex -7.2 -1.6 2.8
      vertex -6.99906 -2.04013 2.8
      vertex -7.04317 -1.59229 2.8
    endloop
  endfacet
  facet normal 0 0 1
    outer loop
      vertex -7.2 -1.6 2.8
      vertex -7.2 -2.05 2.8
      vertex -6.99906 -2.04013 2.8
    endloop
  endfacet
  facet normal 0 0 1
    outer loop
      vertex -7.35683 -1.59229 2.8
      vertex -7.2 -2.05 2.8
      vertex -7.2 -1.6 2.8
    endloop
  endfacet
  facet normal 0 0 1
    outer loop
      vertex -7.35683 -1.59229 2.8
      vertex -7.40093 -2.04013 2.8
      vertex -7.2 -2.05 2.8
    endloop
  endfacet
  facet normal 0 0 1
    outer loop
      vertex -7.51214 -1.56926 2.8
      vertex -7.40093 -2.04013 2.8
      vertex -7.35683 -1.59229 2.8
    endloop
  endfacet
  facet normal 0 0 1
    outer loop
      vertex -7.51214 -1.56926 2.8
      vertex -7.59993 -2.01061 2.8
      vertex -7.40093 -2.04013 2.8
    endloop
  endfacet
  facet normal 0 0 1
    outer loop
      vertex -7.66446 -1.5311 2.8
      vertex -7.59993 -2.01061 2.8
      vertex -7.51214 -1.56926 2.8
    endloop
  endfacet
  facet normal 0 0 1
    outer loop
      vertex -7.66446 -1.5311 2.8
      vertex -7.79508 -1.96173 2.8
      vertex -7.59993 -2.01061 2.8
    endloop
  endfacet
  facet normal 0 0 1
    outer loop
      vertex -7.81229 -1.47821 2.8
      vertex -7.79508 -1.96173 2.8
      vertex -7.66446 -1.5311 2.8
    endloop
  endfacet
  facet normal 0 0 1
    outer loop
      vertex -7.9845 -1.89395 2.8
      vertex -7.81229 -1.47821 2.8
      vertex -7.95423 -1.41107 2.8
    endloop
  endfacet
  facet normal 0 0 1
    outer loop
      vertex -7.81229 -1.47821 2.8
      vertex -7.9845 -1.89395 2.8
      vertex -7.79508 -1.96173 2.8
    endloop
  endfacet
  facet normal 0 0 1
    outer loop
      vertex -8.16636 -1.80794 2.8
      vertex -7.95423 -1.41107 2.8
      vertex -8.08891 -1.33035 2.8
    endloop
  endfacet
  facet normal 0 0 1
    outer loop
      vertex -7.95423 -1.41107 2.8
      vertex -8.16636 -1.80794 2.8
      vertex -7.9845 -1.89395 2.8
    endloop
  endfacet
  facet normal 0 0 1
    outer loop
      vertex -8.33892 -1.70451 2.8
      vertex -8.08891 -1.33035 2.8
      vertex -8.21503 -1.23682 2.8
    endloop
  endfacet
  facet normal 0 0 1
    outer loop
      vertex -8.50051 -1.58467 2.8
      vertex -8.21503 -1.23682 2.8
      vertex -8.33137 -1.13137 2.8
    endloop
  endfacet
  facet normal 0 0 1
    outer loop
      vertex -8.08891 -1.33035 2.8
      vertex -8.33892 -1.70451 2.8
      vertex -8.16636 -1.80794 2.8
    endloop
  endfacet
  facet normal 0 0 1
    outer loop
      vertex -8.64957 -1.44957 2.8
      vertex -8.33137 -1.13137 2.8
      vertex -8.43682 -1.01503 2.8
    endloop
  endfacet
  facet normal 0 0 1
    outer loop
      vertex -8.21503 -1.23682 2.8
      vertex -8.50051 -1.58467 2.8
      vertex -8.33892 -1.70451 2.8
    endloop
  endfacet
  facet normal 0 0 1
    outer loop
      vertex -8.78467 -1.30051 2.8
      vertex -8.43682 -1.01503 2.8
      vertex -8.53035 -0.888912 2.8
    endloop
  endfacet
  facet normal 0 0 1
    outer loop
      vertex -8.90451 -1.13892 2.8
      vertex -8.53035 -0.888912 2.8
      vertex -8.61107 -0.754234 2.8
    endloop
  endfacet
  facet normal 0 0 1
    outer loop
      vertex -8.33137 -1.13137 2.8
      vertex -8.64957 -1.44957 2.8
      vertex -8.50051 -1.58467 2.8
    endloop
  endfacet
  facet normal 0 0 1
    outer loop
      vertex -9.00794 -0.966363 2.8
      vertex -8.61107 -0.754234 2.8
      vertex -8.67821 -0.612293 2.8
    endloop
  endfacet
  facet normal 0 0 1
    outer loop
      vertex -9.09395 -0.7845 2.8
      vertex -8.67821 -0.612293 2.8
      vertex -8.7311 -0.464455 2.8
    endloop
  endfacet
  facet normal 0 0 1
    outer loop
      vertex -9.16173 -0.595083 2.8
      vertex -8.7311 -0.464455 2.8
      vertex -8.76926 -0.312144 2.8
    endloop
  endfacet
  facet normal 0 0 1
    outer loop
      vertex -8.43682 -1.01503 2.8
      vertex -8.78467 -1.30051 2.8
      vertex -8.64957 -1.44957 2.8
    endloop
  endfacet
  facet normal 0 0 1
    outer loop
      vertex -9.21061 -0.399935 2.8
      vertex -8.76926 -0.312144 2.8
      vertex -8.7923 -0.156827 2.8
    endloop
  endfacet
  facet normal 0 0 1
    outer loop
      vertex -9.24013 -0.200934 2.8
      vertex -8.7923 -0.156827 2.8
      vertex -8.8 0 2.8
    endloop
  endfacet
  facet normal 0 0 1
    outer loop
      vertex -8.7311 0.464455 2.8
      vertex -9.16173 0.595083 2.8
      vertex -8.76926 0.312144 2.8
    endloop
  endfacet
  facet normal 0 0 1
    outer loop
      vertex -8.53035 -0.888912 2.8
      vertex -8.90451 -1.13892 2.8
      vertex -8.78467 -1.30051 2.8
    endloop
  endfacet
  facet normal -0 0 1
    outer loop
      vertex -9.21061 0.399935 2.8
      vertex -8.76926 0.312144 2.8
      vertex -9.16173 0.595083 2.8
    endloop
  endfacet
  facet normal 0 0 1
    outer loop
      vertex -8.61107 -0.754234 2.8
      vertex -9.00794 -0.966363 2.8
      vertex -8.90451 -1.13892 2.8
    endloop
  endfacet
  facet normal 0 0 1
    outer loop
      vertex -8.76926 0.312144 2.8
      vertex -9.21061 0.399935 2.8
      vertex -8.7923 0.156827 2.8
    endloop
  endfacet
  facet normal 0 0 1
    outer loop
      vertex -8.67821 -0.612293 2.8
      vertex -9.09395 -0.7845 2.8
      vertex -9.00794 -0.966363 2.8
    endloop
  endfacet
  facet normal -0 0 1
    outer loop
      vertex -9.24013 0.200934 2.8
      vertex -8.7923 0.156827 2.8
      vertex -9.21061 0.399935 2.8
    endloop
  endfacet
  facet normal 0 0 1
    outer loop
      vertex -8.7311 -0.464455 2.8
      vertex -9.16173 -0.595083 2.8
      vertex -9.09395 -0.7845 2.8
    endloop
  endfacet
  facet normal 0 0 1
    outer loop
      vertex -8.7923 0.156827 2.8
      vertex -9.24013 0.200934 2.8
      vertex -8.8 0 2.8
    endloop
  endfacet
  facet normal 0 0 1
    outer loop
      vertex -8.76926 -0.312144 2.8
      vertex -9.21061 -0.399935 2.8
      vertex -9.16173 -0.595083 2.8
    endloop
  endfacet
  facet normal 0 0 1
    outer loop
      vertex -9.25 0 2.8
      vertex -8.8 0 2.8
      vertex -9.24013 0.200934 2.8
    endloop
  endfacet
  facet normal 0 0 1
    outer loop
      vertex -8.7923 -0.156827 2.8
      vertex -9.24013 -0.200934 2.8
      vertex -9.21061 -0.399935 2.8
    endloop
  endfacet
  facet normal 0 0 1
    outer loop
      vertex -8.8 0 2.8
      vertex -9.25 0 2.8
      vertex -9.24013 -0.200934 2.8
    endloop
  endfacet
  facet normal -0.903999 -0.427536 0
    outer loop
      vertex -5.30605 0.7845 2.8
      vertex -5.39206 0.966363 4
      vertex -5.39206 0.966363 2.8
    endloop
  endfacet
  facet normal -0.903999 -0.427536 0
    outer loop
      vertex -5.39206 0.966363 4
      vertex -5.30605 0.7845 2.8
      vertex -5.30605 0.7845 4
    endloop
  endfacet
  facet normal -0.595689 -0.803215 0
    outer loop
      vertex -6.06108 1.70451 2.8
      vertex -5.89949 1.58467 4
      vertex -6.06108 1.70451 4
    endloop
  endfacet
  facet normal -0.595689 -0.803215 -0
    outer loop
      vertex -5.89949 1.58467 4
      vertex -6.06108 1.70451 2.8
      vertex -5.89949 1.58467 2.8
    endloop
  endfacet
  facet normal -0.803215 0.595689 0
    outer loop
      vertex -5.61533 -1.30051 2.8
      vertex -5.49549 -1.13892 4
      vertex -5.49549 -1.13892 2.8
    endloop
  endfacet
  facet normal -0.803215 0.595689 0
    outer loop
      vertex -5.49549 -1.13892 4
      vertex -5.61533 -1.30051 2.8
      vertex -5.61533 -1.30051 4
    endloop
  endfacet
  facet normal 0.970034 -0.242971 0
    outer loop
      vertex -9.21061 0.399935 4
      vertex -9.16173 0.595083 2.8
      vertex -9.16173 0.595083 4
    endloop
  endfacet
  facet normal 0.970034 -0.242971 0
    outer loop
      vertex -9.16173 0.595083 2.8
      vertex -9.21061 0.399935 4
      vertex -9.21061 0.399935 2.8
    endloop
  endfacet
  facet normal 0.514108 -0.857725 0
    outer loop
      vertex -8.33892 1.70451 2.8
      vertex -8.16636 1.80794 4
      vertex -8.33892 1.70451 4
    endloop
  endfacet
  facet normal 0.514108 -0.857725 0
    outer loop
      vertex -8.16636 1.80794 4
      vertex -8.33892 1.70451 2.8
      vertex -8.16636 1.80794 2.8
    endloop
  endfacet
  facet normal -0.803215 -0.595689 0
    outer loop
      vertex -5.49549 1.13892 2.8
      vertex -5.61533 1.30051 4
      vertex -5.61533 1.30051 2.8
    endloop
  endfacet
  facet normal -0.803215 -0.595689 0
    outer loop
      vertex -5.61533 1.30051 4
      vertex -5.49549 1.13892 2.8
      vertex -5.49549 1.13892 4
    endloop
  endfacet
  facet normal 0.0490624 -0.998796 0
    outer loop
      vertex -7.40093 2.04013 2.8
      vertex -7.2 2.05 4
      vertex -7.40093 2.04013 4
    endloop
  endfacet
  facet normal 0.0490624 -0.998796 0
    outer loop
      vertex -7.2 2.05 4
      vertex -7.40093 2.04013 2.8
      vertex -7.2 2.05 2.8
    endloop
  endfacet
  facet normal -0.427541 0.903996 0
    outer loop
      vertex -6.23364 -1.80794 2.8
      vertex -6.4155 -1.89395 4
      vertex -6.23364 -1.80794 4
    endloop
  endfacet
  facet normal -0.427541 0.903996 0
    outer loop
      vertex -6.4155 -1.89395 4
      vertex -6.23364 -1.80794 2.8
      vertex -6.4155 -1.89395 2.8
    endloop
  endfacet
  facet normal 0.970034 0.242971 0
    outer loop
      vertex -9.16173 -0.595083 4
      vertex -9.21061 -0.399935 2.8
      vertex -9.21061 -0.399935 4
    endloop
  endfacet
  facet normal 0.970034 0.242971 0
    outer loop
      vertex -9.21061 -0.399935 2.8
      vertex -9.16173 -0.595083 4
      vertex -9.16173 -0.595083 2.8
    endloop
  endfacet
  facet normal 0.336909 -0.941537 0
    outer loop
      vertex -7.9845 1.89395 2.8
      vertex -7.79508 1.96173 4
      vertex -7.9845 1.89395 4
    endloop
  endfacet
  facet normal 0.336909 -0.941537 0
    outer loop
      vertex -7.79508 1.96173 4
      vertex -7.9845 1.89395 2.8
      vertex -7.79508 1.96173 2.8
    endloop
  endfacet
  facet normal -0.903999 0.427536 0
    outer loop
      vertex -5.39206 -0.966363 2.8
      vertex -5.30605 -0.7845 4
      vertex -5.30605 -0.7845 2.8
    endloop
  endfacet
  facet normal -0.903999 0.427536 0
    outer loop
      vertex -5.30605 -0.7845 4
      vertex -5.39206 -0.966363 2.8
      vertex -5.39206 -0.966363 4
    endloop
  endfacet
  facet normal 0.740951 -0.671559 0
    outer loop
      vertex -8.78467 1.30051 4
      vertex -8.64957 1.44957 2.8
      vertex -8.64957 1.44957 4
    endloop
  endfacet
  facet normal 0.740951 -0.671559 0
    outer loop
      vertex -8.64957 1.44957 2.8
      vertex -8.78467 1.30051 4
      vertex -8.78467 1.30051 2.8
    endloop
  endfacet
  facet normal -0.998796 0.0490615 0
    outer loop
      vertex -5.15987 -0.200934 2.8
      vertex -5.15 0 4
      vertex -5.15 0 2.8
    endloop
  endfacet
  facet normal -0.998796 0.0490615 0
    outer loop
      vertex -5.15 0 4
      vertex -5.15987 -0.200934 2.8
      vertex -5.15987 -0.200934 4
    endloop
  endfacet
  facet normal -0.941535 0.336914 0
    outer loop
      vertex -5.30605 -0.7845 2.8
      vertex -5.23827 -0.595083 4
      vertex -5.23827 -0.595083 2.8
    endloop
  endfacet
  facet normal -0.941535 0.336914 0
    outer loop
      vertex -5.23827 -0.595083 4
      vertex -5.30605 -0.7845 2.8
      vertex -5.30605 -0.7845 4
    endloop
  endfacet
  facet normal -0.146736 0.989176 0
    outer loop
      vertex -6.80006 -2.01061 2.8
      vertex -6.99906 -2.04013 4
      vertex -6.80006 -2.01061 4
    endloop
  endfacet
  facet normal -0.146736 0.989176 0
    outer loop
      vertex -6.99906 -2.04013 4
      vertex -6.80006 -2.01061 2.8
      vertex -6.99906 -2.04013 2.8
    endloop
  endfacet
  facet normal -0.941535 -0.336914 0
    outer loop
      vertex -5.23827 0.595083 2.8
      vertex -5.30605 0.7845 4
      vertex -5.30605 0.7845 2.8
    endloop
  endfacet
  facet normal -0.941535 -0.336914 0
    outer loop
      vertex -5.30605 0.7845 4
      vertex -5.23827 0.595083 2.8
      vertex -5.23827 0.595083 4
    endloop
  endfacet
  facet normal 0.998796 -0.0490615 0
    outer loop
      vertex -9.25 0 4
      vertex -9.24013 0.200934 2.8
      vertex -9.24013 0.200934 4
    endloop
  endfacet
  facet normal 0.998796 -0.0490615 0
    outer loop
      vertex -9.24013 0.200934 2.8
      vertex -9.25 0 4
      vertex -9.25 0 2.8
    endloop
  endfacet
  facet normal -0.970034 0.242971 0
    outer loop
      vertex -5.23827 -0.595083 2.8
      vertex -5.18939 -0.399935 4
      vertex -5.18939 -0.399935 2.8
    endloop
  endfacet
  facet normal -0.970034 0.242971 0
    outer loop
      vertex -5.18939 -0.399935 4
      vertex -5.23827 -0.595083 2.8
      vertex -5.23827 -0.595083 4
    endloop
  endfacet
  facet normal -0.671559 -0.740951 0
    outer loop
      vertex -5.89949 1.58467 2.8
      vertex -5.75043 1.44957 4
      vertex -5.89949 1.58467 4
    endloop
  endfacet
  facet normal -0.671559 -0.740951 -0
    outer loop
      vertex -5.75043 1.44957 4
      vertex -5.89949 1.58467 2.8
      vertex -5.75043 1.44957 2.8
    endloop
  endfacet
  facet normal -0.336909 -0.941537 0
    outer loop
      vertex -6.60492 1.96173 2.8
      vertex -6.4155 1.89395 4
      vertex -6.60492 1.96173 4
    endloop
  endfacet
  facet normal -0.336909 -0.941537 -0
    outer loop
      vertex -6.4155 1.89395 4
      vertex -6.60492 1.96173 2.8
      vertex -6.4155 1.89395 2.8
    endloop
  endfacet
  facet normal 0.242968 -0.970034 0
    outer loop
      vertex -7.79508 1.96173 2.8
      vertex -7.59993 2.01061 4
      vertex -7.79508 1.96173 4
    endloop
  endfacet
  facet normal 0.242968 -0.970034 0
    outer loop
      vertex -7.59993 2.01061 4
      vertex -7.79508 1.96173 2.8
      vertex -7.59993 2.01061 2.8
    endloop
  endfacet
  facet normal -0.857721 0.514115 0
    outer loop
      vertex -5.49549 -1.13892 2.8
      vertex -5.39206 -0.966363 4
      vertex -5.39206 -0.966363 2.8
    endloop
  endfacet
  facet normal -0.857721 0.514115 0
    outer loop
      vertex -5.39206 -0.966363 4
      vertex -5.49549 -1.13892 2.8
      vertex -5.49549 -1.13892 4
    endloop
  endfacet
  facet normal -0.427541 -0.903996 0
    outer loop
      vertex -6.4155 1.89395 2.8
      vertex -6.23364 1.80794 4
      vertex -6.4155 1.89395 4
    endloop
  endfacet
  facet normal -0.427541 -0.903996 -0
    outer loop
      vertex -6.23364 1.80794 4
      vertex -6.4155 1.89395 2.8
      vertex -6.23364 1.80794 2.8
    endloop
  endfacet
  facet normal -0.24298 -0.970031 0
    outer loop
      vertex -6.80006 2.01061 2.8
      vertex -6.60492 1.96173 4
      vertex -6.80006 2.01061 4
    endloop
  endfacet
  facet normal -0.24298 -0.970031 -0
    outer loop
      vertex -6.60492 1.96173 4
      vertex -6.80006 2.01061 2.8
      vertex -6.60492 1.96173 2.8
    endloop
  endfacet
  facet normal -0.857721 -0.514115 0
    outer loop
      vertex -5.39206 0.966363 2.8
      vertex -5.49549 1.13892 4
      vertex -5.49549 1.13892 2.8
    endloop
  endfacet
  facet normal -0.857721 -0.514115 0
    outer loop
      vertex -5.49549 1.13892 4
      vertex -5.39206 0.966363 2.8
      vertex -5.39206 0.966363 4
    endloop
  endfacet
  facet normal -0.989176 0.146735 0
    outer loop
      vertex -5.18939 -0.399935 2.8
      vertex -5.15987 -0.200934 4
      vertex -5.15987 -0.200934 2.8
    endloop
  endfacet
  facet normal -0.989176 0.146735 0
    outer loop
      vertex -5.15987 -0.200934 4
      vertex -5.18939 -0.399935 2.8
      vertex -5.18939 -0.399935 4
    endloop
  endfacet
  facet normal 0.146736 0.989176 -0
    outer loop
      vertex -7.40093 -2.04013 2.8
      vertex -7.59993 -2.01061 4
      vertex -7.40093 -2.04013 4
    endloop
  endfacet
  facet normal 0.146736 0.989176 0
    outer loop
      vertex -7.59993 -2.01061 4
      vertex -7.40093 -2.04013 2.8
      vertex -7.59993 -2.01061 2.8
    endloop
  endfacet
  facet normal 0.427541 -0.903996 0
    outer loop
      vertex -8.16636 1.80794 2.8
      vertex -7.9845 1.89395 4
      vertex -8.16636 1.80794 4
    endloop
  endfacet
  facet normal 0.427541 -0.903996 0
    outer loop
      vertex -7.9845 1.89395 4
      vertex -8.16636 1.80794 2.8
      vertex -7.9845 1.89395 2.8
    endloop
  endfacet
  facet normal 0.671559 -0.740951 0
    outer loop
      vertex -8.64957 1.44957 2.8
      vertex -8.50051 1.58467 4
      vertex -8.64957 1.44957 4
    endloop
  endfacet
  facet normal 0.671559 -0.740951 0
    outer loop
      vertex -8.50051 1.58467 4
      vertex -8.64957 1.44957 2.8
      vertex -8.50051 1.58467 2.8
    endloop
  endfacet
  facet normal 0.941535 -0.336914 0
    outer loop
      vertex -9.16173 0.595083 4
      vertex -9.09395 0.7845 2.8
      vertex -9.09395 0.7845 4
    endloop
  endfacet
  facet normal 0.941535 -0.336914 0
    outer loop
      vertex -9.09395 0.7845 2.8
      vertex -9.16173 0.595083 4
      vertex -9.16173 0.595083 2.8
    endloop
  endfacet
  facet normal 0.242968 0.970034 -0
    outer loop
      vertex -7.59993 -2.01061 2.8
      vertex -7.79508 -1.96173 4
      vertex -7.59993 -2.01061 4
    endloop
  endfacet
  facet normal 0.242968 0.970034 0
    outer loop
      vertex -7.79508 -1.96173 4
      vertex -7.59993 -2.01061 2.8
      vertex -7.79508 -1.96173 2.8
    endloop
  endfacet
  facet normal -0.671559 0.740951 0
    outer loop
      vertex -5.75043 -1.44957 2.8
      vertex -5.89949 -1.58467 4
      vertex -5.75043 -1.44957 4
    endloop
  endfacet
  facet normal -0.671559 0.740951 0
    outer loop
      vertex -5.89949 -1.58467 4
      vertex -5.75043 -1.44957 2.8
      vertex -5.89949 -1.58467 2.8
    endloop
  endfacet
  facet normal 0.740951 0.671559 0
    outer loop
      vertex -8.64957 -1.44957 4
      vertex -8.78467 -1.30051 2.8
      vertex -8.78467 -1.30051 4
    endloop
  endfacet
  facet normal 0.740951 0.671559 0
    outer loop
      vertex -8.78467 -1.30051 2.8
      vertex -8.64957 -1.44957 4
      vertex -8.64957 -1.44957 2.8
    endloop
  endfacet
  facet normal -0.04906 -0.998796 0
    outer loop
      vertex -7.2 2.05 2.8
      vertex -6.99906 2.04013 4
      vertex -7.2 2.05 4
    endloop
  endfacet
  facet normal -0.04906 -0.998796 -0
    outer loop
      vertex -6.99906 2.04013 4
      vertex -7.2 2.05 2.8
      vertex -6.99906 2.04013 2.8
    endloop
  endfacet
  facet normal -0.146736 -0.989176 0
    outer loop
      vertex -6.99906 2.04013 2.8
      vertex -6.80006 2.01061 4
      vertex -6.99906 2.04013 4
    endloop
  endfacet
  facet normal -0.146736 -0.989176 -0
    outer loop
      vertex -6.80006 2.01061 4
      vertex -6.99906 2.04013 2.8
      vertex -6.80006 2.01061 2.8
    endloop
  endfacet
  facet normal 0.595689 0.803215 -0
    outer loop
      vertex -8.33892 -1.70451 2.8
      vertex -8.50051 -1.58467 4
      vertex -8.33892 -1.70451 4
    endloop
  endfacet
  facet normal 0.595689 0.803215 0
    outer loop
      vertex -8.50051 -1.58467 4
      vertex -8.33892 -1.70451 2.8
      vertex -8.50051 -1.58467 2.8
    endloop
  endfacet
  facet normal 0.989176 0.146735 0
    outer loop
      vertex -9.21061 -0.399935 4
      vertex -9.24013 -0.200934 2.8
      vertex -9.24013 -0.200934 4
    endloop
  endfacet
  facet normal 0.989176 0.146735 0
    outer loop
      vertex -9.24013 -0.200934 2.8
      vertex -9.21061 -0.399935 4
      vertex -9.21061 -0.399935 2.8
    endloop
  endfacet
  facet normal 0.427541 0.903996 -0
    outer loop
      vertex -7.9845 -1.89395 2.8
      vertex -8.16636 -1.80794 4
      vertex -7.9845 -1.89395 4
    endloop
  endfacet
  facet normal 0.427541 0.903996 0
    outer loop
      vertex -8.16636 -1.80794 4
      vertex -7.9845 -1.89395 2.8
      vertex -8.16636 -1.80794 2.8
    endloop
  endfacet
  facet normal 0.803215 0.595689 0
    outer loop
      vertex -8.78467 -1.30051 4
      vertex -8.90451 -1.13892 2.8
      vertex -8.90451 -1.13892 4
    endloop
  endfacet
  facet normal 0.803215 0.595689 0
    outer loop
      vertex -8.90451 -1.13892 2.8
      vertex -8.78467 -1.30051 4
      vertex -8.78467 -1.30051 2.8
    endloop
  endfacet
  facet normal 0.998796 0.0490615 0
    outer loop
      vertex -9.24013 -0.200934 4
      vertex -9.25 0 2.8
      vertex -9.25 0 4
    endloop
  endfacet
  facet normal 0.998796 0.0490615 0
    outer loop
      vertex -9.25 0 2.8
      vertex -9.24013 -0.200934 4
      vertex -9.24013 -0.200934 2.8
    endloop
  endfacet
  facet normal -0.740951 -0.671559 0
    outer loop
      vertex -5.61533 1.30051 2.8
      vertex -5.75043 1.44957 4
      vertex -5.75043 1.44957 2.8
    endloop
  endfacet
  facet normal -0.740951 -0.671559 0
    outer loop
      vertex -5.75043 1.44957 4
      vertex -5.61533 1.30051 2.8
      vertex -5.61533 1.30051 4
    endloop
  endfacet
  facet normal 0.803215 -0.595689 0
    outer loop
      vertex -8.90451 1.13892 4
      vertex -8.78467 1.30051 2.8
      vertex -8.78467 1.30051 4
    endloop
  endfacet
  facet normal 0.803215 -0.595689 0
    outer loop
      vertex -8.78467 1.30051 2.8
      vertex -8.90451 1.13892 4
      vertex -8.90451 1.13892 2.8
    endloop
  endfacet
  facet normal -0.595689 0.803215 0
    outer loop
      vertex -5.89949 -1.58467 2.8
      vertex -6.06108 -1.70451 4
      vertex -5.89949 -1.58467 4
    endloop
  endfacet
  facet normal -0.595689 0.803215 0
    outer loop
      vertex -6.06108 -1.70451 4
      vertex -5.89949 -1.58467 2.8
      vertex -6.06108 -1.70451 2.8
    endloop
  endfacet
  facet normal -0.336909 0.941537 0
    outer loop
      vertex -6.4155 -1.89395 2.8
      vertex -6.60492 -1.96173 4
      vertex -6.4155 -1.89395 4
    endloop
  endfacet
  facet normal -0.336909 0.941537 0
    outer loop
      vertex -6.60492 -1.96173 4
      vertex -6.4155 -1.89395 2.8
      vertex -6.60492 -1.96173 2.8
    endloop
  endfacet
  facet normal 0.336909 0.941537 -0
    outer loop
      vertex -7.79508 -1.96173 2.8
      vertex -7.9845 -1.89395 4
      vertex -7.79508 -1.96173 4
    endloop
  endfacet
  facet normal 0.336909 0.941537 0
    outer loop
      vertex -7.9845 -1.89395 4
      vertex -7.79508 -1.96173 2.8
      vertex -7.9845 -1.89395 2.8
    endloop
  endfacet
  facet normal 0.903999 -0.427536 0
    outer loop
      vertex -9.09395 0.7845 4
      vertex -9.00794 0.966363 2.8
      vertex -9.00794 0.966363 4
    endloop
  endfacet
  facet normal 0.903999 -0.427536 0
    outer loop
      vertex -9.00794 0.966363 2.8
      vertex -9.09395 0.7845 4
      vertex -9.09395 0.7845 2.8
    endloop
  endfacet
  facet normal 0.0490624 0.998796 -0
    outer loop
      vertex -7.2 -2.05 2.8
      vertex -7.40093 -2.04013 4
      vertex -7.2 -2.05 4
    endloop
  endfacet
  facet normal 0.0490624 0.998796 0
    outer loop
      vertex -7.40093 -2.04013 4
      vertex -7.2 -2.05 2.8
      vertex -7.40093 -2.04013 2.8
    endloop
  endfacet
  facet normal 0.903999 0.427536 0
    outer loop
      vertex -9.00794 -0.966363 4
      vertex -9.09395 -0.7845 2.8
      vertex -9.09395 -0.7845 4
    endloop
  endfacet
  facet normal 0.903999 0.427536 0
    outer loop
      vertex -9.09395 -0.7845 2.8
      vertex -9.00794 -0.966363 4
      vertex -9.00794 -0.966363 2.8
    endloop
  endfacet
  facet normal 0.989176 -0.146735 0
    outer loop
      vertex -9.24013 0.200934 4
      vertex -9.21061 0.399935 2.8
      vertex -9.21061 0.399935 4
    endloop
  endfacet
  facet normal 0.989176 -0.146735 0
    outer loop
      vertex -9.21061 0.399935 2.8
      vertex -9.24013 0.200934 4
      vertex -9.24013 0.200934 2.8
    endloop
  endfacet
  facet normal 0.671559 0.740951 -0
    outer loop
      vertex -8.50051 -1.58467 2.8
      vertex -8.64957 -1.44957 4
      vertex -8.50051 -1.58467 4
    endloop
  endfacet
  facet normal 0.671559 0.740951 0
    outer loop
      vertex -8.64957 -1.44957 4
      vertex -8.50051 -1.58467 2.8
      vertex -8.64957 -1.44957 2.8
    endloop
  endfacet
  facet normal -0.740951 0.671559 0
    outer loop
      vertex -5.75043 -1.44957 2.8
      vertex -5.61533 -1.30051 4
      vertex -5.61533 -1.30051 2.8
    endloop
  endfacet
  facet normal -0.740951 0.671559 0
    outer loop
      vertex -5.61533 -1.30051 4
      vertex -5.75043 -1.44957 2.8
      vertex -5.75043 -1.44957 4
    endloop
  endfacet
  facet normal 0.857721 -0.514115 0
    outer loop
      vertex -9.00794 0.966363 4
      vertex -8.90451 1.13892 2.8
      vertex -8.90451 1.13892 4
    endloop
  endfacet
  facet normal 0.857721 -0.514115 0
    outer loop
      vertex -8.90451 1.13892 2.8
      vertex -9.00794 0.966363 4
      vertex -9.00794 0.966363 2.8
    endloop
  endfacet
  facet normal -0.989176 -0.146736 0
    outer loop
      vertex 8.7923 0.156827 0
      vertex 8.76926 0.312144 2.8
      vertex 8.76926 0.312144 0
    endloop
  endfacet
  facet normal -0.989176 -0.146736 0
    outer loop
      vertex 8.76926 0.312144 2.8
      vertex 8.7923 0.156827 0
      vertex 8.7923 0.156827 2.8
    endloop
  endfacet
  facet normal -0.998797 -0.0490396 0
    outer loop
      vertex 8.8 0 0
      vertex 8.7923 0.156827 2.8
      vertex 8.7923 0.156827 0
    endloop
  endfacet
  facet normal -0.998797 -0.0490396 0
    outer loop
      vertex 8.7923 0.156827 2.8
      vertex 8.8 0 0
      vertex 8.8 0 2.8
    endloop
  endfacet
  facet normal -0.970019 -0.243029 0
    outer loop
      vertex 8.76926 0.312144 0
      vertex 8.7311 0.464455 2.8
      vertex 8.7311 0.464455 0
    endloop
  endfacet
  facet normal -0.970019 -0.243029 0
    outer loop
      vertex 8.7311 0.464455 2.8
      vertex 8.76926 0.312144 0
      vertex 8.76926 0.312144 2.8
    endloop
  endfacet
  facet normal 0.146671 -0.989185 0
    outer loop
      vertex 6.88785 1.56926 0
      vertex 7.04317 1.59229 2.8
      vertex 6.88785 1.56926 2.8
    endloop
  endfacet
  facet normal 0.146671 -0.989185 0
    outer loop
      vertex 7.04317 1.59229 2.8
      vertex 6.88785 1.56926 0
      vertex 7.04317 1.59229 0
    endloop
  endfacet
  facet normal 0.941539 0.336905 0
    outer loop
      vertex 5.72179 -0.612293 2.8
      vertex 5.66889 -0.464455 0
      vertex 5.66889 -0.464455 2.8
    endloop
  endfacet
  facet normal 0.941539 0.336905 0
    outer loop
      vertex 5.66889 -0.464455 0
      vertex 5.72179 -0.612293 2.8
      vertex 5.72179 -0.612293 0
    endloop
  endfacet
  facet normal -0.427594 0.903971 0
    outer loop
      vertex 7.95423 -1.41107 0
      vertex 7.81229 -1.47821 2.8
      vertex 7.95423 -1.41107 2.8
    endloop
  endfacet
  facet normal -0.427594 0.903971 0
    outer loop
      vertex 7.81229 -1.47821 2.8
      vertex 7.95423 -1.41107 0
      vertex 7.81229 -1.47821 0
    endloop
  endfacet
  facet normal -0.243015 0.970023 0
    outer loop
      vertex 7.66446 -1.5311 0
      vertex 7.51214 -1.56926 2.8
      vertex 7.66446 -1.5311 2.8
    endloop
  endfacet
  facet normal -0.243015 0.970023 0
    outer loop
      vertex 7.51214 -1.56926 2.8
      vertex 7.66446 -1.5311 0
      vertex 7.51214 -1.56926 0
    endloop
  endfacet
  facet normal 0.595671 -0.803229 0
    outer loop
      vertex 6.18497 1.23682 0
      vertex 6.31109 1.33035 2.8
      vertex 6.18497 1.23682 2.8
    endloop
  endfacet
  facet normal 0.595671 -0.803229 0
    outer loop
      vertex 6.31109 1.33035 2.8
      vertex 6.18497 1.23682 0
      vertex 6.31109 1.33035 0
    endloop
  endfacet
  facet normal -0.14668 0.989184 0
    outer loop
      vertex 7.51214 -1.56926 0
      vertex 7.35683 -1.59229 2.8
      vertex 7.51214 -1.56926 2.8
    endloop
  endfacet
  facet normal -0.14668 0.989184 0
    outer loop
      vertex 7.35683 -1.59229 2.8
      vertex 7.51214 -1.56926 0
      vertex 7.35683 -1.59229 0
    endloop
  endfacet
  facet normal 0.514112 0.857723 -0
    outer loop
      vertex 6.44576 -1.41107 0
      vertex 6.31109 -1.33035 2.8
      vertex 6.44576 -1.41107 2.8
    endloop
  endfacet
  facet normal 0.514112 0.857723 0
    outer loop
      vertex 6.31109 -1.33035 2.8
      vertex 6.44576 -1.41107 0
      vertex 6.31109 -1.33035 0
    endloop
  endfacet
  facet normal 0.427569 -0.903983 0
    outer loop
      vertex 6.44576 1.41107 0
      vertex 6.58771 1.47821 2.8
      vertex 6.44576 1.41107 2.8
    endloop
  endfacet
  facet normal 0.427569 -0.903983 0
    outer loop
      vertex 6.58771 1.47821 2.8
      vertex 6.44576 1.41107 0
      vertex 6.58771 1.47821 0
    endloop
  endfacet
  facet normal -0.903972 -0.427591 0
    outer loop
      vertex 8.67821 0.612293 0
      vertex 8.61107 0.754234 2.8
      vertex 8.61107 0.754234 0
    endloop
  endfacet
  facet normal -0.903972 -0.427591 0
    outer loop
      vertex 8.61107 0.754234 2.8
      vertex 8.67821 0.612293 0
      vertex 8.67821 0.612293 2.8
    endloop
  endfacet
  facet normal -0.740933 0.671578 0
    outer loop
      vertex 8.33137 -1.13137 0
      vertex 8.43682 -1.01503 2.8
      vertex 8.43682 -1.01503 0
    endloop
  endfacet
  facet normal -0.740933 0.671578 0
    outer loop
      vertex 8.43682 -1.01503 2.8
      vertex 8.33137 -1.13137 0
      vertex 8.33137 -1.13137 2.8
    endloop
  endfacet
  facet normal -0.595671 -0.803229 0
    outer loop
      vertex 8.08891 1.33035 0
      vertex 8.21503 1.23682 2.8
      vertex 8.08891 1.33035 2.8
    endloop
  endfacet
  facet normal -0.595671 -0.803229 -0
    outer loop
      vertex 8.21503 1.23682 2.8
      vertex 8.08891 1.33035 0
      vertex 8.21503 1.23682 0
    endloop
  endfacet
  facet normal -0.803224 -0.595677 0
    outer loop
      vertex 8.53035 0.888912 0
      vertex 8.43682 1.01503 2.8
      vertex 8.43682 1.01503 0
    endloop
  endfacet
  facet normal -0.803224 -0.595677 0
    outer loop
      vertex 8.43682 1.01503 2.8
      vertex 8.53035 0.888912 0
      vertex 8.53035 0.888912 2.8
    endloop
  endfacet
  facet normal 0.24303 0.970019 -0
    outer loop
      vertex 6.88785 -1.56926 0
      vertex 6.73554 -1.5311 2.8
      vertex 6.88785 -1.56926 2.8
    endloop
  endfacet
  facet normal 0.24303 0.970019 0
    outer loop
      vertex 6.73554 -1.5311 2.8
      vertex 6.88785 -1.56926 0
      vertex 6.73554 -1.5311 0
    endloop
  endfacet
  facet normal 0.0491022 -0.998794 0
    outer loop
      vertex 7.04317 1.59229 0
      vertex 7.2 1.6 2.8
      vertex 7.04317 1.59229 2.8
    endloop
  endfacet
  facet normal 0.0491022 -0.998794 0
    outer loop
      vertex 7.2 1.6 2.8
      vertex 7.04317 1.59229 0
      vertex 7.2 1.6 0
    endloop
  endfacet
  facet normal -0.514084 -0.85774 0
    outer loop
      vertex 7.95423 1.41107 0
      vertex 8.08891 1.33035 2.8
      vertex 7.95423 1.41107 2.8
    endloop
  endfacet
  facet normal -0.514084 -0.85774 -0
    outer loop
      vertex 8.08891 1.33035 2.8
      vertex 7.95423 1.41107 0
      vertex 8.08891 1.33035 0
    endloop
  endfacet
  facet normal 0.970034 0.242969 0
    outer loop
      vertex 5.66889 -0.464455 2.8
      vertex 5.63074 -0.312144 0
      vertex 5.63074 -0.312144 2.8
    endloop
  endfacet
  facet normal 0.970034 0.242969 0
    outer loop
      vertex 5.63074 -0.312144 0
      vertex 5.66889 -0.464455 2.8
      vertex 5.66889 -0.464455 0
    endloop
  endfacet
  facet normal -0.998797 0.0490396 0
    outer loop
      vertex 8.7923 -0.156827 0
      vertex 8.8 0 2.8
      vertex 8.8 0 0
    endloop
  endfacet
  facet normal -0.998797 0.0490396 0
    outer loop
      vertex 8.8 0 2.8
      vertex 8.7923 -0.156827 0
      vertex 8.7923 -0.156827 2.8
    endloop
  endfacet
  facet normal 0.336865 -0.941553 0
    outer loop
      vertex 6.58771 1.47821 0
      vertex 6.73554 1.5311 2.8
      vertex 6.58771 1.47821 2.8
    endloop
  endfacet
  facet normal 0.336865 -0.941553 0
    outer loop
      vertex 6.73554 1.5311 2.8
      vertex 6.58771 1.47821 0
      vertex 6.73554 1.5311 0
    endloop
  endfacet
  facet normal -0.857737 0.514089 0
    outer loop
      vertex 8.53035 -0.888912 0
      vertex 8.61107 -0.754234 2.8
      vertex 8.61107 -0.754234 0
    endloop
  endfacet
  facet normal -0.857737 0.514089 0
    outer loop
      vertex 8.61107 -0.754234 2.8
      vertex 8.53035 -0.888912 0
      vertex 8.53035 -0.888912 2.8
    endloop
  endfacet
  facet normal 0.740933 -0.671578 0
    outer loop
      vertex 5.96318 1.01503 2.8
      vertex 6.06863 1.13137 0
      vertex 6.06863 1.13137 2.8
    endloop
  endfacet
  facet normal 0.740933 -0.671578 0
    outer loop
      vertex 6.06863 1.13137 0
      vertex 5.96318 1.01503 2.8
      vertex 5.96318 1.01503 0
    endloop
  endfacet
  facet normal 0.671578 0.740933 -0
    outer loop
      vertex 6.18497 -1.23682 0
      vertex 6.06863 -1.13137 2.8
      vertex 6.18497 -1.23682 2.8
    endloop
  endfacet
  facet normal 0.671578 0.740933 0
    outer loop
      vertex 6.06863 -1.13137 2.8
      vertex 6.18497 -1.23682 0
      vertex 6.06863 -1.13137 0
    endloop
  endfacet
  facet normal 0.146671 0.989185 -0
    outer loop
      vertex 7.04317 -1.59229 0
      vertex 6.88785 -1.56926 2.8
      vertex 7.04317 -1.59229 2.8
    endloop
  endfacet
  facet normal 0.146671 0.989185 0
    outer loop
      vertex 6.88785 -1.56926 2.8
      vertex 7.04317 -1.59229 0
      vertex 6.88785 -1.56926 0
    endloop
  endfacet
  facet normal -0.970019 0.243029 0
    outer loop
      vertex 8.7311 -0.464455 0
      vertex 8.76926 -0.312144 2.8
      vertex 8.76926 -0.312144 0
    endloop
  endfacet
  facet normal -0.970019 0.243029 0
    outer loop
      vertex 8.76926 -0.312144 2.8
      vertex 8.7311 -0.464455 0
      vertex 8.7311 -0.464455 2.8
    endloop
  endfacet
  facet normal -0.941559 -0.336849 0
    outer loop
      vertex 8.7311 0.464455 0
      vertex 8.67821 0.612293 2.8
      vertex 8.67821 0.612293 0
    endloop
  endfacet
  facet normal -0.941559 -0.336849 0
    outer loop
      vertex 8.67821 0.612293 2.8
      vertex 8.7311 0.464455 0
      vertex 8.7311 0.464455 2.8
    endloop
  endfacet
  facet normal 0.514112 -0.857723 0
    outer loop
      vertex 6.31109 1.33035 0
      vertex 6.44576 1.41107 2.8
      vertex 6.31109 1.33035 2.8
    endloop
  endfacet
  facet normal 0.514112 -0.857723 0
    outer loop
      vertex 6.44576 1.41107 2.8
      vertex 6.31109 1.33035 0
      vertex 6.44576 1.41107 0
    endloop
  endfacet
  facet normal -0.243015 -0.970023 0
    outer loop
      vertex 7.51214 1.56926 0
      vertex 7.66446 1.5311 2.8
      vertex 7.51214 1.56926 2.8
    endloop
  endfacet
  facet normal -0.243015 -0.970023 -0
    outer loop
      vertex 7.66446 1.5311 2.8
      vertex 7.51214 1.56926 0
      vertex 7.66446 1.5311 0
    endloop
  endfacet
  facet normal -0.941559 0.336849 0
    outer loop
      vertex 8.67821 -0.612293 0
      vertex 8.7311 -0.464455 2.8
      vertex 8.7311 -0.464455 0
    endloop
  endfacet
  facet normal -0.941559 0.336849 0
    outer loop
      vertex 8.7311 -0.464455 2.8
      vertex 8.67821 -0.612293 0
      vertex 8.67821 -0.612293 2.8
    endloop
  endfacet
  facet normal 0.595671 0.803229 -0
    outer loop
      vertex 6.31109 -1.33035 0
      vertex 6.18497 -1.23682 2.8
      vertex 6.31109 -1.33035 2.8
    endloop
  endfacet
  facet normal 0.595671 0.803229 0
    outer loop
      vertex 6.18497 -1.23682 2.8
      vertex 6.31109 -1.33035 0
      vertex 6.18497 -1.23682 0
    endloop
  endfacet
  facet normal -0.740933 -0.671578 0
    outer loop
      vertex 8.43682 1.01503 0
      vertex 8.33137 1.13137 2.8
      vertex 8.33137 1.13137 0
    endloop
  endfacet
  facet normal -0.740933 -0.671578 0
    outer loop
      vertex 8.33137 1.13137 2.8
      vertex 8.43682 1.01503 0
      vertex 8.43682 1.01503 2.8
    endloop
  endfacet
  facet normal 0.427569 0.903983 -0
    outer loop
      vertex 6.58771 -1.47821 0
      vertex 6.44576 -1.41107 2.8
      vertex 6.58771 -1.47821 2.8
    endloop
  endfacet
  facet normal 0.427569 0.903983 0
    outer loop
      vertex 6.44576 -1.41107 2.8
      vertex 6.58771 -1.47821 0
      vertex 6.44576 -1.41107 0
    endloop
  endfacet
  facet normal -0.336865 -0.941553 0
    outer loop
      vertex 7.66446 1.5311 0
      vertex 7.81229 1.47821 2.8
      vertex 7.66446 1.5311 2.8
    endloop
  endfacet
  facet normal -0.336865 -0.941553 -0
    outer loop
      vertex 7.81229 1.47821 2.8
      vertex 7.66446 1.5311 0
      vertex 7.81229 1.47821 0
    endloop
  endfacet
  facet normal 0.24303 -0.970019 0
    outer loop
      vertex 6.73554 1.5311 0
      vertex 6.88785 1.56926 2.8
      vertex 6.73554 1.5311 2.8
    endloop
  endfacet
  facet normal 0.24303 -0.970019 0
    outer loop
      vertex 6.88785 1.56926 2.8
      vertex 6.73554 1.5311 0
      vertex 6.88785 1.56926 0
    endloop
  endfacet
  facet normal -0.0491022 0.998794 0
    outer loop
      vertex 7.35683 -1.59229 0
      vertex 7.2 -1.6 2.8
      vertex 7.35683 -1.59229 2.8
    endloop
  endfacet
  facet normal -0.0491022 0.998794 0
    outer loop
      vertex 7.2 -1.6 2.8
      vertex 7.35683 -1.59229 0
      vertex 7.2 -1.6 0
    endloop
  endfacet
  facet normal -0.803224 0.595677 0
    outer loop
      vertex 8.43682 -1.01503 0
      vertex 8.53035 -0.888912 2.8
      vertex 8.53035 -0.888912 0
    endloop
  endfacet
  facet normal -0.803224 0.595677 0
    outer loop
      vertex 8.53035 -0.888912 2.8
      vertex 8.43682 -1.01503 0
      vertex 8.43682 -1.01503 2.8
    endloop
  endfacet
  facet normal -0.427594 -0.903971 0
    outer loop
      vertex 7.81229 1.47821 0
      vertex 7.95423 1.41107 2.8
      vertex 7.81229 1.47821 2.8
    endloop
  endfacet
  facet normal -0.427594 -0.903971 -0
    outer loop
      vertex 7.95423 1.41107 2.8
      vertex 7.81229 1.47821 0
      vertex 7.95423 1.41107 0
    endloop
  endfacet
  facet normal 0.903972 0.427591 0
    outer loop
      vertex 5.78893 -0.754234 2.8
      vertex 5.72179 -0.612293 0
      vertex 5.72179 -0.612293 2.8
    endloop
  endfacet
  facet normal 0.903972 0.427591 0
    outer loop
      vertex 5.72179 -0.612293 0
      vertex 5.78893 -0.754234 2.8
      vertex 5.78893 -0.754234 0
    endloop
  endfacet
  facet normal -0.0491022 -0.998794 0
    outer loop
      vertex 7.2 1.6 0
      vertex 7.35683 1.59229 2.8
      vertex 7.2 1.6 2.8
    endloop
  endfacet
  facet normal -0.0491022 -0.998794 -0
    outer loop
      vertex 7.35683 1.59229 2.8
      vertex 7.2 1.6 0
      vertex 7.35683 1.59229 0
    endloop
  endfacet
  facet normal -0.14668 -0.989184 0
    outer loop
      vertex 7.35683 1.59229 0
      vertex 7.51214 1.56926 2.8
      vertex 7.35683 1.59229 2.8
    endloop
  endfacet
  facet normal -0.14668 -0.989184 -0
    outer loop
      vertex 7.51214 1.56926 2.8
      vertex 7.35683 1.59229 0
      vertex 7.51214 1.56926 0
    endloop
  endfacet
  facet normal 0.989176 -0.146736 0
    outer loop
      vertex 5.6077 0.156827 2.8
      vertex 5.63074 0.312144 0
      vertex 5.63074 0.312144 2.8
    endloop
  endfacet
  facet normal 0.989176 -0.146736 0
    outer loop
      vertex 5.63074 0.312144 0
      vertex 5.6077 0.156827 2.8
      vertex 5.6077 0.156827 0
    endloop
  endfacet
  facet normal -0.989176 0.146736 0
    outer loop
      vertex 8.76926 -0.312144 0
      vertex 8.7923 -0.156827 2.8
      vertex 8.7923 -0.156827 0
    endloop
  endfacet
  facet normal -0.989176 0.146736 0
    outer loop
      vertex 8.7923 -0.156827 2.8
      vertex 8.76926 -0.312144 0
      vertex 8.76926 -0.312144 2.8
    endloop
  endfacet
  facet normal -0.857737 -0.514089 0
    outer loop
      vertex 8.61107 0.754234 0
      vertex 8.53035 0.888912 2.8
      vertex 8.53035 0.888912 0
    endloop
  endfacet
  facet normal -0.857737 -0.514089 0
    outer loop
      vertex 8.53035 0.888912 2.8
      vertex 8.61107 0.754234 0
      vertex 8.61107 0.754234 2.8
    endloop
  endfacet
  facet normal -0.595671 0.803229 0
    outer loop
      vertex 8.21503 -1.23682 0
      vertex 8.08891 -1.33035 2.8
      vertex 8.21503 -1.23682 2.8
    endloop
  endfacet
  facet normal -0.595671 0.803229 0
    outer loop
      vertex 8.08891 -1.33035 2.8
      vertex 8.21503 -1.23682 0
      vertex 8.08891 -1.33035 0
    endloop
  endfacet
  facet normal 0.671578 -0.740933 0
    outer loop
      vertex 6.06863 1.13137 0
      vertex 6.18497 1.23682 2.8
      vertex 6.06863 1.13137 2.8
    endloop
  endfacet
  facet normal 0.671578 -0.740933 0
    outer loop
      vertex 6.18497 1.23682 2.8
      vertex 6.06863 1.13137 0
      vertex 6.18497 1.23682 0
    endloop
  endfacet
  facet normal 0.857737 0.514089 0
    outer loop
      vertex 5.86965 -0.888912 2.8
      vertex 5.78893 -0.754234 0
      vertex 5.78893 -0.754234 2.8
    endloop
  endfacet
  facet normal 0.857737 0.514089 0
    outer loop
      vertex 5.78893 -0.754234 0
      vertex 5.86965 -0.888912 2.8
      vertex 5.86965 -0.888912 0
    endloop
  endfacet
  facet normal 0.740933 0.671578 0
    outer loop
      vertex 6.06863 -1.13137 2.8
      vertex 5.96318 -1.01503 0
      vertex 5.96318 -1.01503 2.8
    endloop
  endfacet
  facet normal 0.740933 0.671578 0
    outer loop
      vertex 5.96318 -1.01503 0
      vertex 6.06863 -1.13137 2.8
      vertex 6.06863 -1.13137 0
    endloop
  endfacet
  facet normal 0.941539 -0.336905 0
    outer loop
      vertex 5.66889 0.464455 2.8
      vertex 5.72179 0.612293 0
      vertex 5.72179 0.612293 2.8
    endloop
  endfacet
  facet normal 0.941539 -0.336905 0
    outer loop
      vertex 5.72179 0.612293 0
      vertex 5.66889 0.464455 2.8
      vertex 5.66889 0.464455 0
    endloop
  endfacet
  facet normal 0.989176 0.146736 0
    outer loop
      vertex 5.63074 -0.312144 2.8
      vertex 5.6077 -0.156827 0
      vertex 5.6077 -0.156827 2.8
    endloop
  endfacet
  facet normal 0.989176 0.146736 0
    outer loop
      vertex 5.6077 -0.156827 0
      vertex 5.63074 -0.312144 2.8
      vertex 5.63074 -0.312144 0
    endloop
  endfacet
  facet normal 0.803224 0.595677 0
    outer loop
      vertex 5.96318 -1.01503 2.8
      vertex 5.86965 -0.888912 0
      vertex 5.86965 -0.888912 2.8
    endloop
  endfacet
  facet normal 0.803224 0.595677 0
    outer loop
      vertex 5.86965 -0.888912 0
      vertex 5.96318 -1.01503 2.8
      vertex 5.96318 -1.01503 0
    endloop
  endfacet
  facet normal -0.336865 0.941553 0
    outer loop
      vertex 7.81229 -1.47821 0
      vertex 7.66446 -1.5311 2.8
      vertex 7.81229 -1.47821 2.8
    endloop
  endfacet
  facet normal -0.336865 0.941553 0
    outer loop
      vertex 7.66446 -1.5311 2.8
      vertex 7.81229 -1.47821 0
      vertex 7.66446 -1.5311 0
    endloop
  endfacet
  facet normal 0.857737 -0.514089 0
    outer loop
      vertex 5.78893 0.754234 2.8
      vertex 5.86965 0.888912 0
      vertex 5.86965 0.888912 2.8
    endloop
  endfacet
  facet normal 0.857737 -0.514089 0
    outer loop
      vertex 5.86965 0.888912 0
      vertex 5.78893 0.754234 2.8
      vertex 5.78893 0.754234 0
    endloop
  endfacet
  facet normal 0.998797 0.0490396 0
    outer loop
      vertex 5.6077 -0.156827 2.8
      vertex 5.6 0 0
      vertex 5.6 0 2.8
    endloop
  endfacet
  facet normal 0.998797 0.0490396 0
    outer loop
      vertex 5.6 0 0
      vertex 5.6077 -0.156827 2.8
      vertex 5.6077 -0.156827 0
    endloop
  endfacet
  facet normal -0.671578 -0.740933 0
    outer loop
      vertex 8.21503 1.23682 0
      vertex 8.33137 1.13137 2.8
      vertex 8.21503 1.23682 2.8
    endloop
  endfacet
  facet normal -0.671578 -0.740933 -0
    outer loop
      vertex 8.33137 1.13137 2.8
      vertex 8.21503 1.23682 0
      vertex 8.33137 1.13137 0
    endloop
  endfacet
  facet normal -0.514084 0.85774 0
    outer loop
      vertex 8.08891 -1.33035 0
      vertex 7.95423 -1.41107 2.8
      vertex 8.08891 -1.33035 2.8
    endloop
  endfacet
  facet normal -0.514084 0.85774 0
    outer loop
      vertex 7.95423 -1.41107 2.8
      vertex 8.08891 -1.33035 0
      vertex 7.95423 -1.41107 0
    endloop
  endfacet
  facet normal -0.903972 0.427591 0
    outer loop
      vertex 8.61107 -0.754234 0
      vertex 8.67821 -0.612293 2.8
      vertex 8.67821 -0.612293 0
    endloop
  endfacet
  facet normal -0.903972 0.427591 0
    outer loop
      vertex 8.67821 -0.612293 2.8
      vertex 8.61107 -0.754234 0
      vertex 8.61107 -0.754234 2.8
    endloop
  endfacet
  facet normal 0.803224 -0.595677 0
    outer loop
      vertex 5.86965 0.888912 2.8
      vertex 5.96318 1.01503 0
      vertex 5.96318 1.01503 2.8
    endloop
  endfacet
  facet normal 0.803224 -0.595677 0
    outer loop
      vertex 5.96318 1.01503 0
      vertex 5.86965 0.888912 2.8
      vertex 5.86965 0.888912 0
    endloop
  endfacet
  facet normal 0.970034 -0.242969 0
    outer loop
      vertex 5.63074 0.312144 2.8
      vertex 5.66889 0.464455 0
      vertex 5.66889 0.464455 2.8
    endloop
  endfacet
  facet normal 0.970034 -0.242969 0
    outer loop
      vertex 5.66889 0.464455 0
      vertex 5.63074 0.312144 2.8
      vertex 5.63074 0.312144 0
    endloop
  endfacet
  facet normal 0.903972 -0.427591 0
    outer loop
      vertex 5.72179 0.612293 2.8
      vertex 5.78893 0.754234 0
      vertex 5.78893 0.754234 2.8
    endloop
  endfacet
  facet normal 0.903972 -0.427591 0
    outer loop
      vertex 5.78893 0.754234 0
      vertex 5.72179 0.612293 2.8
      vertex 5.72179 0.612293 0
    endloop
  endfacet
  facet normal 0.0491022 0.998794 -0
    outer loop
      vertex 7.2 -1.6 0
      vertex 7.04317 -1.59229 2.8
      vertex 7.2 -1.6 2.8
    endloop
  endfacet
  facet normal 0.0491022 0.998794 0
    outer loop
      vertex 7.04317 -1.59229 2.8
      vertex 7.2 -1.6 0
      vertex 7.04317 -1.59229 0
    endloop
  endfacet
  facet normal 0.998797 -0.0490396 0
    outer loop
      vertex 5.6 0 2.8
      vertex 5.6077 0.156827 0
      vertex 5.6077 0.156827 2.8
    endloop
  endfacet
  facet normal 0.998797 -0.0490396 0
    outer loop
      vertex 5.6077 0.156827 0
      vertex 5.6 0 2.8
      vertex 5.6 0 0
    endloop
  endfacet
  facet normal 0.336865 0.941553 -0
    outer loop
      vertex 6.73554 -1.5311 0
      vertex 6.58771 -1.47821 2.8
      vertex 6.73554 -1.5311 2.8
    endloop
  endfacet
  facet normal 0.336865 0.941553 0
    outer loop
      vertex 6.58771 -1.47821 2.8
      vertex 6.73554 -1.5311 0
      vertex 6.58771 -1.47821 0
    endloop
  endfacet
  facet normal -0.671578 0.740933 0
    outer loop
      vertex 8.33137 -1.13137 0
      vertex 8.21503 -1.23682 2.8
      vertex 8.33137 -1.13137 2.8
    endloop
  endfacet
  facet normal -0.671578 0.740933 0
    outer loop
      vertex 8.21503 -1.23682 2.8
      vertex 8.33137 -1.13137 0
      vertex 8.21503 -1.23682 0
    endloop
  endfacet
  facet normal -0.857721 0.514115 0
    outer loop
      vertex 8.90451 -1.13892 2.8
      vertex 9.00794 -0.966363 4
      vertex 9.00794 -0.966363 2.8
    endloop
  endfacet
  facet normal -0.857721 0.514115 0
    outer loop
      vertex 9.00794 -0.966363 4
      vertex 8.90451 -1.13892 2.8
      vertex 8.90451 -1.13892 4
    endloop
  endfacet
  facet normal 0 0 1
    outer loop
      vertex 8.8 0 2.8
      vertex 9.25 0 2.8
      vertex 9.24013 0.200934 2.8
    endloop
  endfacet
  facet normal 0 0 1
    outer loop
      vertex 8.7923 0.156827 2.8
      vertex 9.24013 0.200934 2.8
      vertex 9.21061 0.399935 2.8
    endloop
  endfacet
  facet normal 0 0 1
    outer loop
      vertex 9.25 0 2.8
      vertex 8.8 0 2.8
      vertex 9.24013 -0.200934 2.8
    endloop
  endfacet
  facet normal 0 0 1
    outer loop
      vertex 8.76926 0.312144 2.8
      vertex 9.21061 0.399935 2.8
      vertex 9.16173 0.595083 2.8
    endloop
  endfacet
  facet normal -0 0 1
    outer loop
      vertex 8.7923 -0.156827 2.8
      vertex 9.24013 -0.200934 2.8
      vertex 8.8 0 2.8
    endloop
  endfacet
  facet normal 0 0 1
    outer loop
      vertex 8.7311 0.464455 2.8
      vertex 9.16173 0.595083 2.8
      vertex 9.09395 0.7845 2.8
    endloop
  endfacet
  facet normal 0 0 1
    outer loop
      vertex 9.24013 -0.200934 2.8
      vertex 8.7923 -0.156827 2.8
      vertex 9.21061 -0.399935 2.8
    endloop
  endfacet
  facet normal 0 0 1
    outer loop
      vertex 8.67821 0.612293 2.8
      vertex 9.09395 0.7845 2.8
      vertex 9.00794 0.966363 2.8
    endloop
  endfacet
  facet normal -0 0 1
    outer loop
      vertex 8.76926 -0.312144 2.8
      vertex 9.21061 -0.399935 2.8
      vertex 8.7923 -0.156827 2.8
    endloop
  endfacet
  facet normal 0 0 1
    outer loop
      vertex 8.61107 0.754234 2.8
      vertex 9.00794 0.966363 2.8
      vertex 8.90451 1.13892 2.8
    endloop
  endfacet
  facet normal 0 0 1
    outer loop
      vertex 9.21061 -0.399935 2.8
      vertex 8.76926 -0.312144 2.8
      vertex 9.16173 -0.595083 2.8
    endloop
  endfacet
  facet normal -0 0 1
    outer loop
      vertex 8.7311 -0.464455 2.8
      vertex 9.16173 -0.595083 2.8
      vertex 8.76926 -0.312144 2.8
    endloop
  endfacet
  facet normal 0 0 1
    outer loop
      vertex 9.24013 0.200934 2.8
      vertex 8.7923 0.156827 2.8
      vertex 8.8 0 2.8
    endloop
  endfacet
  facet normal 0 0 1
    outer loop
      vertex 8.53035 0.888912 2.8
      vertex 8.90451 1.13892 2.8
      vertex 8.78467 1.30051 2.8
    endloop
  endfacet
  facet normal 0 0 1
    outer loop
      vertex 9.21061 0.399935 2.8
      vertex 8.76926 0.312144 2.8
      vertex 8.7923 0.156827 2.8
    endloop
  endfacet
  facet normal 0 0 1
    outer loop
      vertex 9.16173 0.595083 2.8
      vertex 8.7311 0.464455 2.8
      vertex 8.76926 0.312144 2.8
    endloop
  endfacet
  facet normal 0 0 1
    outer loop
      vertex 9.09395 0.7845 2.8
      vertex 8.67821 0.612293 2.8
      vertex 8.7311 0.464455 2.8
    endloop
  endfacet
  facet normal 0 0 1
    outer loop
      vertex 8.43682 1.01503 2.8
      vertex 8.78467 1.30051 2.8
      vertex 8.64957 1.44957 2.8
    endloop
  endfacet
  facet normal 0 0 1
    outer loop
      vertex 9.00794 0.966363 2.8
      vertex 8.61107 0.754234 2.8
      vertex 8.67821 0.612293 2.8
    endloop
  endfacet
  facet normal 0 0 1
    outer loop
      vertex 8.90451 1.13892 2.8
      vertex 8.53035 0.888912 2.8
      vertex 8.61107 0.754234 2.8
    endloop
  endfacet
  facet normal 0 0 1
    outer loop
      vertex 8.33137 1.13137 2.8
      vertex 8.64957 1.44957 2.8
      vertex 8.50051 1.58467 2.8
    endloop
  endfacet
  facet normal 0 0 1
    outer loop
      vertex 8.78467 1.30051 2.8
      vertex 8.43682 1.01503 2.8
      vertex 8.53035 0.888912 2.8
    endloop
  endfacet
  facet normal 0 0 1
    outer loop
      vertex 8.21503 1.23682 2.8
      vertex 8.50051 1.58467 2.8
      vertex 8.33892 1.70451 2.8
    endloop
  endfacet
  facet normal 0 0 1
    outer loop
      vertex 8.64957 1.44957 2.8
      vertex 8.33137 1.13137 2.8
      vertex 8.43682 1.01503 2.8
    endloop
  endfacet
  facet normal 0 0 1
    outer loop
      vertex 8.50051 1.58467 2.8
      vertex 8.21503 1.23682 2.8
      vertex 8.33137 1.13137 2.8
    endloop
  endfacet
  facet normal 0 0 1
    outer loop
      vertex 8.08891 1.33035 2.8
      vertex 8.33892 1.70451 2.8
      vertex 8.16636 1.80794 2.8
    endloop
  endfacet
  facet normal 0 0 1
    outer loop
      vertex 8.33892 1.70451 2.8
      vertex 8.08891 1.33035 2.8
      vertex 8.21503 1.23682 2.8
    endloop
  endfacet
  facet normal 0 0 1
    outer loop
      vertex 7.95423 1.41107 2.8
      vertex 8.16636 1.80794 2.8
      vertex 7.9845 1.89395 2.8
    endloop
  endfacet
  facet normal 0 0 1
    outer loop
      vertex 8.16636 1.80794 2.8
      vertex 7.95423 1.41107 2.8
      vertex 8.08891 1.33035 2.8
    endloop
  endfacet
  facet normal 0 0 1
    outer loop
      vertex 7.9845 1.89395 2.8
      vertex 7.81229 1.47821 2.8
      vertex 7.95423 1.41107 2.8
    endloop
  endfacet
  facet normal 0 0 1
    outer loop
      vertex 7.79508 1.96173 2.8
      vertex 7.81229 1.47821 2.8
      vertex 7.9845 1.89395 2.8
    endloop
  endfacet
  facet normal 0 0 1
    outer loop
      vertex 7.79508 1.96173 2.8
      vertex 7.66446 1.5311 2.8
      vertex 7.81229 1.47821 2.8
    endloop
  endfacet
  facet normal 0 0 1
    outer loop
      vertex 7.59993 2.01061 2.8
      vertex 7.66446 1.5311 2.8
      vertex 7.79508 1.96173 2.8
    endloop
  endfacet
  facet normal 0 0 1
    outer loop
      vertex 7.59993 2.01061 2.8
      vertex 7.51214 1.56926 2.8
      vertex 7.66446 1.5311 2.8
    endloop
  endfacet
  facet normal 0 0 1
    outer loop
      vertex 7.40093 2.04013 2.8
      vertex 7.51214 1.56926 2.8
      vertex 7.59993 2.01061 2.8
    endloop
  endfacet
  facet normal 0 0 1
    outer loop
      vertex 7.40093 2.04013 2.8
      vertex 7.35683 1.59229 2.8
      vertex 7.51214 1.56926 2.8
    endloop
  endfacet
  facet normal 0 0 1
    outer loop
      vertex 7.2 2.05 2.8
      vertex 7.35683 1.59229 2.8
      vertex 7.40093 2.04013 2.8
    endloop
  endfacet
  facet normal 0 0 1
    outer loop
      vertex 7.2 2.05 2.8
      vertex 7.2 1.6 2.8
      vertex 7.35683 1.59229 2.8
    endloop
  endfacet
  facet normal 0 0 1
    outer loop
      vertex 7.2 2.05 2.8
      vertex 7.04317 1.59229 2.8
      vertex 7.2 1.6 2.8
    endloop
  endfacet
  facet normal -0 0 1
    outer loop
      vertex 6.99906 2.04013 2.8
      vertex 7.04317 1.59229 2.8
      vertex 7.2 2.05 2.8
    endloop
  endfacet
  facet normal 0 0 1
    outer loop
      vertex 6.99906 2.04013 2.8
      vertex 6.88785 1.56926 2.8
      vertex 7.04317 1.59229 2.8
    endloop
  endfacet
  facet normal -0 0 1
    outer loop
      vertex 6.80006 2.01061 2.8
      vertex 6.88785 1.56926 2.8
      vertex 6.99906 2.04013 2.8
    endloop
  endfacet
  facet normal 0 0 1
    outer loop
      vertex 6.80006 2.01061 2.8
      vertex 6.73554 1.5311 2.8
      vertex 6.88785 1.56926 2.8
    endloop
  endfacet
  facet normal -0 0 1
    outer loop
      vertex 6.60492 1.96173 2.8
      vertex 6.73554 1.5311 2.8
      vertex 6.80006 2.01061 2.8
    endloop
  endfacet
  facet normal 0 0 1
    outer loop
      vertex 6.60492 1.96173 2.8
      vertex 6.58771 1.47821 2.8
      vertex 6.73554 1.5311 2.8
    endloop
  endfacet
  facet normal -0 0 1
    outer loop
      vertex 6.4155 1.89395 2.8
      vertex 6.58771 1.47821 2.8
      vertex 6.60492 1.96173 2.8
    endloop
  endfacet
  facet normal 0 0 1
    outer loop
      vertex 6.58771 1.47821 2.8
      vertex 6.4155 1.89395 2.8
      vertex 6.44576 1.41107 2.8
    endloop
  endfacet
  facet normal -0 0 1
    outer loop
      vertex 6.23364 1.80794 2.8
      vertex 6.44576 1.41107 2.8
      vertex 6.4155 1.89395 2.8
    endloop
  endfacet
  facet normal 0 0 1
    outer loop
      vertex 6.44576 1.41107 2.8
      vertex 6.23364 1.80794 2.8
      vertex 6.31109 1.33035 2.8
    endloop
  endfacet
  facet normal -0 0 1
    outer loop
      vertex 6.06108 1.70451 2.8
      vertex 6.31109 1.33035 2.8
      vertex 6.23364 1.80794 2.8
    endloop
  endfacet
  facet normal 0 0 1
    outer loop
      vertex 6.31109 1.33035 2.8
      vertex 6.06108 1.70451 2.8
      vertex 6.18497 1.23682 2.8
    endloop
  endfacet
  facet normal -0 0 1
    outer loop
      vertex 5.89949 1.58467 2.8
      vertex 6.18497 1.23682 2.8
      vertex 6.06108 1.70451 2.8
    endloop
  endfacet
  facet normal 0 0 1
    outer loop
      vertex 6.18497 1.23682 2.8
      vertex 5.89949 1.58467 2.8
      vertex 6.06863 1.13137 2.8
    endloop
  endfacet
  facet normal -0 0 1
    outer loop
      vertex 5.75043 1.44957 2.8
      vertex 6.06863 1.13137 2.8
      vertex 5.89949 1.58467 2.8
    endloop
  endfacet
  facet normal 0 0 1
    outer loop
      vertex 6.06863 1.13137 2.8
      vertex 5.75043 1.44957 2.8
      vertex 5.96318 1.01503 2.8
    endloop
  endfacet
  facet normal -0 0 1
    outer loop
      vertex 5.61533 1.30051 2.8
      vertex 5.96318 1.01503 2.8
      vertex 5.75043 1.44957 2.8
    endloop
  endfacet
  facet normal 0 0 1
    outer loop
      vertex 5.96318 1.01503 2.8
      vertex 5.61533 1.30051 2.8
      vertex 5.86965 0.888912 2.8
    endloop
  endfacet
  facet normal -0 0 1
    outer loop
      vertex 5.49549 1.13892 2.8
      vertex 5.86965 0.888912 2.8
      vertex 5.61533 1.30051 2.8
    endloop
  endfacet
  facet normal 0 0 1
    outer loop
      vertex 5.86965 0.888912 2.8
      vertex 5.49549 1.13892 2.8
      vertex 5.78893 0.754234 2.8
    endloop
  endfacet
  facet normal -0 0 1
    outer loop
      vertex 5.39206 0.966363 2.8
      vertex 5.78893 0.754234 2.8
      vertex 5.49549 1.13892 2.8
    endloop
  endfacet
  facet normal 0 0 1
    outer loop
      vertex 5.78893 0.754234 2.8
      vertex 5.39206 0.966363 2.8
      vertex 5.72179 0.612293 2.8
    endloop
  endfacet
  facet normal -0 0 1
    outer loop
      vertex 5.30605 0.7845 2.8
      vertex 5.72179 0.612293 2.8
      vertex 5.39206 0.966363 2.8
    endloop
  endfacet
  facet normal 0 0 1
    outer loop
      vertex 5.72179 0.612293 2.8
      vertex 5.30605 0.7845 2.8
      vertex 5.66889 0.464455 2.8
    endloop
  endfacet
  facet normal -0 0 1
    outer loop
      vertex 5.23827 0.595083 2.8
      vertex 5.66889 0.464455 2.8
      vertex 5.30605 0.7845 2.8
    endloop
  endfacet
  facet normal 0 0 1
    outer loop
      vertex 9.16173 -0.595083 2.8
      vertex 8.7311 -0.464455 2.8
      vertex 9.09395 -0.7845 2.8
    endloop
  endfacet
  facet normal -0 0 1
    outer loop
      vertex 8.67821 -0.612293 2.8
      vertex 9.09395 -0.7845 2.8
      vertex 8.7311 -0.464455 2.8
    endloop
  endfacet
  facet normal 0 0 1
    outer loop
      vertex 9.09395 -0.7845 2.8
      vertex 8.67821 -0.612293 2.8
      vertex 9.00794 -0.966363 2.8
    endloop
  endfacet
  facet normal -0 0 1
    outer loop
      vertex 8.61107 -0.754234 2.8
      vertex 9.00794 -0.966363 2.8
      vertex 8.67821 -0.612293 2.8
    endloop
  endfacet
  facet normal 0 0 1
    outer loop
      vertex 9.00794 -0.966363 2.8
      vertex 8.61107 -0.754234 2.8
      vertex 8.90451 -1.13892 2.8
    endloop
  endfacet
  facet normal -0 0 1
    outer loop
      vertex 8.53035 -0.888912 2.8
      vertex 8.90451 -1.13892 2.8
      vertex 8.61107 -0.754234 2.8
    endloop
  endfacet
  facet normal 0 0 1
    outer loop
      vertex 8.90451 -1.13892 2.8
      vertex 8.53035 -0.888912 2.8
      vertex 8.78467 -1.30051 2.8
    endloop
  endfacet
  facet normal -0 0 1
    outer loop
      vertex 8.43682 -1.01503 2.8
      vertex 8.78467 -1.30051 2.8
      vertex 8.53035 -0.888912 2.8
    endloop
  endfacet
  facet normal 0 0 1
    outer loop
      vertex 8.78467 -1.30051 2.8
      vertex 8.43682 -1.01503 2.8
      vertex 8.64957 -1.44957 2.8
    endloop
  endfacet
  facet normal -0 0 1
    outer loop
      vertex 8.33137 -1.13137 2.8
      vertex 8.64957 -1.44957 2.8
      vertex 8.43682 -1.01503 2.8
    endloop
  endfacet
  facet normal 0 0 1
    outer loop
      vertex 8.64957 -1.44957 2.8
      vertex 8.33137 -1.13137 2.8
      vertex 8.50051 -1.58467 2.8
    endloop
  endfacet
  facet normal -0 0 1
    outer loop
      vertex 8.21503 -1.23682 2.8
      vertex 8.50051 -1.58467 2.8
      vertex 8.33137 -1.13137 2.8
    endloop
  endfacet
  facet normal 0 0 1
    outer loop
      vertex 8.50051 -1.58467 2.8
      vertex 8.21503 -1.23682 2.8
      vertex 8.33892 -1.70451 2.8
    endloop
  endfacet
  facet normal -0 0 1
    outer loop
      vertex 8.08891 -1.33035 2.8
      vertex 8.33892 -1.70451 2.8
      vertex 8.21503 -1.23682 2.8
    endloop
  endfacet
  facet normal 0 0 1
    outer loop
      vertex 8.33892 -1.70451 2.8
      vertex 8.08891 -1.33035 2.8
      vertex 8.16636 -1.80794 2.8
    endloop
  endfacet
  facet normal -0 0 1
    outer loop
      vertex 7.95423 -1.41107 2.8
      vertex 8.16636 -1.80794 2.8
      vertex 8.08891 -1.33035 2.8
    endloop
  endfacet
  facet normal 0 0 1
    outer loop
      vertex 8.16636 -1.80794 2.8
      vertex 7.95423 -1.41107 2.8
      vertex 7.9845 -1.89395 2.8
    endloop
  endfacet
  facet normal -0 0 1
    outer loop
      vertex 7.81229 -1.47821 2.8
      vertex 7.9845 -1.89395 2.8
      vertex 7.95423 -1.41107 2.8
    endloop
  endfacet
  facet normal 0 0 1
    outer loop
      vertex 7.81229 -1.47821 2.8
      vertex 7.79508 -1.96173 2.8
      vertex 7.9845 -1.89395 2.8
    endloop
  endfacet
  facet normal -0 0 1
    outer loop
      vertex 7.66446 -1.5311 2.8
      vertex 7.79508 -1.96173 2.8
      vertex 7.81229 -1.47821 2.8
    endloop
  endfacet
  facet normal 0 0 1
    outer loop
      vertex 7.66446 -1.5311 2.8
      vertex 7.59993 -2.01061 2.8
      vertex 7.79508 -1.96173 2.8
    endloop
  endfacet
  facet normal -0 0 1
    outer loop
      vertex 7.51214 -1.56926 2.8
      vertex 7.59993 -2.01061 2.8
      vertex 7.66446 -1.5311 2.8
    endloop
  endfacet
  facet normal 0 0 1
    outer loop
      vertex 7.51214 -1.56926 2.8
      vertex 7.40093 -2.04013 2.8
      vertex 7.59993 -2.01061 2.8
    endloop
  endfacet
  facet normal -0 0 1
    outer loop
      vertex 7.35683 -1.59229 2.8
      vertex 7.40093 -2.04013 2.8
      vertex 7.51214 -1.56926 2.8
    endloop
  endfacet
  facet normal -0 0 1
    outer loop
      vertex 7.2 -1.6 2.8
      vertex 7.40093 -2.04013 2.8
      vertex 7.35683 -1.59229 2.8
    endloop
  endfacet
  facet normal 0 0 1
    outer loop
      vertex 7.2 -1.6 2.8
      vertex 7.2 -2.05 2.8
      vertex 7.40093 -2.04013 2.8
    endloop
  endfacet
  facet normal 0 0 1
    outer loop
      vertex 7.04317 -1.59229 2.8
      vertex 7.2 -2.05 2.8
      vertex 7.2 -1.6 2.8
    endloop
  endfacet
  facet normal 0 0 1
    outer loop
      vertex 7.04317 -1.59229 2.8
      vertex 6.99906 -2.04013 2.8
      vertex 7.2 -2.05 2.8
    endloop
  endfacet
  facet normal 0 0 1
    outer loop
      vertex 6.88785 -1.56926 2.8
      vertex 6.99906 -2.04013 2.8
      vertex 7.04317 -1.59229 2.8
    endloop
  endfacet
  facet normal 0 0 1
    outer loop
      vertex 6.88785 -1.56926 2.8
      vertex 6.80006 -2.01061 2.8
      vertex 6.99906 -2.04013 2.8
    endloop
  endfacet
  facet normal 0 0 1
    outer loop
      vertex 6.73554 -1.5311 2.8
      vertex 6.80006 -2.01061 2.8
      vertex 6.88785 -1.56926 2.8
    endloop
  endfacet
  facet normal 0 0 1
    outer loop
      vertex 6.73554 -1.5311 2.8
      vertex 6.60492 -1.96173 2.8
      vertex 6.80006 -2.01061 2.8
    endloop
  endfacet
  facet normal 0 0 1
    outer loop
      vertex 6.58771 -1.47821 2.8
      vertex 6.60492 -1.96173 2.8
      vertex 6.73554 -1.5311 2.8
    endloop
  endfacet
  facet normal 0 0 1
    outer loop
      vertex 6.4155 -1.89395 2.8
      vertex 6.58771 -1.47821 2.8
      vertex 6.44576 -1.41107 2.8
    endloop
  endfacet
  facet normal 0 0 1
    outer loop
      vertex 6.58771 -1.47821 2.8
      vertex 6.4155 -1.89395 2.8
      vertex 6.60492 -1.96173 2.8
    endloop
  endfacet
  facet normal 0 0 1
    outer loop
      vertex 6.23364 -1.80794 2.8
      vertex 6.44576 -1.41107 2.8
      vertex 6.31109 -1.33035 2.8
    endloop
  endfacet
  facet normal 0 0 1
    outer loop
      vertex 6.44576 -1.41107 2.8
      vertex 6.23364 -1.80794 2.8
      vertex 6.4155 -1.89395 2.8
    endloop
  endfacet
  facet normal 0 0 1
    outer loop
      vertex 6.06108 -1.70451 2.8
      vertex 6.31109 -1.33035 2.8
      vertex 6.18497 -1.23682 2.8
    endloop
  endfacet
  facet normal 0 0 1
    outer loop
      vertex 5.89949 -1.58467 2.8
      vertex 6.18497 -1.23682 2.8
      vertex 6.06863 -1.13137 2.8
    endloop
  endfacet
  facet normal 0 0 1
    outer loop
      vertex 6.31109 -1.33035 2.8
      vertex 6.06108 -1.70451 2.8
      vertex 6.23364 -1.80794 2.8
    endloop
  endfacet
  facet normal 0 0 1
    outer loop
      vertex 5.75043 -1.44957 2.8
      vertex 6.06863 -1.13137 2.8
      vertex 5.96318 -1.01503 2.8
    endloop
  endfacet
  facet normal 0 0 1
    outer loop
      vertex 6.18497 -1.23682 2.8
      vertex 5.89949 -1.58467 2.8
      vertex 6.06108 -1.70451 2.8
    endloop
  endfacet
  facet normal 0 0 1
    outer loop
      vertex 5.61533 -1.30051 2.8
      vertex 5.96318 -1.01503 2.8
      vertex 5.86965 -0.888912 2.8
    endloop
  endfacet
  facet normal 0 0 1
    outer loop
      vertex 5.49549 -1.13892 2.8
      vertex 5.86965 -0.888912 2.8
      vertex 5.78893 -0.754234 2.8
    endloop
  endfacet
  facet normal 0 0 1
    outer loop
      vertex 6.06863 -1.13137 2.8
      vertex 5.75043 -1.44957 2.8
      vertex 5.89949 -1.58467 2.8
    endloop
  endfacet
  facet normal 0 0 1
    outer loop
      vertex 5.39206 -0.966363 2.8
      vertex 5.78893 -0.754234 2.8
      vertex 5.72179 -0.612293 2.8
    endloop
  endfacet
  facet normal 0 0 1
    outer loop
      vertex 5.30605 -0.7845 2.8
      vertex 5.72179 -0.612293 2.8
      vertex 5.66889 -0.464455 2.8
    endloop
  endfacet
  facet normal 0 0 1
    outer loop
      vertex 5.23827 -0.595083 2.8
      vertex 5.66889 -0.464455 2.8
      vertex 5.63074 -0.312144 2.8
    endloop
  endfacet
  facet normal 0 0 1
    outer loop
      vertex 5.96318 -1.01503 2.8
      vertex 5.61533 -1.30051 2.8
      vertex 5.75043 -1.44957 2.8
    endloop
  endfacet
  facet normal 0 0 1
    outer loop
      vertex 5.18939 -0.399935 2.8
      vertex 5.63074 -0.312144 2.8
      vertex 5.6077 -0.156827 2.8
    endloop
  endfacet
  facet normal 0 0 1
    outer loop
      vertex 5.15987 -0.200934 2.8
      vertex 5.6077 -0.156827 2.8
      vertex 5.6 0 2.8
    endloop
  endfacet
  facet normal 0 0 1
    outer loop
      vertex 5.66889 0.464455 2.8
      vertex 5.23827 0.595083 2.8
      vertex 5.63074 0.312144 2.8
    endloop
  endfacet
  facet normal 0 0 1
    outer loop
      vertex 5.86965 -0.888912 2.8
      vertex 5.49549 -1.13892 2.8
      vertex 5.61533 -1.30051 2.8
    endloop
  endfacet
  facet normal -0 0 1
    outer loop
      vertex 5.18939 0.399935 2.8
      vertex 5.63074 0.312144 2.8
      vertex 5.23827 0.595083 2.8
    endloop
  endfacet
  facet normal 0 0 1
    outer loop
      vertex 5.78893 -0.754234 2.8
      vertex 5.39206 -0.966363 2.8
      vertex 5.49549 -1.13892 2.8
    endloop
  endfacet
  facet normal 0 0 1
    outer loop
      vertex 5.63074 0.312144 2.8
      vertex 5.18939 0.399935 2.8
      vertex 5.6077 0.156827 2.8
    endloop
  endfacet
  facet normal 0 0 1
    outer loop
      vertex 5.72179 -0.612293 2.8
      vertex 5.30605 -0.7845 2.8
      vertex 5.39206 -0.966363 2.8
    endloop
  endfacet
  facet normal -0 0 1
    outer loop
      vertex 5.15987 0.200934 2.8
      vertex 5.6077 0.156827 2.8
      vertex 5.18939 0.399935 2.8
    endloop
  endfacet
  facet normal 0 0 1
    outer loop
      vertex 5.66889 -0.464455 2.8
      vertex 5.23827 -0.595083 2.8
      vertex 5.30605 -0.7845 2.8
    endloop
  endfacet
  facet normal 0 0 1
    outer loop
      vertex 5.6077 0.156827 2.8
      vertex 5.15987 0.200934 2.8
      vertex 5.6 0 2.8
    endloop
  endfacet
  facet normal 0 0 1
    outer loop
      vertex 5.63074 -0.312144 2.8
      vertex 5.18939 -0.399935 2.8
      vertex 5.23827 -0.595083 2.8
    endloop
  endfacet
  facet normal 0 0 1
    outer loop
      vertex 5.15 0 2.8
      vertex 5.6 0 2.8
      vertex 5.15987 0.200934 2.8
    endloop
  endfacet
  facet normal 0 0 1
    outer loop
      vertex 5.6077 -0.156827 2.8
      vertex 5.15987 -0.200934 2.8
      vertex 5.18939 -0.399935 2.8
    endloop
  endfacet
  facet normal 0 0 1
    outer loop
      vertex 5.6 0 2.8
      vertex 5.15 0 2.8
      vertex 5.15987 -0.200934 2.8
    endloop
  endfacet
  facet normal -0.989176 -0.146735 0
    outer loop
      vertex 9.24013 0.200934 2.8
      vertex 9.21061 0.399935 4
      vertex 9.21061 0.399935 2.8
    endloop
  endfacet
  facet normal -0.989176 -0.146735 0
    outer loop
      vertex 9.21061 0.399935 4
      vertex 9.24013 0.200934 2.8
      vertex 9.24013 0.200934 4
    endloop
  endfacet
  facet normal -0.998796 -0.0490615 0
    outer loop
      vertex 9.25 0 2.8
      vertex 9.24013 0.200934 4
      vertex 9.24013 0.200934 2.8
    endloop
  endfacet
  facet normal -0.998796 -0.0490615 0
    outer loop
      vertex 9.24013 0.200934 4
      vertex 9.25 0 2.8
      vertex 9.25 0 4
    endloop
  endfacet
  facet normal -0.970034 -0.242971 0
    outer loop
      vertex 9.21061 0.399935 2.8
      vertex 9.16173 0.595083 4
      vertex 9.16173 0.595083 2.8
    endloop
  endfacet
  facet normal -0.970034 -0.242971 0
    outer loop
      vertex 9.16173 0.595083 4
      vertex 9.21061 0.399935 2.8
      vertex 9.21061 0.399935 4
    endloop
  endfacet
  facet normal -0.857721 -0.514115 0
    outer loop
      vertex 9.00794 0.966363 2.8
      vertex 8.90451 1.13892 4
      vertex 8.90451 1.13892 2.8
    endloop
  endfacet
  facet normal -0.857721 -0.514115 0
    outer loop
      vertex 8.90451 1.13892 4
      vertex 9.00794 0.966363 2.8
      vertex 9.00794 0.966363 4
    endloop
  endfacet
  facet normal 0.970034 0.242971 0
    outer loop
      vertex 5.23827 -0.595083 4
      vertex 5.18939 -0.399935 2.8
      vertex 5.18939 -0.399935 4
    endloop
  endfacet
  facet normal 0.970034 0.242971 0
    outer loop
      vertex 5.18939 -0.399935 2.8
      vertex 5.23827 -0.595083 4
      vertex 5.23827 -0.595083 2.8
    endloop
  endfacet
  facet normal 0.427541 -0.903996 0
    outer loop
      vertex 6.23364 1.80794 2.8
      vertex 6.4155 1.89395 4
      vertex 6.23364 1.80794 4
    endloop
  endfacet
  facet normal 0.427541 -0.903996 0
    outer loop
      vertex 6.4155 1.89395 4
      vertex 6.23364 1.80794 2.8
      vertex 6.4155 1.89395 2.8
    endloop
  endfacet
  facet normal 0.514108 -0.857725 0
    outer loop
      vertex 6.06108 1.70451 2.8
      vertex 6.23364 1.80794 4
      vertex 6.06108 1.70451 4
    endloop
  endfacet
  facet normal 0.514108 -0.857725 0
    outer loop
      vertex 6.23364 1.80794 4
      vertex 6.06108 1.70451 2.8
      vertex 6.23364 1.80794 2.8
    endloop
  endfacet
  facet normal -0.671559 -0.740951 0
    outer loop
      vertex 8.50051 1.58467 2.8
      vertex 8.64957 1.44957 4
      vertex 8.50051 1.58467 4
    endloop
  endfacet
  facet normal -0.671559 -0.740951 -0
    outer loop
      vertex 8.64957 1.44957 4
      vertex 8.50051 1.58467 2.8
      vertex 8.64957 1.44957 2.8
    endloop
  endfacet
  facet normal -0.941535 0.336914 0
    outer loop
      vertex 9.09395 -0.7845 2.8
      vertex 9.16173 -0.595083 4
      vertex 9.16173 -0.595083 2.8
    endloop
  endfacet
  facet normal -0.941535 0.336914 0
    outer loop
      vertex 9.16173 -0.595083 4
      vertex 9.09395 -0.7845 2.8
      vertex 9.09395 -0.7845 4
    endloop
  endfacet
  facet normal -0.740951 -0.671559 0
    outer loop
      vertex 8.78467 1.30051 2.8
      vertex 8.64957 1.44957 4
      vertex 8.64957 1.44957 2.8
    endloop
  endfacet
  facet normal -0.740951 -0.671559 0
    outer loop
      vertex 8.64957 1.44957 4
      vertex 8.78467 1.30051 2.8
      vertex 8.78467 1.30051 4
    endloop
  endfacet
  facet normal 0.671559 -0.740951 0
    outer loop
      vertex 5.75043 1.44957 2.8
      vertex 5.89949 1.58467 4
      vertex 5.75043 1.44957 4
    endloop
  endfacet
  facet normal 0.671559 -0.740951 0
    outer loop
      vertex 5.89949 1.58467 4
      vertex 5.75043 1.44957 2.8
      vertex 5.89949 1.58467 2.8
    endloop
  endfacet
  facet normal -0.514108 -0.857725 0
    outer loop
      vertex 8.16636 1.80794 2.8
      vertex 8.33892 1.70451 4
      vertex 8.16636 1.80794 4
    endloop
  endfacet
  facet normal -0.514108 -0.857725 -0
    outer loop
      vertex 8.33892 1.70451 4
      vertex 8.16636 1.80794 2.8
      vertex 8.33892 1.70451 2.8
    endloop
  endfacet
  facet normal -0.595689 -0.803215 0
    outer loop
      vertex 8.33892 1.70451 2.8
      vertex 8.50051 1.58467 4
      vertex 8.33892 1.70451 4
    endloop
  endfacet
  facet normal -0.595689 -0.803215 -0
    outer loop
      vertex 8.50051 1.58467 4
      vertex 8.33892 1.70451 2.8
      vertex 8.50051 1.58467 2.8
    endloop
  endfacet
  facet normal -0.336909 0.941537 0
    outer loop
      vertex 7.9845 -1.89395 2.8
      vertex 7.79508 -1.96173 4
      vertex 7.9845 -1.89395 4
    endloop
  endfacet
  facet normal -0.336909 0.941537 0
    outer loop
      vertex 7.79508 -1.96173 4
      vertex 7.9845 -1.89395 2.8
      vertex 7.79508 -1.96173 2.8
    endloop
  endfacet
  facet normal 0.146736 0.989176 -0
    outer loop
      vertex 6.99906 -2.04013 2.8
      vertex 6.80006 -2.01061 4
      vertex 6.99906 -2.04013 4
    endloop
  endfacet
  facet normal 0.146736 0.989176 0
    outer loop
      vertex 6.80006 -2.01061 4
      vertex 6.99906 -2.04013 2.8
      vertex 6.80006 -2.01061 2.8
    endloop
  endfacet
  facet normal -0.336909 -0.941537 0
    outer loop
      vertex 7.79508 1.96173 2.8
      vertex 7.9845 1.89395 4
      vertex 7.79508 1.96173 4
    endloop
  endfacet
  facet normal -0.336909 -0.941537 -0
    outer loop
      vertex 7.9845 1.89395 4
      vertex 7.79508 1.96173 2.8
      vertex 7.9845 1.89395 2.8
    endloop
  endfacet
  facet normal -0.803215 0.595689 0
    outer loop
      vertex 8.78467 -1.30051 2.8
      vertex 8.90451 -1.13892 4
      vertex 8.90451 -1.13892 2.8
    endloop
  endfacet
  facet normal -0.803215 0.595689 0
    outer loop
      vertex 8.90451 -1.13892 4
      vertex 8.78467 -1.30051 2.8
      vertex 8.78467 -1.30051 4
    endloop
  endfacet
  facet normal 0.857721 -0.514115 0
    outer loop
      vertex 5.39206 0.966363 4
      vertex 5.49549 1.13892 2.8
      vertex 5.49549 1.13892 4
    endloop
  endfacet
  facet normal 0.857721 -0.514115 0
    outer loop
      vertex 5.49549 1.13892 2.8
      vertex 5.39206 0.966363 4
      vertex 5.39206 0.966363 2.8
    endloop
  endfacet
  facet normal 0.989176 -0.146735 0
    outer loop
      vertex 5.15987 0.200934 4
      vertex 5.18939 0.399935 2.8
      vertex 5.18939 0.399935 4
    endloop
  endfacet
  facet normal 0.989176 -0.146735 0
    outer loop
      vertex 5.18939 0.399935 2.8
      vertex 5.15987 0.200934 4
      vertex 5.15987 0.200934 2.8
    endloop
  endfacet
  facet normal -0.998796 0.0490615 0
    outer loop
      vertex 9.24013 -0.200934 2.8
      vertex 9.25 0 4
      vertex 9.25 0 2.8
    endloop
  endfacet
  facet normal -0.998796 0.0490615 0
    outer loop
      vertex 9.25 0 4
      vertex 9.24013 -0.200934 2.8
      vertex 9.24013 -0.200934 4
    endloop
  endfacet
  facet normal 0.903999 0.427536 0
    outer loop
      vertex 5.39206 -0.966363 4
      vertex 5.30605 -0.7845 2.8
      vertex 5.30605 -0.7845 4
    endloop
  endfacet
  facet normal 0.903999 0.427536 0
    outer loop
      vertex 5.30605 -0.7845 2.8
      vertex 5.39206 -0.966363 4
      vertex 5.39206 -0.966363 2.8
    endloop
  endfacet
  facet normal 0.998796 0.0490615 0
    outer loop
      vertex 5.15987 -0.200934 4
      vertex 5.15 0 2.8
      vertex 5.15 0 4
    endloop
  endfacet
  facet normal 0.998796 0.0490615 0
    outer loop
      vertex 5.15 0 2.8
      vertex 5.15987 -0.200934 4
      vertex 5.15987 -0.200934 2.8
    endloop
  endfacet
  facet normal -0.514108 0.857725 0
    outer loop
      vertex 8.33892 -1.70451 2.8
      vertex 8.16636 -1.80794 4
      vertex 8.33892 -1.70451 4
    endloop
  endfacet
  facet normal -0.514108 0.857725 0
    outer loop
      vertex 8.16636 -1.80794 4
      vertex 8.33892 -1.70451 2.8
      vertex 8.16636 -1.80794 2.8
    endloop
  endfacet
  facet normal -0.903999 -0.427536 0
    outer loop
      vertex 9.09395 0.7845 2.8
      vertex 9.00794 0.966363 4
      vertex 9.00794 0.966363 2.8
    endloop
  endfacet
  facet normal -0.903999 -0.427536 0
    outer loop
      vertex 9.00794 0.966363 4
      vertex 9.09395 0.7845 2.8
      vertex 9.09395 0.7845 4
    endloop
  endfacet
  facet normal 0.24298 -0.970031 0
    outer loop
      vertex 6.60492 1.96173 2.8
      vertex 6.80006 2.01061 4
      vertex 6.60492 1.96173 4
    endloop
  endfacet
  facet normal 0.24298 -0.970031 0
    outer loop
      vertex 6.80006 2.01061 4
      vertex 6.60492 1.96173 2.8
      vertex 6.80006 2.01061 2.8
    endloop
  endfacet
  facet normal 0.595689 -0.803215 0
    outer loop
      vertex 5.89949 1.58467 2.8
      vertex 6.06108 1.70451 4
      vertex 5.89949 1.58467 4
    endloop
  endfacet
  facet normal 0.595689 -0.803215 0
    outer loop
      vertex 6.06108 1.70451 4
      vertex 5.89949 1.58467 2.8
      vertex 6.06108 1.70451 2.8
    endloop
  endfacet
  facet normal -0.146736 0.989176 0
    outer loop
      vertex 7.59993 -2.01061 2.8
      vertex 7.40093 -2.04013 4
      vertex 7.59993 -2.01061 4
    endloop
  endfacet
  facet normal -0.146736 0.989176 0
    outer loop
      vertex 7.40093 -2.04013 4
      vertex 7.59993 -2.01061 2.8
      vertex 7.40093 -2.04013 2.8
    endloop
  endfacet
  facet normal 0.941535 0.336914 0
    outer loop
      vertex 5.30605 -0.7845 4
      vertex 5.23827 -0.595083 2.8
      vertex 5.23827 -0.595083 4
    endloop
  endfacet
  facet normal 0.941535 0.336914 0
    outer loop
      vertex 5.23827 -0.595083 2.8
      vertex 5.30605 -0.7845 4
      vertex 5.30605 -0.7845 2.8
    endloop
  endfacet
  facet normal -0.989176 0.146735 0
    outer loop
      vertex 9.21061 -0.399935 2.8
      vertex 9.24013 -0.200934 4
      vertex 9.24013 -0.200934 2.8
    endloop
  endfacet
  facet normal -0.989176 0.146735 0
    outer loop
      vertex 9.24013 -0.200934 4
      vertex 9.21061 -0.399935 2.8
      vertex 9.21061 -0.399935 4
    endloop
  endfacet
  facet normal -0.427541 0.903996 0
    outer loop
      vertex 8.16636 -1.80794 2.8
      vertex 7.9845 -1.89395 4
      vertex 8.16636 -1.80794 4
    endloop
  endfacet
  facet normal -0.427541 0.903996 0
    outer loop
      vertex 7.9845 -1.89395 4
      vertex 8.16636 -1.80794 2.8
      vertex 7.9845 -1.89395 2.8
    endloop
  endfacet
  facet normal 0.336909 -0.941537 0
    outer loop
      vertex 6.4155 1.89395 2.8
      vertex 6.60492 1.96173 4
      vertex 6.4155 1.89395 4
    endloop
  endfacet
  facet normal 0.336909 -0.941537 0
    outer loop
      vertex 6.60492 1.96173 4
      vertex 6.4155 1.89395 2.8
      vertex 6.60492 1.96173 2.8
    endloop
  endfacet
  facet normal 0.427541 0.903996 -0
    outer loop
      vertex 6.4155 -1.89395 2.8
      vertex 6.23364 -1.80794 4
      vertex 6.4155 -1.89395 4
    endloop
  endfacet
  facet normal 0.427541 0.903996 0
    outer loop
      vertex 6.23364 -1.80794 4
      vertex 6.4155 -1.89395 2.8
      vertex 6.23364 -1.80794 2.8
    endloop
  endfacet
  facet normal -0.595689 0.803215 0
    outer loop
      vertex 8.50051 -1.58467 2.8
      vertex 8.33892 -1.70451 4
      vertex 8.50051 -1.58467 4
    endloop
  endfacet
  facet normal -0.595689 0.803215 0
    outer loop
      vertex 8.33892 -1.70451 4
      vertex 8.50051 -1.58467 2.8
      vertex 8.33892 -1.70451 2.8
    endloop
  endfacet
  facet normal -0.146736 -0.989176 0
    outer loop
      vertex 7.40093 2.04013 2.8
      vertex 7.59993 2.01061 4
      vertex 7.40093 2.04013 4
    endloop
  endfacet
  facet normal -0.146736 -0.989176 -0
    outer loop
      vertex 7.59993 2.01061 4
      vertex 7.40093 2.04013 2.8
      vertex 7.59993 2.01061 2.8
    endloop
  endfacet
  facet normal 0.04906 0.998796 -0
    outer loop
      vertex 7.2 -2.05 2.8
      vertex 6.99906 -2.04013 4
      vertex 7.2 -2.05 4
    endloop
  endfacet
  facet normal 0.04906 0.998796 0
    outer loop
      vertex 6.99906 -2.04013 4
      vertex 7.2 -2.05 2.8
      vertex 6.99906 -2.04013 2.8
    endloop
  endfacet
  facet normal -0.0490624 0.998796 0
    outer loop
      vertex 7.40093 -2.04013 2.8
      vertex 7.2 -2.05 4
      vertex 7.40093 -2.04013 4
    endloop
  endfacet
  facet normal -0.0490624 0.998796 0
    outer loop
      vertex 7.2 -2.05 4
      vertex 7.40093 -2.04013 2.8
      vertex 7.2 -2.05 2.8
    endloop
  endfacet
  facet normal 0.941535 -0.336914 0
    outer loop
      vertex 5.23827 0.595083 4
      vertex 5.30605 0.7845 2.8
      vertex 5.30605 0.7845 4
    endloop
  endfacet
  facet normal 0.941535 -0.336914 0
    outer loop
      vertex 5.30605 0.7845 2.8
      vertex 5.23827 0.595083 4
      vertex 5.23827 0.595083 2.8
    endloop
  endfacet
  facet normal -0.242968 -0.970034 0
    outer loop
      vertex 7.59993 2.01061 2.8
      vertex 7.79508 1.96173 4
      vertex 7.59993 2.01061 4
    endloop
  endfacet
  facet normal -0.242968 -0.970034 -0
    outer loop
      vertex 7.79508 1.96173 4
      vertex 7.59993 2.01061 2.8
      vertex 7.79508 1.96173 2.8
    endloop
  endfacet
  facet normal 0.595689 0.803215 -0
    outer loop
      vertex 6.06108 -1.70451 2.8
      vertex 5.89949 -1.58467 4
      vertex 6.06108 -1.70451 4
    endloop
  endfacet
  facet normal 0.595689 0.803215 0
    outer loop
      vertex 5.89949 -1.58467 4
      vertex 6.06108 -1.70451 2.8
      vertex 5.89949 -1.58467 2.8
    endloop
  endfacet
  facet normal 0.970034 -0.242971 0
    outer loop
      vertex 5.18939 0.399935 4
      vertex 5.23827 0.595083 2.8
      vertex 5.23827 0.595083 4
    endloop
  endfacet
  facet normal 0.970034 -0.242971 0
    outer loop
      vertex 5.23827 0.595083 2.8
      vertex 5.18939 0.399935 4
      vertex 5.18939 0.399935 2.8
    endloop
  endfacet
  facet normal -0.427541 -0.903996 0
    outer loop
      vertex 7.9845 1.89395 2.8
      vertex 8.16636 1.80794 4
      vertex 7.9845 1.89395 4
    endloop
  endfacet
  facet normal -0.427541 -0.903996 -0
    outer loop
      vertex 8.16636 1.80794 4
      vertex 7.9845 1.89395 2.8
      vertex 8.16636 1.80794 2.8
    endloop
  endfacet
  facet normal 0.803215 -0.595689 0
    outer loop
      vertex 5.49549 1.13892 4
      vertex 5.61533 1.30051 2.8
      vertex 5.61533 1.30051 4
    endloop
  endfacet
  facet normal 0.803215 -0.595689 0
    outer loop
      vertex 5.61533 1.30051 2.8
      vertex 5.49549 1.13892 4
      vertex 5.49549 1.13892 2.8
    endloop
  endfacet
  facet normal -0.903999 0.427536 0
    outer loop
      vertex 9.00794 -0.966363 2.8
      vertex 9.09395 -0.7845 4
      vertex 9.09395 -0.7845 2.8
    endloop
  endfacet
  facet normal -0.903999 0.427536 0
    outer loop
      vertex 9.09395 -0.7845 4
      vertex 9.00794 -0.966363 2.8
      vertex 9.00794 -0.966363 4
    endloop
  endfacet
  facet normal 0.336909 0.941537 -0
    outer loop
      vertex 6.60492 -1.96173 2.8
      vertex 6.4155 -1.89395 4
      vertex 6.60492 -1.96173 4
    endloop
  endfacet
  facet normal 0.336909 0.941537 0
    outer loop
      vertex 6.4155 -1.89395 4
      vertex 6.60492 -1.96173 2.8
      vertex 6.4155 -1.89395 2.8
    endloop
  endfacet
  facet normal -0.941535 -0.336914 0
    outer loop
      vertex 9.16173 0.595083 2.8
      vertex 9.09395 0.7845 4
      vertex 9.09395 0.7845 2.8
    endloop
  endfacet
  facet normal -0.941535 -0.336914 0
    outer loop
      vertex 9.09395 0.7845 4
      vertex 9.16173 0.595083 2.8
      vertex 9.16173 0.595083 4
    endloop
  endfacet
  facet normal 0.803215 0.595689 0
    outer loop
      vertex 5.61533 -1.30051 4
      vertex 5.49549 -1.13892 2.8
      vertex 5.49549 -1.13892 4
    endloop
  endfacet
  facet normal 0.803215 0.595689 0
    outer loop
      vertex 5.49549 -1.13892 2.8
      vertex 5.61533 -1.30051 4
      vertex 5.61533 -1.30051 2.8
    endloop
  endfacet
  facet normal -0.0490624 -0.998796 0
    outer loop
      vertex 7.2 2.05 2.8
      vertex 7.40093 2.04013 4
      vertex 7.2 2.05 4
    endloop
  endfacet
  facet normal -0.0490624 -0.998796 -0
    outer loop
      vertex 7.40093 2.04013 4
      vertex 7.2 2.05 2.8
      vertex 7.40093 2.04013 2.8
    endloop
  endfacet
  facet normal -0.740951 0.671559 0
    outer loop
      vertex 8.64957 -1.44957 2.8
      vertex 8.78467 -1.30051 4
      vertex 8.78467 -1.30051 2.8
    endloop
  endfacet
  facet normal -0.740951 0.671559 0
    outer loop
      vertex 8.78467 -1.30051 4
      vertex 8.64957 -1.44957 2.8
      vertex 8.64957 -1.44957 4
    endloop
  endfacet
  facet normal 0.04906 -0.998796 0
    outer loop
      vertex 6.99906 2.04013 2.8
      vertex 7.2 2.05 4
      vertex 6.99906 2.04013 4
    endloop
  endfacet
  facet normal 0.04906 -0.998796 0
    outer loop
      vertex 7.2 2.05 4
      vertex 6.99906 2.04013 2.8
      vertex 7.2 2.05 2.8
    endloop
  endfacet
  facet normal 0.998796 -0.0490615 0
    outer loop
      vertex 5.15 0 4
      vertex 5.15987 0.200934 2.8
      vertex 5.15987 0.200934 4
    endloop
  endfacet
  facet normal 0.998796 -0.0490615 0
    outer loop
      vertex 5.15987 0.200934 2.8
      vertex 5.15 0 4
      vertex 5.15 0 2.8
    endloop
  endfacet
  facet normal 0.146736 -0.989176 0
    outer loop
      vertex 6.80006 2.01061 2.8
      vertex 6.99906 2.04013 4
      vertex 6.80006 2.01061 4
    endloop
  endfacet
  facet normal 0.146736 -0.989176 0
    outer loop
      vertex 6.99906 2.04013 4
      vertex 6.80006 2.01061 2.8
      vertex 6.99906 2.04013 2.8
    endloop
  endfacet
  facet normal 0.989176 0.146735 0
    outer loop
      vertex 5.18939 -0.399935 4
      vertex 5.15987 -0.200934 2.8
      vertex 5.15987 -0.200934 4
    endloop
  endfacet
  facet normal 0.989176 0.146735 0
    outer loop
      vertex 5.15987 -0.200934 2.8
      vertex 5.18939 -0.399935 4
      vertex 5.18939 -0.399935 2.8
    endloop
  endfacet
  facet normal 0.903999 -0.427536 0
    outer loop
      vertex 5.30605 0.7845 4
      vertex 5.39206 0.966363 2.8
      vertex 5.39206 0.966363 4
    endloop
  endfacet
  facet normal 0.903999 -0.427536 0
    outer loop
      vertex 5.39206 0.966363 2.8
      vertex 5.30605 0.7845 4
      vertex 5.30605 0.7845 2.8
    endloop
  endfacet
  facet normal -0.242968 0.970034 0
    outer loop
      vertex 7.79508 -1.96173 2.8
      vertex 7.59993 -2.01061 4
      vertex 7.79508 -1.96173 4
    endloop
  endfacet
  facet normal -0.242968 0.970034 0
    outer loop
      vertex 7.59993 -2.01061 4
      vertex 7.79508 -1.96173 2.8
      vertex 7.59993 -2.01061 2.8
    endloop
  endfacet
  facet normal -0.803215 -0.595689 0
    outer loop
      vertex 8.90451 1.13892 2.8
      vertex 8.78467 1.30051 4
      vertex 8.78467 1.30051 2.8
    endloop
  endfacet
  facet normal -0.803215 -0.595689 0
    outer loop
      vertex 8.78467 1.30051 4
      vertex 8.90451 1.13892 2.8
      vertex 8.90451 1.13892 4
    endloop
  endfacet
  facet normal 0.740951 0.671559 0
    outer loop
      vertex 5.75043 -1.44957 4
      vertex 5.61533 -1.30051 2.8
      vertex 5.61533 -1.30051 4
    endloop
  endfacet
  facet normal 0.740951 0.671559 0
    outer loop
      vertex 5.61533 -1.30051 2.8
      vertex 5.75043 -1.44957 4
      vertex 5.75043 -1.44957 2.8
    endloop
  endfacet
  facet normal -0.970034 0.242971 0
    outer loop
      vertex 9.16173 -0.595083 2.8
      vertex 9.21061 -0.399935 4
      vertex 9.21061 -0.399935 2.8
    endloop
  endfacet
  facet normal -0.970034 0.242971 0
    outer loop
      vertex 9.21061 -0.399935 4
      vertex 9.16173 -0.595083 2.8
      vertex 9.16173 -0.595083 4
    endloop
  endfacet
  facet normal 0.671559 0.740951 -0
    outer loop
      vertex 5.89949 -1.58467 2.8
      vertex 5.75043 -1.44957 4
      vertex 5.89949 -1.58467 4
    endloop
  endfacet
  facet normal 0.671559 0.740951 0
    outer loop
      vertex 5.75043 -1.44957 4
      vertex 5.89949 -1.58467 2.8
      vertex 5.75043 -1.44957 2.8
    endloop
  endfacet
  facet normal 0.740951 -0.671559 0
    outer loop
      vertex 5.61533 1.30051 4
      vertex 5.75043 1.44957 2.8
      vertex 5.75043 1.44957 4
    endloop
  endfacet
  facet normal 0.740951 -0.671559 0
    outer loop
      vertex 5.75043 1.44957 2.8
      vertex 5.61533 1.30051 4
      vertex 5.61533 1.30051 2.8
    endloop
  endfacet
  facet normal 0.514108 0.857725 -0
    outer loop
      vertex 6.23364 -1.80794 2.8
      vertex 6.06108 -1.70451 4
      vertex 6.23364 -1.80794 4
    endloop
  endfacet
  facet normal 0.514108 0.857725 0
    outer loop
      vertex 6.06108 -1.70451 4
      vertex 6.23364 -1.80794 2.8
      vertex 6.06108 -1.70451 2.8
    endloop
  endfacet
  facet normal 0.24298 0.970031 -0
    outer loop
      vertex 6.80006 -2.01061 2.8
      vertex 6.60492 -1.96173 4
      vertex 6.80006 -2.01061 4
    endloop
  endfacet
  facet normal 0.24298 0.970031 0
    outer loop
      vertex 6.60492 -1.96173 4
      vertex 6.80006 -2.01061 2.8
      vertex 6.60492 -1.96173 2.8
    endloop
  endfacet
  facet normal 0.857721 0.514115 0
    outer loop
      vertex 5.49549 -1.13892 4
      vertex 5.39206 -0.966363 2.8
      vertex 5.39206 -0.966363 4
    endloop
  endfacet
  facet normal 0.857721 0.514115 0
    outer loop
      vertex 5.39206 -0.966363 2.8
      vertex 5.49549 -1.13892 4
      vertex 5.49549 -1.13892 2.8
    endloop
  endfacet
  facet normal -0.671559 0.740951 0
    outer loop
      vertex 8.64957 -1.44957 2.8
      vertex 8.50051 -1.58467 4
      vertex 8.64957 -1.44957 4
    endloop
  endfacet
  facet normal -0.671559 0.740951 0
    outer loop
      vertex 8.50051 -1.58467 4
      vertex 8.64957 -1.44957 2.8
      vertex 8.50051 -1.58467 2.8
    endloop
  endfacet
  facet normal -0.989176 -0.146735 0
    outer loop
      vertex 5.1252 -9.99521 0.599999
      vertex 5.05104 -9.49528 4
      vertex 5.05104 -9.49528 0.599999
    endloop
  endfacet
  facet normal -0.989176 -0.146735 0
    outer loop
      vertex 5.05104 -9.49528 4
      vertex 5.1252 -9.99521 0.599999
      vertex 5.1252 -9.99521 4
    endloop
  endfacet
  facet normal -0.998795 -0.0490702 0
    outer loop
      vertex 5.15 -10.5 0.599999
      vertex 5.1252 -9.99521 4
      vertex 5.1252 -9.99521 0.599999
    endloop
  endfacet
  facet normal -0.998795 -0.0490702 0
    outer loop
      vertex 5.1252 -9.99521 4
      vertex 5.15 -10.5 0.599999
      vertex 5.15 -10.5 4
    endloop
  endfacet
  facet normal -0.970032 -0.242978 0
    outer loop
      vertex 5.05104 -9.49528 0.599999
      vertex 4.92824 -9.00503 4
      vertex 4.92824 -9.00503 0.599999
    endloop
  endfacet
  facet normal -0.970032 -0.242978 0
    outer loop
      vertex 4.92824 -9.00503 4
      vertex 5.05104 -9.49528 0.599999
      vertex 5.05104 -9.49528 4
    endloop
  endfacet
  facet normal 0.857737 0.514088 0
    outer loop
      vertex -4.28207 -13.3612 4
      vertex -4.54189 -12.9277 0.599999
      vertex -4.54189 -12.9277 4
    endloop
  endfacet
  facet normal 0.857737 0.514088 0
    outer loop
      vertex -4.54189 -12.9277 0.599999
      vertex -4.28207 -13.3612 4
      vertex -4.28207 -13.3612 0.599999
    endloop
  endfacet
  facet normal 0.427566 -0.903984 0
    outer loop
      vertex -2.42769 -5.95811 0.599999
      vertex -1.97082 -5.74202 4
      vertex -2.42769 -5.95811 4
    endloop
  endfacet
  facet normal 0.427566 -0.903984 0
    outer loop
      vertex -1.97082 -5.74202 4
      vertex -2.42769 -5.95811 0.599999
      vertex -1.97082 -5.74202 0.599999
    endloop
  endfacet
  facet normal -0.146815 0.989164 0
    outer loop
      vertex 1.00471 -15.551 0.599999
      vertex 0.504787 -15.6252 8.8
      vertex 1.00471 -15.551 8.8
    endloop
  endfacet
  facet normal -0.146815 0.989164 0
    outer loop
      vertex 0.504787 -15.6252 8.8
      vertex 1.00471 -15.551 0.599999
      vertex 0.504787 -15.6252 0.599999
    endloop
  endfacet
  facet normal -0.336887 -0.941545 0
    outer loop
      vertex 1.49497 -5.57176 0.599999
      vertex 1.97082 -5.74202 4
      vertex 1.49497 -5.57176 4
    endloop
  endfacet
  facet normal -0.336887 -0.941545 -0
    outer loop
      vertex 1.97082 -5.74202 4
      vertex 1.49497 -5.57176 0.599999
      vertex 1.97082 -5.74202 0.599999
    endloop
  endfacet
  facet normal -0.903995 0.427543 0
    outer loop
      vertex 4.54189 -12.9277 0.599999
      vertex 4.75798 -12.4708 4
      vertex 4.75798 -12.4708 0.599999
    endloop
  endfacet
  facet normal -0.903995 0.427543 0
    outer loop
      vertex 4.75798 -12.4708 4
      vertex 4.54189 -12.9277 0.599999
      vertex 4.54189 -12.9277 4
    endloop
  endfacet
  facet normal -0.998795 0.0490692 0
    outer loop
      vertex 5.1252 -11.0048 0.599999
      vertex 5.15 -10.5 4
      vertex 5.15 -10.5 0.599999
    endloop
  endfacet
  facet normal -0.998795 0.0490692 0
    outer loop
      vertex 5.15 -10.5 4
      vertex 5.1252 -11.0048 0.599999
      vertex 5.1252 -11.0048 4
    endloop
  endfacet
  facet normal 0.455289 0.890344 0
    outer loop
      vertex -1.97082 -15.258 8.8
      vertex -1.97258 -15.2571 4
      vertex -1.97258 -15.2571 8.8
    endloop
  endfacet
  facet normal 0.455289 0.890344 -0
    outer loop
      vertex -1.97082 -15.258 0.599999
      vertex -1.97258 -15.2571 4
      vertex -1.97082 -15.258 8.8
    endloop
  endfacet
  facet normal 0.427472 0.904028 -1.80219e-05
    outer loop
      vertex -1.97082 -15.258 0.599999
      vertex -2.42769 -15.0419 4
      vertex -1.97258 -15.2571 4
    endloop
  endfacet
  facet normal 0.427582 0.903977 0
    outer loop
      vertex -2.42769 -15.0419 4
      vertex -1.97082 -15.258 0.599999
      vertex -2.42769 -15.0419 0.599999
    endloop
  endfacet
  facet normal -0.803175 0.595743 0
    outer loop
      vertex 3.981 -13.7671 0.599999
      vertex 4.28207 -13.3612 4
      vertex 4.28207 -13.3612 0.599999
    endloop
  endfacet
  facet normal -0.803175 0.595743 0
    outer loop
      vertex 4.28207 -13.3612 4
      vertex 3.981 -13.7671 0.599999
      vertex 3.981 -13.7671 4
    endloop
  endfacet
  facet normal 0.671559 0.740951 -0
    outer loop
      vertex -3.26713 -14.481 0.599999
      vertex -3.6416 -14.1416 4
      vertex -3.26713 -14.481 4
    endloop
  endfacet
  facet normal 0.671559 0.740951 0
    outer loop
      vertex -3.6416 -14.1416 4
      vertex -3.26713 -14.481 0.599999
      vertex -3.6416 -14.1416 0.599999
    endloop
  endfacet
  facet normal 0.514088 -0.857737 0
    outer loop
      vertex -2.86119 -6.21793 0.599999
      vertex -2.42769 -5.95811 4
      vertex -2.86119 -6.21793 4
    endloop
  endfacet
  facet normal 0.514088 -0.857737 0
    outer loop
      vertex -2.42769 -5.95811 4
      vertex -2.86119 -6.21793 0.599999
      vertex -2.42769 -5.95811 0.599999
    endloop
  endfacet
  facet normal 0.803175 0.595743 0
    outer loop
      vertex -3.981 -13.7671 4
      vertex -4.28207 -13.3612 0.599999
      vertex -4.28207 -13.3612 4
    endloop
  endfacet
  facet normal 0.803175 0.595743 0
    outer loop
      vertex -4.28207 -13.3612 0.599999
      vertex -3.981 -13.7671 4
      vertex -3.981 -13.7671 0.599999
    endloop
  endfacet
  facet normal 0.740951 -0.671559 0
    outer loop
      vertex -3.981 -7.23287 4
      vertex -3.6416 -6.8584 0.599999
      vertex -3.6416 -6.8584 4
    endloop
  endfacet
  facet normal 0.740951 -0.671559 0
    outer loop
      vertex -3.6416 -6.8584 0.599999
      vertex -3.981 -7.23287 4
      vertex -3.981 -7.23287 0.599999
    endloop
  endfacet
  facet normal -0.242973 0.970033 0
    outer loop
      vertex 1.49497 -15.4282 0.599999
      vertex 1.00471 -15.551 8.8
      vertex 1.49497 -15.4282 8.8
    endloop
  endfacet
  facet normal -0.242973 0.970033 0
    outer loop
      vertex 1.00471 -15.551 8.8
      vertex 1.49497 -15.4282 0.599999
      vertex 1.00471 -15.551 0.599999
    endloop
  endfacet
  facet normal -0.514059 0.857755 0
    outer loop
      vertex 2.86119 -14.7821 0.599999
      vertex 2.42769 -15.0419 4
      vertex 2.86119 -14.7821 4
    endloop
  endfacet
  facet normal -0.514059 0.857755 0
    outer loop
      vertex 2.42769 -15.0419 4
      vertex 2.86119 -14.7821 0.599999
      vertex 2.42769 -15.0419 0.599999
    endloop
  endfacet
  facet normal -0.941534 0.336918 0
    outer loop
      vertex 4.75798 -12.4708 0.599999
      vertex 4.92824 -11.995 4
      vertex 4.92824 -11.995 0.599999
    endloop
  endfacet
  facet normal -0.941534 0.336918 0
    outer loop
      vertex 4.92824 -11.995 4
      vertex 4.75798 -12.4708 0.599999
      vertex 4.75798 -12.4708 4
    endloop
  endfacet
  facet normal -0.427472 0.904028 0
    outer loop
      vertex 2.42769 -15.0419 4
      vertex 2.42769 -15.0419 0.599999
      vertex 1.97258 -15.2571 4
    endloop
  endfacet
  facet normal -0.455289 0.890344 0
    outer loop
      vertex 1.97258 -15.2571 4
      vertex 1.97082 -15.258 8.8
      vertex 1.97258 -15.2571 8.8
    endloop
  endfacet
  facet normal -0.455289 0.890344 0
    outer loop
      vertex 1.97258 -15.2571 4
      vertex 1.97082 -15.258 0.599999
      vertex 1.97082 -15.258 8.8
    endloop
  endfacet
  facet normal -0.427582 0.903977 -1.79514e-05
    outer loop
      vertex 1.97082 -15.258 0.599999
      vertex 1.97258 -15.2571 4
      vertex 2.42769 -15.0419 0.599999
    endloop
  endfacet
  facet normal -0.0490704 -0.998795 0
    outer loop
      vertex 0 -5.35 2.19
      vertex 0.504787 -5.3748 4
      vertex 0 -5.35 4
    endloop
  endfacet
  facet normal -0.0490704 -0.998795 -0
    outer loop
      vertex 0.504787 -5.3748 4
      vertex 0 -5.35 2.19
      vertex 0.504787 -5.3748 2.19
    endloop
  endfacet
  facet normal -0.146718 -0.989178 0
    outer loop
      vertex 0.908298 -5.43465 2.19
      vertex 0.504787 -5.3748 4
      vertex 0.504787 -5.3748 2.19
    endloop
  endfacet
  facet normal -0.146737 -0.989176 -4.35546e-06
    outer loop
      vertex 0.504787 -5.3748 4
      vertex 0.908298 -5.43465 2.19
      vertex 1.00471 -5.44896 4
    endloop
  endfacet
  facet normal -0.146817 -0.989164 0
    outer loop
      vertex 1.00471 -5.44896 0.599999
      vertex 0.908298 -5.43465 2.19
      vertex 0.908298 -5.43465 0.599999
    endloop
  endfacet
  facet normal -0.146817 -0.989164 0
    outer loop
      vertex 0.908298 -5.43465 2.19
      vertex 1.00471 -5.44896 0.599999
      vertex 1.00471 -5.44896 4
    endloop
  endfacet
  facet normal 0.146737 -0.989176 -4.35546e-06
    outer loop
      vertex -1.00471 -5.44896 4
      vertex -0.908298 -5.43465 2.19
      vertex -0.504787 -5.3748 4
    endloop
  endfacet
  facet normal 0.146817 -0.989164 0
    outer loop
      vertex -1.00471 -5.44896 0.599999
      vertex -0.908298 -5.43465 2.19
      vertex -1.00471 -5.44896 4
    endloop
  endfacet
  facet normal 0.146817 -0.989164 0
    outer loop
      vertex -0.908298 -5.43465 2.19
      vertex -1.00471 -5.44896 0.599999
      vertex -0.908298 -5.43465 0.599999
    endloop
  endfacet
  facet normal 0.146718 -0.989178 0
    outer loop
      vertex -0.504787 -5.3748 4
      vertex -0.908298 -5.43465 2.19
      vertex -0.504787 -5.3748 2.19
    endloop
  endfacet
  facet normal 0.941545 -0.336887 0
    outer loop
      vertex -4.92824 -9.00503 4
      vertex -4.75798 -8.52918 0.599999
      vertex -4.75798 -8.52918 4
    endloop
  endfacet
  facet normal 0.941545 -0.336887 0
    outer loop
      vertex -4.75798 -8.52918 0.599999
      vertex -4.92824 -9.00503 4
      vertex -4.92824 -9.00503 0.599999
    endloop
  endfacet
  facet normal 0.740978 0.67153 0
    outer loop
      vertex -3.6416 -14.1416 4
      vertex -3.981 -13.7671 0.599999
      vertex -3.981 -13.7671 4
    endloop
  endfacet
  facet normal 0.740978 0.67153 0
    outer loop
      vertex -3.981 -13.7671 0.599999
      vertex -3.6416 -14.1416 4
      vertex -3.6416 -14.1416 0.599999
    endloop
  endfacet
  facet normal 0.970032 -0.242978 0
    outer loop
      vertex -5.05104 -9.49528 4
      vertex -4.92824 -9.00503 0.599999
      vertex -4.92824 -9.00503 4
    endloop
  endfacet
  facet normal 0.970032 -0.242978 0
    outer loop
      vertex -4.92824 -9.00503 0.599999
      vertex -5.05104 -9.49528 4
      vertex -5.05104 -9.49528 0.599999
    endloop
  endfacet
  facet normal -0.857737 0.514088 0
    outer loop
      vertex 4.28207 -13.3612 0.599999
      vertex 4.54189 -12.9277 4
      vertex 4.54189 -12.9277 0.599999
    endloop
  endfacet
  facet normal -0.857737 0.514088 0
    outer loop
      vertex 4.54189 -12.9277 4
      vertex 4.28207 -13.3612 0.599999
      vertex 4.28207 -13.3612 4
    endloop
  endfacet
  facet normal 0.0490704 0.998795 -0
    outer loop
      vertex 0 -15.65 0.599999
      vertex -0.504787 -15.6252 8.8
      vertex 0 -15.65 8.8
    endloop
  endfacet
  facet normal 0.0490704 0.998795 0
    outer loop
      vertex -0.504787 -15.6252 8.8
      vertex 0 -15.65 0.599999
      vertex -0.504787 -15.6252 0.599999
    endloop
  endfacet
  facet normal 0.242973 -0.970033 0
    outer loop
      vertex -1.49497 -5.57176 0.599999
      vertex -1.00471 -5.44896 4
      vertex -1.49497 -5.57176 4
    endloop
  endfacet
  facet normal 0.242973 -0.970033 0
    outer loop
      vertex -1.00471 -5.44896 4
      vertex -1.49497 -5.57176 0.599999
      vertex -1.00471 -5.44896 0.599999
    endloop
  endfacet
  facet normal -0.427566 -0.903984 0
    outer loop
      vertex 1.97082 -5.74202 0.599999
      vertex 2.42769 -5.95811 4
      vertex 1.97082 -5.74202 4
    endloop
  endfacet
  facet normal -0.427566 -0.903984 -0
    outer loop
      vertex 2.42769 -5.95811 4
      vertex 1.97082 -5.74202 0.599999
      vertex 2.42769 -5.95811 0.599999
    endloop
  endfacet
  facet normal -0.0490704 0.998795 0
    outer loop
      vertex 0.504787 -15.6252 0.599999
      vertex 0 -15.65 8.8
      vertex 0.504787 -15.6252 8.8
    endloop
  endfacet
  facet normal -0.0490704 0.998795 0
    outer loop
      vertex 0 -15.65 8.8
      vertex 0.504787 -15.6252 0.599999
      vertex 0 -15.65 0.599999
    endloop
  endfacet
  facet normal 0.970038 0.242955 0
    outer loop
      vertex -4.92824 -11.995 4
      vertex -5.05104 -11.5047 0.599999
      vertex -5.05104 -11.5047 4
    endloop
  endfacet
  facet normal 0.970038 0.242955 0
    outer loop
      vertex -5.05104 -11.5047 0.599999
      vertex -4.92824 -11.995 4
      vertex -4.92824 -11.995 0.599999
    endloop
  endfacet
  facet normal -0.803203 -0.595705 0
    outer loop
      vertex 4.28207 -7.63881 0.599999
      vertex 3.981 -7.23287 4
      vertex 3.981 -7.23287 0.599999
    endloop
  endfacet
  facet normal -0.803203 -0.595705 0
    outer loop
      vertex 3.981 -7.23287 4
      vertex 4.28207 -7.63881 0.599999
      vertex 4.28207 -7.63881 4
    endloop
  endfacet
  facet normal 0.146815 0.989164 -0
    outer loop
      vertex -0.504787 -15.6252 0.599999
      vertex -1.00471 -15.551 8.8
      vertex -0.504787 -15.6252 8.8
    endloop
  endfacet
  facet normal 0.146815 0.989164 0
    outer loop
      vertex -1.00471 -15.551 8.8
      vertex -0.504787 -15.6252 0.599999
      vertex -1.00471 -15.551 0.599999
    endloop
  endfacet
  facet normal 0.941534 0.336918 0
    outer loop
      vertex -4.75798 -12.4708 4
      vertex -4.92824 -11.995 0.599999
      vertex -4.92824 -11.995 4
    endloop
  endfacet
  facet normal 0.941534 0.336918 0
    outer loop
      vertex -4.92824 -11.995 0.599999
      vertex -4.75798 -12.4708 4
      vertex -4.75798 -12.4708 0.599999
    endloop
  endfacet
  facet normal 0.903984 -0.427566 0
    outer loop
      vertex -4.75798 -8.52918 4
      vertex -4.54189 -8.07231 0.599999
      vertex -4.54189 -8.07231 4
    endloop
  endfacet
  facet normal 0.903984 -0.427566 0
    outer loop
      vertex -4.54189 -8.07231 0.599999
      vertex -4.75798 -8.52918 4
      vertex -4.75798 -8.52918 0.599999
    endloop
  endfacet
  facet normal 0.998795 -0.0490702 0
    outer loop
      vertex -5.15 -10.5 4
      vertex -5.1252 -9.99521 0.599999
      vertex -5.1252 -9.99521 4
    endloop
  endfacet
  facet normal 0.998795 -0.0490702 0
    outer loop
      vertex -5.1252 -9.99521 0.599999
      vertex -5.15 -10.5 4
      vertex -5.15 -10.5 0.599999
    endloop
  endfacet
  facet normal -0.336781 0.941583 0
    outer loop
      vertex 1.97082 -15.258 0.599999
      vertex 1.49497 -15.4282 8.8
      vertex 1.97082 -15.258 8.8
    endloop
  endfacet
  facet normal -0.336781 0.941583 0
    outer loop
      vertex 1.49497 -15.4282 8.8
      vertex 1.97082 -15.258 0.599999
      vertex 1.49497 -15.4282 0.599999
    endloop
  endfacet
  facet normal -0.671559 0.740951 0
    outer loop
      vertex 3.6416 -14.1416 0.599999
      vertex 3.26713 -14.481 4
      vertex 3.6416 -14.1416 4
    endloop
  endfacet
  facet normal -0.671559 0.740951 0
    outer loop
      vertex 3.26713 -14.481 4
      vertex 3.6416 -14.1416 0.599999
      vertex 3.26713 -14.481 0.599999
    endloop
  endfacet
  facet normal -0.970038 0.242955 0
    outer loop
      vertex 4.92824 -11.995 0.599999
      vertex 5.05104 -11.5047 4
      vertex 5.05104 -11.5047 0.599999
    endloop
  endfacet
  facet normal -0.970038 0.242955 0
    outer loop
      vertex 5.05104 -11.5047 4
      vertex 4.92824 -11.995 0.599999
      vertex 4.92824 -11.995 4
    endloop
  endfacet
  facet normal -0.740978 0.67153 0
    outer loop
      vertex 3.6416 -14.1416 0.599999
      vertex 3.981 -13.7671 4
      vertex 3.981 -13.7671 0.599999
    endloop
  endfacet
  facet normal -0.740978 0.67153 0
    outer loop
      vertex 3.981 -13.7671 4
      vertex 3.6416 -14.1416 0.599999
      vertex 3.6416 -14.1416 4
    endloop
  endfacet
  facet normal 0.989176 -0.146735 0
    outer loop
      vertex -5.1252 -9.99521 4
      vertex -5.05104 -9.49528 0.599999
      vertex -5.05104 -9.49528 4
    endloop
  endfacet
  facet normal 0.989176 -0.146735 0
    outer loop
      vertex -5.05104 -9.49528 0.599999
      vertex -5.1252 -9.99521 4
      vertex -5.1252 -9.99521 0.599999
    endloop
  endfacet
  facet normal -0.514088 -0.857737 0
    outer loop
      vertex 2.42769 -5.95811 0.599999
      vertex 2.86119 -6.21793 4
      vertex 2.42769 -5.95811 4
    endloop
  endfacet
  facet normal -0.514088 -0.857737 -0
    outer loop
      vertex 2.86119 -6.21793 4
      vertex 2.42769 -5.95811 0.599999
      vertex 2.86119 -6.21793 0.599999
    endloop
  endfacet
  facet normal -0.941545 -0.336887 0
    outer loop
      vertex 4.92824 -9.00503 0.599999
      vertex 4.75798 -8.52918 4
      vertex 4.75798 -8.52918 0.599999
    endloop
  endfacet
  facet normal -0.941545 -0.336887 0
    outer loop
      vertex 4.75798 -8.52918 4
      vertex 4.92824 -9.00503 0.599999
      vertex 4.92824 -9.00503 4
    endloop
  endfacet
  facet normal -0.595705 -0.803203 0
    outer loop
      vertex 2.86119 -6.21793 0.599999
      vertex 3.26713 -6.519 4
      vertex 2.86119 -6.21793 4
    endloop
  endfacet
  facet normal -0.595705 -0.803203 -0
    outer loop
      vertex 3.26713 -6.519 4
      vertex 2.86119 -6.21793 0.599999
      vertex 3.26713 -6.519 0.599999
    endloop
  endfacet
  facet normal -0.903984 -0.427566 0
    outer loop
      vertex 4.75798 -8.52918 0.599999
      vertex 4.54189 -8.07231 4
      vertex 4.54189 -8.07231 0.599999
    endloop
  endfacet
  facet normal -0.903984 -0.427566 0
    outer loop
      vertex 4.54189 -8.07231 4
      vertex 4.75798 -8.52918 0.599999
      vertex 4.75798 -8.52918 4
    endloop
  endfacet
  facet normal -0.989175 0.146744 0
    outer loop
      vertex 5.05104 -11.5047 0.599999
      vertex 5.1252 -11.0048 4
      vertex 5.1252 -11.0048 0.599999
    endloop
  endfacet
  facet normal -0.989175 0.146744 0
    outer loop
      vertex 5.1252 -11.0048 4
      vertex 5.05104 -11.5047 0.599999
      vertex 5.05104 -11.5047 4
    endloop
  endfacet
  facet normal 0.989175 0.146744 0
    outer loop
      vertex -5.05104 -11.5047 4
      vertex -5.1252 -11.0048 0.599999
      vertex -5.1252 -11.0048 4
    endloop
  endfacet
  facet normal 0.989175 0.146744 0
    outer loop
      vertex -5.1252 -11.0048 0.599999
      vertex -5.05104 -11.5047 4
      vertex -5.05104 -11.5047 0.599999
    endloop
  endfacet
  facet normal -0.857737 -0.514088 0
    outer loop
      vertex 4.54189 -8.07231 0.599999
      vertex 4.28207 -7.63881 4
      vertex 4.28207 -7.63881 0.599999
    endloop
  endfacet
  facet normal -0.857737 -0.514088 0
    outer loop
      vertex 4.28207 -7.63881 4
      vertex 4.54189 -8.07231 0.599999
      vertex 4.54189 -8.07231 4
    endloop
  endfacet
  facet normal 0.514059 0.857755 -0
    outer loop
      vertex -2.42769 -15.0419 0.599999
      vertex -2.86119 -14.7821 4
      vertex -2.42769 -15.0419 4
    endloop
  endfacet
  facet normal 0.514059 0.857755 0
    outer loop
      vertex -2.86119 -14.7821 4
      vertex -2.42769 -15.0419 0.599999
      vertex -2.86119 -14.7821 0.599999
    endloop
  endfacet
  facet normal 0.336887 -0.941545 0
    outer loop
      vertex -1.97082 -5.74202 0.599999
      vertex -1.49497 -5.57176 4
      vertex -1.97082 -5.74202 4
    endloop
  endfacet
  facet normal 0.336887 -0.941545 0
    outer loop
      vertex -1.49497 -5.57176 4
      vertex -1.97082 -5.74202 0.599999
      vertex -1.49497 -5.57176 0.599999
    endloop
  endfacet
  facet normal 0.671559 -0.740951 0
    outer loop
      vertex -3.6416 -6.8584 0.599999
      vertex -3.26713 -6.519 4
      vertex -3.6416 -6.8584 4
    endloop
  endfacet
  facet normal 0.671559 -0.740951 0
    outer loop
      vertex -3.26713 -6.519 4
      vertex -3.6416 -6.8584 0.599999
      vertex -3.26713 -6.519 0.599999
    endloop
  endfacet
  facet normal 0.857737 -0.514088 0
    outer loop
      vertex -4.54189 -8.07231 4
      vertex -4.28207 -7.63881 0.599999
      vertex -4.28207 -7.63881 4
    endloop
  endfacet
  facet normal 0.857737 -0.514088 0
    outer loop
      vertex -4.28207 -7.63881 0.599999
      vertex -4.54189 -8.07231 4
      vertex -4.54189 -8.07231 0.599999
    endloop
  endfacet
  facet normal -0.671559 -0.740951 0
    outer loop
      vertex 3.26713 -6.519 0.599999
      vertex 3.6416 -6.8584 4
      vertex 3.26713 -6.519 4
    endloop
  endfacet
  facet normal -0.671559 -0.740951 -0
    outer loop
      vertex 3.6416 -6.8584 4
      vertex 3.26713 -6.519 0.599999
      vertex 3.6416 -6.8584 0.599999
    endloop
  endfacet
  facet normal -0.740951 -0.671559 0
    outer loop
      vertex 3.981 -7.23287 0.599999
      vertex 3.6416 -6.8584 4
      vertex 3.6416 -6.8584 0.599999
    endloop
  endfacet
  facet normal -0.740951 -0.671559 0
    outer loop
      vertex 3.6416 -6.8584 4
      vertex 3.981 -7.23287 0.599999
      vertex 3.981 -7.23287 4
    endloop
  endfacet
  facet normal 0.803203 -0.595705 0
    outer loop
      vertex -4.28207 -7.63881 4
      vertex -3.981 -7.23287 0.599999
      vertex -3.981 -7.23287 4
    endloop
  endfacet
  facet normal 0.803203 -0.595705 0
    outer loop
      vertex -3.981 -7.23287 0.599999
      vertex -4.28207 -7.63881 4
      vertex -4.28207 -7.63881 0.599999
    endloop
  endfacet
  facet normal 0.0490704 -0.998795 0
    outer loop
      vertex -0.504787 -5.3748 2.19
      vertex 0 -5.35 4
      vertex -0.504787 -5.3748 4
    endloop
  endfacet
  facet normal 0.0490704 -0.998795 0
    outer loop
      vertex 0 -5.35 4
      vertex -0.504787 -5.3748 2.19
      vertex 0 -5.35 2.19
    endloop
  endfacet
  facet normal 0.998795 0.0490692 0
    outer loop
      vertex -5.1252 -11.0048 4
      vertex -5.15 -10.5 0.599999
      vertex -5.15 -10.5 4
    endloop
  endfacet
  facet normal 0.998795 0.0490692 0
    outer loop
      vertex -5.15 -10.5 0.599999
      vertex -5.1252 -11.0048 4
      vertex -5.1252 -11.0048 0.599999
    endloop
  endfacet
  facet normal 0.336781 0.941583 -0
    outer loop
      vertex -1.49497 -15.4282 0.599999
      vertex -1.97082 -15.258 8.8
      vertex -1.49497 -15.4282 8.8
    endloop
  endfacet
  facet normal 0.336781 0.941583 0
    outer loop
      vertex -1.97082 -15.258 8.8
      vertex -1.49497 -15.4282 0.599999
      vertex -1.97082 -15.258 0.599999
    endloop
  endfacet
  facet normal -0.595743 0.803175 0
    outer loop
      vertex 3.26713 -14.481 0.599999
      vertex 2.86119 -14.7821 4
      vertex 3.26713 -14.481 4
    endloop
  endfacet
  facet normal -0.595743 0.803175 0
    outer loop
      vertex 2.86119 -14.7821 4
      vertex 3.26713 -14.481 0.599999
      vertex 2.86119 -14.7821 0.599999
    endloop
  endfacet
  facet normal 0.903995 0.427543 0
    outer loop
      vertex -4.54189 -12.9277 4
      vertex -4.75798 -12.4708 0.599999
      vertex -4.75798 -12.4708 4
    endloop
  endfacet
  facet normal 0.903995 0.427543 0
    outer loop
      vertex -4.75798 -12.4708 0.599999
      vertex -4.54189 -12.9277 4
      vertex -4.54189 -12.9277 0.599999
    endloop
  endfacet
  facet normal 0.242973 0.970033 -0
    outer loop
      vertex -1.00471 -15.551 0.599999
      vertex -1.49497 -15.4282 8.8
      vertex -1.00471 -15.551 8.8
    endloop
  endfacet
  facet normal 0.242973 0.970033 0
    outer loop
      vertex -1.49497 -15.4282 8.8
      vertex -1.00471 -15.551 0.599999
      vertex -1.49497 -15.4282 0.599999
    endloop
  endfacet
  facet normal 0.595705 -0.803203 0
    outer loop
      vertex -3.26713 -6.519 0.599999
      vertex -2.86119 -6.21793 4
      vertex -3.26713 -6.519 4
    endloop
  endfacet
  facet normal 0.595705 -0.803203 0
    outer loop
      vertex -2.86119 -6.21793 4
      vertex -3.26713 -6.519 0.599999
      vertex -2.86119 -6.21793 0.599999
    endloop
  endfacet
  facet normal -0 0 -1
    outer loop
      vertex 1.97082 -15.258 8.8
      vertex 1.50946 -15.3258 8.8
      vertex 1.97258 -15.2571 8.8
    endloop
  endfacet
  facet normal 0 0 -1
    outer loop
      vertex 1.49497 -15.4282 8.8
      vertex 1.50946 -15.3258 8.8
      vertex 1.97082 -15.258 8.8
    endloop
  endfacet
  facet normal 0 0 -1
    outer loop
      vertex 1.00471 -15.551 8.8
      vertex 1.50946 -15.3258 8.8
      vertex 1.49497 -15.4282 8.8
    endloop
  endfacet
  facet normal 0 0 -1
    outer loop
      vertex 0 -15.4 8.8
      vertex 1.00471 -15.551 8.8
      vertex 0.504787 -15.6252 8.8
    endloop
  endfacet
  facet normal 0 0 -1
    outer loop
      vertex 0 -15.4 8.8
      vertex 0.504787 -15.6252 8.8
      vertex 0 -15.65 8.8
    endloop
  endfacet
  facet normal 0 0 -1
    outer loop
      vertex 1.00471 -15.551 8.8
      vertex 0 -15.4 8.8
      vertex 1.50946 -15.3258 8.8
    endloop
  endfacet
  facet normal 0 0 -1
    outer loop
      vertex -0.504787 -15.6252 8.8
      vertex 0 -15.4 8.8
      vertex 0 -15.65 8.8
    endloop
  endfacet
  facet normal 0 0 -1
    outer loop
      vertex -1.00471 -15.551 8.8
      vertex 0 -15.4 8.8
      vertex -0.504787 -15.6252 8.8
    endloop
  endfacet
  facet normal 0 0 -1
    outer loop
      vertex -1.50946 -15.3258 8.8
      vertex -1.00471 -15.551 8.8
      vertex -1.49497 -15.4282 8.8
    endloop
  endfacet
  facet normal 0 0 -1
    outer loop
      vertex -1.00471 -15.551 8.8
      vertex -1.50946 -15.3258 8.8
      vertex 0 -15.4 8.8
    endloop
  endfacet
  facet normal 0 0 -1
    outer loop
      vertex -1.97082 -15.258 8.8
      vertex -1.50946 -15.3258 8.8
      vertex -1.49497 -15.4282 8.8
    endloop
  endfacet
  facet normal 0 0 -1
    outer loop
      vertex -1.50946 -15.3258 8.8
      vertex -1.97082 -15.258 8.8
      vertex -1.97258 -15.2571 8.8
    endloop
  endfacet
  facet normal 0 0 1
    outer loop
      vertex 0 -6.05 0.599999
      vertex 5.15 -10.5 0.599999
      vertex 5.1252 -9.99521 0.599999
    endloop
  endfacet
  facet normal 0 0 1
    outer loop
      vertex 0 -6.05 0.599999
      vertex 5.1252 -9.99521 0.599999
      vertex 5.05104 -9.49528 0.599999
    endloop
  endfacet
  facet normal 0 0 1
    outer loop
      vertex 5.15 -10.5 0.599999
      vertex 0 -6.05 0.599999
      vertex 5.1252 -11.0048 0.599999
    endloop
  endfacet
  facet normal 0 0 1
    outer loop
      vertex 0.252348 -6.01678 0.599999
      vertex 5.05104 -9.49528 0.599999
      vertex 4.92824 -9.00503 0.599999
    endloop
  endfacet
  facet normal -0 0 1
    outer loop
      vertex 0 -6.05 0.599999
      vertex 5.05104 -9.49528 0.599999
      vertex 0.252348 -6.01678 0.599999
    endloop
  endfacet
  facet normal 0 0 1
    outer loop
      vertex 0.252348 -6.01678 0.599999
      vertex 4.92824 -9.00503 0.599999
      vertex 4.75798 -8.52918 0.599999
    endloop
  endfacet
  facet normal 0 0 1
    outer loop
      vertex 5.1252 -11.0048 0.599999
      vertex 0 -6.05 0.599999
      vertex 5.05104 -11.5047 0.599999
    endloop
  endfacet
  facet normal 0 0 1
    outer loop
      vertex 0.252348 -6.01678 0.599999
      vertex 4.75798 -8.52918 0.599999
      vertex 4.54189 -8.07231 0.599999
    endloop
  endfacet
  facet normal 0 0 1
    outer loop
      vertex 5.05104 -11.5047 0.599999
      vertex 0 -6.05 0.599999
      vertex 4.92824 -11.995 0.599999
    endloop
  endfacet
  facet normal 0 0 1
    outer loop
      vertex 0.252348 -6.01678 0.599999
      vertex 4.54189 -8.07231 0.599999
      vertex 4.28207 -7.63881 0.599999
    endloop
  endfacet
  facet normal 0 0 1
    outer loop
      vertex 4.92824 -11.995 0.599999
      vertex 0 -6.05 0.599999
      vertex 4.75798 -12.4708 0.599999
    endloop
  endfacet
  facet normal 0 0 1
    outer loop
      vertex 0.252348 -6.01678 0.599999
      vertex 4.28207 -7.63881 0.599999
      vertex 3.981 -7.23287 0.599999
    endloop
  endfacet
  facet normal 0 0 1
    outer loop
      vertex 4.75798 -12.4708 0.599999
      vertex 0 -6.05 0.599999
      vertex 4.54189 -12.9277 0.599999
    endloop
  endfacet
  facet normal 0 0 1
    outer loop
      vertex 0.252348 -6.01678 0.599999
      vertex 3.981 -7.23287 0.599999
      vertex 3.6416 -6.8584 0.599999
    endloop
  endfacet
  facet normal 0 0 1
    outer loop
      vertex 4.54189 -12.9277 0.599999
      vertex 0 -6.05 0.599999
      vertex 4.28207 -13.3612 0.599999
    endloop
  endfacet
  facet normal 0 0 1
    outer loop
      vertex 0.252348 -6.01678 0.599999
      vertex 3.6416 -6.8584 0.599999
      vertex 3.26713 -6.519 0.599999
    endloop
  endfacet
  facet normal 0 0 1
    outer loop
      vertex 4.28207 -13.3612 0.599999
      vertex 0 -6.05 0.599999
      vertex 3.981 -13.7671 0.599999
    endloop
  endfacet
  facet normal 0 0 1
    outer loop
      vertex 0.252348 -6.01678 0.599999
      vertex 3.26713 -6.519 0.599999
      vertex 2.86119 -6.21793 0.599999
    endloop
  endfacet
  facet normal 0 0 1
    outer loop
      vertex 3.981 -13.7671 0.599999
      vertex 0 -6.05 0.599999
      vertex 3.6416 -14.1416 0.599999
    endloop
  endfacet
  facet normal 0 0 1
    outer loop
      vertex 0.487499 -5.91937 0.599999
      vertex 2.86119 -6.21793 0.599999
      vertex 2.42769 -5.95811 0.599999
    endloop
  endfacet
  facet normal 0 0 1
    outer loop
      vertex 3.6416 -14.1416 0.599999
      vertex 0 -6.05 0.599999
      vertex 3.26713 -14.481 0.599999
    endloop
  endfacet
  facet normal -0 0 1
    outer loop
      vertex 0.487499 -5.91937 0.599999
      vertex 2.42769 -5.95811 0.599999
      vertex 1.97082 -5.74202 0.599999
    endloop
  endfacet
  facet normal 0 0 1
    outer loop
      vertex 3.26713 -14.481 0.599999
      vertex 0 -6.05 0.599999
      vertex 2.86119 -14.7821 0.599999
    endloop
  endfacet
  facet normal 0 0 1
    outer loop
      vertex 0.689428 -5.76443 0.599999
      vertex 1.97082 -5.74202 0.599999
      vertex 1.49497 -5.57176 0.599999
    endloop
  endfacet
  facet normal 0 0 1
    outer loop
      vertex 2.86119 -6.21793 0.599999
      vertex 0.487499 -5.91937 0.599999
      vertex 0.252348 -6.01678 0.599999
    endloop
  endfacet
  facet normal -0 0 1
    outer loop
      vertex 0.844375 -5.5625 0.599999
      vertex 1.49497 -5.57176 0.599999
      vertex 1.00471 -5.44896 0.599999
    endloop
  endfacet
  facet normal 0 0 1
    outer loop
      vertex 1.97082 -5.74202 0.599999
      vertex 0.689428 -5.76443 0.599999
      vertex 0.487499 -5.91937 0.599999
    endloop
  endfacet
  facet normal 0 0 1
    outer loop
      vertex 0.844375 -5.5625 0.599999
      vertex 1.00471 -5.44896 0.599999
      vertex 0.908298 -5.43465 0.599999
    endloop
  endfacet
  facet normal 0 0 1
    outer loop
      vertex 1.49497 -5.57176 0.599999
      vertex 0.844375 -5.5625 0.599999
      vertex 0.689428 -5.76443 0.599999
    endloop
  endfacet
  facet normal 0 0 1
    outer loop
      vertex 2.86119 -14.7821 0.599999
      vertex 0 -6.05 0.599999
      vertex 2.42769 -15.0419 0.599999
    endloop
  endfacet
  facet normal 0 0 1
    outer loop
      vertex 2.42769 -15.0419 0.599999
      vertex 0 -6.05 0.599999
      vertex 1.97082 -15.258 0.599999
    endloop
  endfacet
  facet normal 0 0 1
    outer loop
      vertex 1.97082 -15.258 0.599999
      vertex 0 -6.05 0.599999
      vertex 1.49497 -15.4282 0.599999
    endloop
  endfacet
  facet normal 0 0 1
    outer loop
      vertex 1.49497 -15.4282 0.599999
      vertex 0 -6.05 0.599999
      vertex 1.00471 -15.551 0.599999
    endloop
  endfacet
  facet normal 0 0 1
    outer loop
      vertex 1.00471 -15.551 0.599999
      vertex 0 -6.05 0.599999
      vertex 0.504787 -15.6252 0.599999
    endloop
  endfacet
  facet normal 0 0 1
    outer loop
      vertex 0 -6.05 0.599999
      vertex 0 -15.65 0.599999
      vertex 0.504787 -15.6252 0.599999
    endloop
  endfacet
  facet normal 0 0 1
    outer loop
      vertex -5.15 -10.5 0.599999
      vertex 0 -6.05 0.599999
      vertex -0.252348 -6.01678 0.599999
    endloop
  endfacet
  facet normal 0 0 1
    outer loop
      vertex -2.86119 -6.21793 0.599999
      vertex -0.252348 -6.01678 0.599999
      vertex -0.487499 -5.91937 0.599999
    endloop
  endfacet
  facet normal 0 0 1
    outer loop
      vertex 0 -6.05 0.599999
      vertex -0.504787 -15.6252 0.599999
      vertex 0 -15.65 0.599999
    endloop
  endfacet
  facet normal 0 0 1
    outer loop
      vertex -1.97082 -5.74202 0.599999
      vertex -0.487499 -5.91937 0.599999
      vertex -0.689428 -5.76443 0.599999
    endloop
  endfacet
  facet normal -0 0 1
    outer loop
      vertex -1.49497 -5.57176 0.599999
      vertex -0.689428 -5.76443 0.599999
      vertex -0.844375 -5.5625 0.599999
    endloop
  endfacet
  facet normal -0 0 1
    outer loop
      vertex -1.00471 -5.44896 0.599999
      vertex -0.844375 -5.5625 0.599999
      vertex -0.908298 -5.43465 0.599999
    endloop
  endfacet
  facet normal 0 0 1
    outer loop
      vertex -0.844375 -5.5625 0.599999
      vertex -1.00471 -5.44896 0.599999
      vertex -1.49497 -5.57176 0.599999
    endloop
  endfacet
  facet normal 0 0 1
    outer loop
      vertex 0 -6.05 0.599999
      vertex -1.00471 -15.551 0.599999
      vertex -0.504787 -15.6252 0.599999
    endloop
  endfacet
  facet normal 0 0 1
    outer loop
      vertex -0.689428 -5.76443 0.599999
      vertex -1.49497 -5.57176 0.599999
      vertex -1.97082 -5.74202 0.599999
    endloop
  endfacet
  facet normal 0 0 1
    outer loop
      vertex 0 -6.05 0.599999
      vertex -1.49497 -15.4282 0.599999
      vertex -1.00471 -15.551 0.599999
    endloop
  endfacet
  facet normal 0 0 1
    outer loop
      vertex -0.487499 -5.91937 0.599999
      vertex -1.97082 -5.74202 0.599999
      vertex -2.42769 -5.95811 0.599999
    endloop
  endfacet
  facet normal 0 0 1
    outer loop
      vertex 0 -6.05 0.599999
      vertex -1.97082 -15.258 0.599999
      vertex -1.49497 -15.4282 0.599999
    endloop
  endfacet
  facet normal 0 0 1
    outer loop
      vertex -0.487499 -5.91937 0.599999
      vertex -2.42769 -5.95811 0.599999
      vertex -2.86119 -6.21793 0.599999
    endloop
  endfacet
  facet normal 0 0 1
    outer loop
      vertex 0 -6.05 0.599999
      vertex -2.42769 -15.0419 0.599999
      vertex -1.97082 -15.258 0.599999
    endloop
  endfacet
  facet normal 0 0 1
    outer loop
      vertex -0.252348 -6.01678 0.599999
      vertex -2.86119 -6.21793 0.599999
      vertex -3.26713 -6.519 0.599999
    endloop
  endfacet
  facet normal 0 0 1
    outer loop
      vertex 0 -6.05 0.599999
      vertex -2.86119 -14.7821 0.599999
      vertex -2.42769 -15.0419 0.599999
    endloop
  endfacet
  facet normal 0 0 1
    outer loop
      vertex -0.252348 -6.01678 0.599999
      vertex -3.26713 -6.519 0.599999
      vertex -3.6416 -6.8584 0.599999
    endloop
  endfacet
  facet normal 0 0 1
    outer loop
      vertex 0 -6.05 0.599999
      vertex -3.26713 -14.481 0.599999
      vertex -2.86119 -14.7821 0.599999
    endloop
  endfacet
  facet normal 0 0 1
    outer loop
      vertex -0.252348 -6.01678 0.599999
      vertex -3.6416 -6.8584 0.599999
      vertex -3.981 -7.23287 0.599999
    endloop
  endfacet
  facet normal 0 0 1
    outer loop
      vertex 0 -6.05 0.599999
      vertex -3.6416 -14.1416 0.599999
      vertex -3.26713 -14.481 0.599999
    endloop
  endfacet
  facet normal 0 0 1
    outer loop
      vertex -0.252348 -6.01678 0.599999
      vertex -3.981 -7.23287 0.599999
      vertex -4.28207 -7.63881 0.599999
    endloop
  endfacet
  facet normal 0 0 1
    outer loop
      vertex 0 -6.05 0.599999
      vertex -3.981 -13.7671 0.599999
      vertex -3.6416 -14.1416 0.599999
    endloop
  endfacet
  facet normal 0 0 1
    outer loop
      vertex -0.252348 -6.01678 0.599999
      vertex -4.28207 -7.63881 0.599999
      vertex -4.54189 -8.07231 0.599999
    endloop
  endfacet
  facet normal 0 0 1
    outer loop
      vertex 0 -6.05 0.599999
      vertex -4.28207 -13.3612 0.599999
      vertex -3.981 -13.7671 0.599999
    endloop
  endfacet
  facet normal 0 0 1
    outer loop
      vertex -0.252348 -6.01678 0.599999
      vertex -4.54189 -8.07231 0.599999
      vertex -4.75798 -8.52918 0.599999
    endloop
  endfacet
  facet normal 0 0 1
    outer loop
      vertex 0 -6.05 0.599999
      vertex -4.54189 -12.9277 0.599999
      vertex -4.28207 -13.3612 0.599999
    endloop
  endfacet
  facet normal 0 0 1
    outer loop
      vertex -0.252348 -6.01678 0.599999
      vertex -4.75798 -8.52918 0.599999
      vertex -4.92824 -9.00503 0.599999
    endloop
  endfacet
  facet normal 0 0 1
    outer loop
      vertex 0 -6.05 0.599999
      vertex -4.75798 -12.4708 0.599999
      vertex -4.54189 -12.9277 0.599999
    endloop
  endfacet
  facet normal 0 0 1
    outer loop
      vertex -0.252348 -6.01678 0.599999
      vertex -4.92824 -9.00503 0.599999
      vertex -5.05104 -9.49528 0.599999
    endloop
  endfacet
  facet normal 0 0 1
    outer loop
      vertex 0 -6.05 0.599999
      vertex -4.92824 -11.995 0.599999
      vertex -4.75798 -12.4708 0.599999
    endloop
  endfacet
  facet normal 0 0 1
    outer loop
      vertex -0.252348 -6.01678 0.599999
      vertex -5.05104 -9.49528 0.599999
      vertex -5.1252 -9.99521 0.599999
    endloop
  endfacet
  facet normal 0 0 1
    outer loop
      vertex 0 -6.05 0.599999
      vertex -5.05104 -11.5047 0.599999
      vertex -4.92824 -11.995 0.599999
    endloop
  endfacet
  facet normal 0 0 1
    outer loop
      vertex -0.252348 -6.01678 0.599999
      vertex -5.1252 -9.99521 0.599999
      vertex -5.15 -10.5 0.599999
    endloop
  endfacet
  facet normal 0 0 1
    outer loop
      vertex 0 -6.05 0.599999
      vertex -5.1252 -11.0048 0.599999
      vertex -5.05104 -11.5047 0.599999
    endloop
  endfacet
  facet normal 0 0 1
    outer loop
      vertex 0 -6.05 0.599999
      vertex -5.15 -10.5 0.599999
      vertex -5.1252 -11.0048 0.599999
    endloop
  endfacet
  facet normal -0.242973 -0.970033 0
    outer loop
      vertex 1.00471 -5.44896 0.599999
      vertex 1.49497 -5.57176 4
      vertex 1.00471 -5.44896 4
    endloop
  endfacet
  facet normal -0.242973 -0.970033 -0
    outer loop
      vertex 1.49497 -5.57176 4
      vertex 1.00471 -5.44896 0.599999
      vertex 1.49497 -5.57176 0.599999
    endloop
  endfacet
  facet normal 0.595743 0.803175 -0
    outer loop
      vertex -2.86119 -14.7821 0.599999
      vertex -3.26713 -14.481 4
      vertex -2.86119 -14.7821 4
    endloop
  endfacet
  facet normal 0.595743 0.803175 0
    outer loop
      vertex -3.26713 -14.481 4
      vertex -2.86119 -14.7821 0.599999
      vertex -3.26713 -14.481 0.599999
    endloop
  endfacet
  facet normal 0.336887 0.941545 -0
    outer loop
      vertex -1.49497 5.57176 0.599999
      vertex -1.97082 5.74202 4
      vertex -1.49497 5.57176 4
    endloop
  endfacet
  facet normal 0.336887 0.941545 0
    outer loop
      vertex -1.97082 5.74202 4
      vertex -1.49497 5.57176 0.599999
      vertex -1.97082 5.74202 0.599999
    endloop
  endfacet
  facet normal -0.989175 -0.146744 0
    outer loop
      vertex 5.1252 11.0048 0.599999
      vertex 5.05104 11.5047 4
      vertex 5.05104 11.5047 0.599999
    endloop
  endfacet
  facet normal -0.989175 -0.146744 0
    outer loop
      vertex 5.05104 11.5047 4
      vertex 5.1252 11.0048 0.599999
      vertex 5.1252 11.0048 4
    endloop
  endfacet
  facet normal -0.998795 -0.0490692 0
    outer loop
      vertex 5.15 10.5 0.599999
      vertex 5.1252 11.0048 4
      vertex 5.1252 11.0048 0.599999
    endloop
  endfacet
  facet normal -0.998795 -0.0490692 0
    outer loop
      vertex 5.1252 11.0048 4
      vertex 5.15 10.5 0.599999
      vertex 5.15 10.5 4
    endloop
  endfacet
  facet normal -0.970038 -0.242955 0
    outer loop
      vertex 5.05104 11.5047 0.599999
      vertex 4.92824 11.995 4
      vertex 4.92824 11.995 0.599999
    endloop
  endfacet
  facet normal -0.970038 -0.242955 0
    outer loop
      vertex 4.92824 11.995 4
      vertex 5.05104 11.5047 0.599999
      vertex 5.05104 11.5047 4
    endloop
  endfacet
  facet normal 0.989175 -0.146744 0
    outer loop
      vertex -5.1252 11.0048 4
      vertex -5.05104 11.5047 0.599999
      vertex -5.05104 11.5047 4
    endloop
  endfacet
  facet normal 0.989175 -0.146744 0
    outer loop
      vertex -5.05104 11.5047 0.599999
      vertex -5.1252 11.0048 4
      vertex -5.1252 11.0048 0.599999
    endloop
  endfacet
  facet normal 0.242973 0.970033 -0
    outer loop
      vertex -1.00471 5.44896 0.599999
      vertex -1.49497 5.57176 4
      vertex -1.00471 5.44896 4
    endloop
  endfacet
  facet normal 0.242973 0.970033 0
    outer loop
      vertex -1.49497 5.57176 4
      vertex -1.00471 5.44896 0.599999
      vertex -1.49497 5.57176 0.599999
    endloop
  endfacet
  facet normal -0.336781 -0.941583 0
    outer loop
      vertex 1.49497 15.4282 0.599999
      vertex 1.97082 15.258 8.8
      vertex 1.49497 15.4282 8.8
    endloop
  endfacet
  facet normal -0.336781 -0.941583 -0
    outer loop
      vertex 1.97082 15.258 8.8
      vertex 1.49497 15.4282 0.599999
      vertex 1.97082 15.258 0.599999
    endloop
  endfacet
  facet normal 0.514059 -0.857755 0
    outer loop
      vertex -2.86119 14.7821 0.599999
      vertex -2.42769 15.0419 4
      vertex -2.86119 14.7821 4
    endloop
  endfacet
  facet normal 0.514059 -0.857755 0
    outer loop
      vertex -2.42769 15.0419 4
      vertex -2.86119 14.7821 0.599999
      vertex -2.42769 15.0419 0.599999
    endloop
  endfacet
  facet normal 0.903984 0.427566 0
    outer loop
      vertex -4.54189 8.07231 4
      vertex -4.75798 8.52918 0.599999
      vertex -4.75798 8.52918 4
    endloop
  endfacet
  facet normal 0.903984 0.427566 0
    outer loop
      vertex -4.75798 8.52918 0.599999
      vertex -4.54189 8.07231 4
      vertex -4.54189 8.07231 0.599999
    endloop
  endfacet
  facet normal 0.242973 -0.970033 0
    outer loop
      vertex -1.49497 15.4282 0.599999
      vertex -1.00471 15.551 8.8
      vertex -1.49497 15.4282 8.8
    endloop
  endfacet
  facet normal 0.242973 -0.970033 0
    outer loop
      vertex -1.00471 15.551 8.8
      vertex -1.49497 15.4282 0.599999
      vertex -1.00471 15.551 0.599999
    endloop
  endfacet
  facet normal 0.857737 0.514088 0
    outer loop
      vertex -4.28207 7.63881 4
      vertex -4.54189 8.07231 0.599999
      vertex -4.54189 8.07231 4
    endloop
  endfacet
  facet normal 0.857737 0.514088 0
    outer loop
      vertex -4.54189 8.07231 0.599999
      vertex -4.28207 7.63881 4
      vertex -4.28207 7.63881 0.599999
    endloop
  endfacet
  facet normal -0.242973 0.970033 0
    outer loop
      vertex 1.49497 5.57176 0.599999
      vertex 1.00471 5.44896 4
      vertex 1.49497 5.57176 4
    endloop
  endfacet
  facet normal -0.242973 0.970033 0
    outer loop
      vertex 1.00471 5.44896 4
      vertex 1.49497 5.57176 0.599999
      vertex 1.00471 5.44896 0.599999
    endloop
  endfacet
  facet normal 0.595705 0.803203 -0
    outer loop
      vertex -2.86119 6.21793 0.599999
      vertex -3.26713 6.519 4
      vertex -2.86119 6.21793 4
    endloop
  endfacet
  facet normal 0.595705 0.803203 0
    outer loop
      vertex -3.26713 6.519 4
      vertex -2.86119 6.21793 0.599999
      vertex -3.26713 6.519 0.599999
    endloop
  endfacet
  facet normal -0.514088 0.857737 0
    outer loop
      vertex 2.86119 6.21793 0.599999
      vertex 2.42769 5.95811 4
      vertex 2.86119 6.21793 4
    endloop
  endfacet
  facet normal -0.514088 0.857737 0
    outer loop
      vertex 2.42769 5.95811 4
      vertex 2.86119 6.21793 0.599999
      vertex 2.42769 5.95811 0.599999
    endloop
  endfacet
  facet normal -0.803203 0.595705 0
    outer loop
      vertex 3.981 7.23287 0.599999
      vertex 4.28207 7.63881 4
      vertex 4.28207 7.63881 0.599999
    endloop
  endfacet
  facet normal -0.803203 0.595705 0
    outer loop
      vertex 4.28207 7.63881 4
      vertex 3.981 7.23287 0.599999
      vertex 3.981 7.23287 4
    endloop
  endfacet
  facet normal -0.146815 -0.989164 0
    outer loop
      vertex 0.504787 15.6252 0.599999
      vertex 1.00471 15.551 8.8
      vertex 0.504787 15.6252 8.8
    endloop
  endfacet
  facet normal -0.146815 -0.989164 -0
    outer loop
      vertex 1.00471 15.551 8.8
      vertex 0.504787 15.6252 0.599999
      vertex 1.00471 15.551 0.599999
    endloop
  endfacet
  facet normal 0.595743 -0.803175 0
    outer loop
      vertex -3.26713 14.481 0.599999
      vertex -2.86119 14.7821 4
      vertex -3.26713 14.481 4
    endloop
  endfacet
  facet normal 0.595743 -0.803175 0
    outer loop
      vertex -2.86119 14.7821 4
      vertex -3.26713 14.481 0.599999
      vertex -2.86119 14.7821 0.599999
    endloop
  endfacet
  facet normal 0.803175 -0.595743 0
    outer loop
      vertex -4.28207 13.3612 4
      vertex -3.981 13.7671 0.599999
      vertex -3.981 13.7671 4
    endloop
  endfacet
  facet normal 0.803175 -0.595743 0
    outer loop
      vertex -3.981 13.7671 0.599999
      vertex -4.28207 13.3612 4
      vertex -4.28207 13.3612 0.599999
    endloop
  endfacet
  facet normal -0.989176 0.146735 0
    outer loop
      vertex 5.05104 9.49528 0.599999
      vertex 5.1252 9.99521 4
      vertex 5.1252 9.99521 0.599999
    endloop
  endfacet
  facet normal -0.989176 0.146735 0
    outer loop
      vertex 5.1252 9.99521 4
      vertex 5.05104 9.49528 0.599999
      vertex 5.05104 9.49528 4
    endloop
  endfacet
  facet normal 0.941534 -0.336918 0
    outer loop
      vertex -4.92824 11.995 4
      vertex -4.75798 12.4708 0.599999
      vertex -4.75798 12.4708 4
    endloop
  endfacet
  facet normal 0.941534 -0.336918 0
    outer loop
      vertex -4.75798 12.4708 0.599999
      vertex -4.92824 11.995 4
      vertex -4.92824 11.995 0.599999
    endloop
  endfacet
  facet normal -0.455289 -0.890344 0
    outer loop
      vertex 1.97082 15.258 8.8
      vertex 1.97258 15.2571 4
      vertex 1.97258 15.2571 8.8
    endloop
  endfacet
  facet normal -0.455289 -0.890344 0
    outer loop
      vertex 1.97082 15.258 0.599999
      vertex 1.97258 15.2571 4
      vertex 1.97082 15.258 8.8
    endloop
  endfacet
  facet normal -0.427472 -0.904028 -1.80219e-05
    outer loop
      vertex 1.97082 15.258 0.599999
      vertex 2.42769 15.0419 4
      vertex 1.97258 15.2571 4
    endloop
  endfacet
  facet normal -0.427582 -0.903977 -0
    outer loop
      vertex 2.42769 15.0419 4
      vertex 1.97082 15.258 0.599999
      vertex 2.42769 15.0419 0.599999
    endloop
  endfacet
  facet normal 0.941545 0.336887 0
    outer loop
      vertex -4.75798 8.52918 4
      vertex -4.92824 9.00503 0.599999
      vertex -4.92824 9.00503 4
    endloop
  endfacet
  facet normal 0.941545 0.336887 0
    outer loop
      vertex -4.92824 9.00503 0.599999
      vertex -4.75798 8.52918 4
      vertex -4.75798 8.52918 0.599999
    endloop
  endfacet
  facet normal -0.970032 0.242978 0
    outer loop
      vertex 4.92824 9.00503 0.599999
      vertex 5.05104 9.49528 4
      vertex 5.05104 9.49528 0.599999
    endloop
  endfacet
  facet normal -0.970032 0.242978 0
    outer loop
      vertex 5.05104 9.49528 4
      vertex 4.92824 9.00503 0.599999
      vertex 4.92824 9.00503 4
    endloop
  endfacet
  facet normal 0.0490704 -0.998795 0
    outer loop
      vertex -0.504787 15.6252 0.599999
      vertex 0 15.65 8.8
      vertex -0.504787 15.6252 8.8
    endloop
  endfacet
  facet normal 0.0490704 -0.998795 0
    outer loop
      vertex 0 15.65 8.8
      vertex -0.504787 15.6252 0.599999
      vertex 0 15.65 0.599999
    endloop
  endfacet
  facet normal -0.671559 -0.740951 0
    outer loop
      vertex 3.26713 14.481 0.599999
      vertex 3.6416 14.1416 4
      vertex 3.26713 14.481 4
    endloop
  endfacet
  facet normal -0.671559 -0.740951 -0
    outer loop
      vertex 3.6416 14.1416 4
      vertex 3.26713 14.481 0.599999
      vertex 3.6416 14.1416 0.599999
    endloop
  endfacet
  facet normal 0.427472 -0.904028 0
    outer loop
      vertex -2.42769 15.0419 4
      vertex -2.42769 15.0419 0.599999
      vertex -1.97258 15.2571 4
    endloop
  endfacet
  facet normal 0.455289 -0.890344 0
    outer loop
      vertex -1.97258 15.2571 4
      vertex -1.97082 15.258 8.8
      vertex -1.97258 15.2571 8.8
    endloop
  endfacet
  facet normal 0.455289 -0.890344 0
    outer loop
      vertex -1.97258 15.2571 4
      vertex -1.97082 15.258 0.599999
      vertex -1.97082 15.258 8.8
    endloop
  endfacet
  facet normal 0.427582 -0.903977 -1.79514e-05
    outer loop
      vertex -1.97082 15.258 0.599999
      vertex -1.97258 15.2571 4
      vertex -2.42769 15.0419 0.599999
    endloop
  endfacet
  facet normal 0.671559 -0.740951 0
    outer loop
      vertex -3.6416 14.1416 0.599999
      vertex -3.26713 14.481 4
      vertex -3.6416 14.1416 4
    endloop
  endfacet
  facet normal 0.671559 -0.740951 0
    outer loop
      vertex -3.26713 14.481 4
      vertex -3.6416 14.1416 0.599999
      vertex -3.26713 14.481 0.599999
    endloop
  endfacet
  facet normal -0.336887 0.941545 0
    outer loop
      vertex 1.97082 5.74202 0.599999
      vertex 1.49497 5.57176 4
      vertex 1.97082 5.74202 4
    endloop
  endfacet
  facet normal -0.336887 0.941545 0
    outer loop
      vertex 1.49497 5.57176 4
      vertex 1.97082 5.74202 0.599999
      vertex 1.49497 5.57176 0.599999
    endloop
  endfacet
  facet normal 0.336781 -0.941583 0
    outer loop
      vertex -1.97082 15.258 0.599999
      vertex -1.49497 15.4282 8.8
      vertex -1.97082 15.258 8.8
    endloop
  endfacet
  facet normal 0.336781 -0.941583 0
    outer loop
      vertex -1.49497 15.4282 8.8
      vertex -1.97082 15.258 0.599999
      vertex -1.49497 15.4282 0.599999
    endloop
  endfacet
  facet normal -0.803175 -0.595743 0
    outer loop
      vertex 4.28207 13.3612 0.599999
      vertex 3.981 13.7671 4
      vertex 3.981 13.7671 0.599999
    endloop
  endfacet
  facet normal -0.803175 -0.595743 0
    outer loop
      vertex 3.981 13.7671 4
      vertex 4.28207 13.3612 0.599999
      vertex 4.28207 13.3612 4
    endloop
  endfacet
  facet normal 0.857737 -0.514088 0
    outer loop
      vertex -4.54189 12.9277 4
      vertex -4.28207 13.3612 0.599999
      vertex -4.28207 13.3612 4
    endloop
  endfacet
  facet normal 0.857737 -0.514088 0
    outer loop
      vertex -4.28207 13.3612 0.599999
      vertex -4.54189 12.9277 4
      vertex -4.54189 12.9277 0.599999
    endloop
  endfacet
  facet normal -0.998795 0.0490702 0
    outer loop
      vertex 5.1252 9.99521 0.599999
      vertex 5.15 10.5 4
      vertex 5.15 10.5 0.599999
    endloop
  endfacet
  facet normal -0.998795 0.0490702 0
    outer loop
      vertex 5.15 10.5 4
      vertex 5.1252 9.99521 0.599999
      vertex 5.1252 9.99521 4
    endloop
  endfacet
  facet normal -0.903984 0.427566 0
    outer loop
      vertex 4.54189 8.07231 0.599999
      vertex 4.75798 8.52918 4
      vertex 4.75798 8.52918 0.599999
    endloop
  endfacet
  facet normal -0.903984 0.427566 0
    outer loop
      vertex 4.75798 8.52918 4
      vertex 4.54189 8.07231 0.599999
      vertex 4.54189 8.07231 4
    endloop
  endfacet
  facet normal 0 0 -1
    outer loop
      vertex 1.50946 15.3258 8.8
      vertex 1.97082 15.258 8.8
      vertex 1.97258 15.2571 8.8
    endloop
  endfacet
  facet normal 0 0 -1
    outer loop
      vertex 1.50946 15.3258 8.8
      vertex 1.49497 15.4282 8.8
      vertex 1.97082 15.258 8.8
    endloop
  endfacet
  facet normal 0 0 -1
    outer loop
      vertex 1.50946 15.3258 8.8
      vertex 1.00471 15.551 8.8
      vertex 1.49497 15.4282 8.8
    endloop
  endfacet
  facet normal 0 0 -1
    outer loop
      vertex 0 15.4 8.8
      vertex 1.00471 15.551 8.8
      vertex 1.50946 15.3258 8.8
    endloop
  endfacet
  facet normal -0 0 -1
    outer loop
      vertex 1.00471 15.551 8.8
      vertex 0 15.4 8.8
      vertex 0.504787 15.6252 8.8
    endloop
  endfacet
  facet normal 0 0 -1
    outer loop
      vertex 0 15.4 8.8
      vertex 0 15.65 8.8
      vertex 0.504787 15.6252 8.8
    endloop
  endfacet
  facet normal 0 0 -1
    outer loop
      vertex 0 15.4 8.8
      vertex -0.504787 15.6252 8.8
      vertex 0 15.65 8.8
    endloop
  endfacet
  facet normal 0 0 -1
    outer loop
      vertex 0 15.4 8.8
      vertex -1.00471 15.551 8.8
      vertex -0.504787 15.6252 8.8
    endloop
  endfacet
  facet normal 0 0 -1
    outer loop
      vertex -1.50946 15.3258 8.8
      vertex -1.00471 15.551 8.8
      vertex 0 15.4 8.8
    endloop
  endfacet
  facet normal 0 0 -1
    outer loop
      vertex -1.00471 15.551 8.8
      vertex -1.50946 15.3258 8.8
      vertex -1.49497 15.4282 8.8
    endloop
  endfacet
  facet normal -0 0 -1
    outer loop
      vertex -1.50946 15.3258 8.8
      vertex -1.97082 15.258 8.8
      vertex -1.49497 15.4282 8.8
    endloop
  endfacet
  facet normal 0 -0 -1
    outer loop
      vertex -1.97082 15.258 8.8
      vertex -1.50946 15.3258 8.8
      vertex -1.97258 15.2571 8.8
    endloop
  endfacet
  facet normal 0.671559 0.740951 -0
    outer loop
      vertex -3.26713 6.519 0.599999
      vertex -3.6416 6.8584 4
      vertex -3.26713 6.519 4
    endloop
  endfacet
  facet normal 0.671559 0.740951 0
    outer loop
      vertex -3.6416 6.8584 4
      vertex -3.26713 6.519 0.599999
      vertex -3.6416 6.8584 0.599999
    endloop
  endfacet
  facet normal -0.595743 -0.803175 0
    outer loop
      vertex 2.86119 14.7821 0.599999
      vertex 3.26713 14.481 4
      vertex 2.86119 14.7821 4
    endloop
  endfacet
  facet normal -0.595743 -0.803175 -0
    outer loop
      vertex 3.26713 14.481 4
      vertex 2.86119 14.7821 0.599999
      vertex 3.26713 14.481 0.599999
    endloop
  endfacet
  facet normal 0.514088 0.857737 -0
    outer loop
      vertex -2.42769 5.95811 0.599999
      vertex -2.86119 6.21793 4
      vertex -2.42769 5.95811 4
    endloop
  endfacet
  facet normal 0.514088 0.857737 0
    outer loop
      vertex -2.86119 6.21793 4
      vertex -2.42769 5.95811 0.599999
      vertex -2.86119 6.21793 0.599999
    endloop
  endfacet
  facet normal -0.514059 -0.857755 0
    outer loop
      vertex 2.42769 15.0419 0.599999
      vertex 2.86119 14.7821 4
      vertex 2.42769 15.0419 4
    endloop
  endfacet
  facet normal -0.514059 -0.857755 -0
    outer loop
      vertex 2.86119 14.7821 4
      vertex 2.42769 15.0419 0.599999
      vertex 2.86119 14.7821 0.599999
    endloop
  endfacet
  facet normal -0.146737 0.989176 0
    outer loop
      vertex 1.00471 5.44896 0.599999
      vertex 0.504787 5.3748 4
      vertex 1.00471 5.44896 4
    endloop
  endfacet
  facet normal -0.146737 0.989176 0
    outer loop
      vertex 0.504787 5.3748 4
      vertex 1.00471 5.44896 0.599999
      vertex 0.504787 5.3748 0.599999
    endloop
  endfacet
  facet normal -0.941534 -0.336918 0
    outer loop
      vertex 4.92824 11.995 0.599999
      vertex 4.75798 12.4708 4
      vertex 4.75798 12.4708 0.599999
    endloop
  endfacet
  facet normal -0.941534 -0.336918 0
    outer loop
      vertex 4.75798 12.4708 4
      vertex 4.92824 11.995 0.599999
      vertex 4.92824 11.995 4
    endloop
  endfacet
  facet normal -0.857737 0.514088 0
    outer loop
      vertex 4.28207 7.63881 0.599999
      vertex 4.54189 8.07231 4
      vertex 4.54189 8.07231 0.599999
    endloop
  endfacet
  facet normal -0.857737 0.514088 0
    outer loop
      vertex 4.54189 8.07231 4
      vertex 4.28207 7.63881 0.599999
      vertex 4.28207 7.63881 4
    endloop
  endfacet
  facet normal 0.998795 0.0490702 0
    outer loop
      vertex -5.1252 9.99521 4
      vertex -5.15 10.5 0.599999
      vertex -5.15 10.5 4
    endloop
  endfacet
  facet normal 0.998795 0.0490702 0
    outer loop
      vertex -5.15 10.5 0.599999
      vertex -5.1252 9.99521 4
      vertex -5.1252 9.99521 0.599999
    endloop
  endfacet
  facet normal -0.941545 0.336887 0
    outer loop
      vertex 4.75798 8.52918 0.599999
      vertex 4.92824 9.00503 4
      vertex 4.92824 9.00503 0.599999
    endloop
  endfacet
  facet normal -0.941545 0.336887 0
    outer loop
      vertex 4.92824 9.00503 4
      vertex 4.75798 8.52918 0.599999
      vertex 4.75798 8.52918 4
    endloop
  endfacet
  facet normal -0.740978 -0.67153 0
    outer loop
      vertex 3.981 13.7671 0.599999
      vertex 3.6416 14.1416 4
      vertex 3.6416 14.1416 0.599999
    endloop
  endfacet
  facet normal -0.740978 -0.67153 0
    outer loop
      vertex 3.6416 14.1416 4
      vertex 3.981 13.7671 0.599999
      vertex 3.981 13.7671 4
    endloop
  endfacet
  facet normal -0.0490704 -0.998795 0
    outer loop
      vertex 0 15.65 0.599999
      vertex 0.504787 15.6252 8.8
      vertex 0 15.65 8.8
    endloop
  endfacet
  facet normal -0.0490704 -0.998795 -0
    outer loop
      vertex 0.504787 15.6252 8.8
      vertex 0 15.65 0.599999
      vertex 0.504787 15.6252 0.599999
    endloop
  endfacet
  facet normal -0.903995 -0.427543 0
    outer loop
      vertex 4.75798 12.4708 0.599999
      vertex 4.54189 12.9277 4
      vertex 4.54189 12.9277 0.599999
    endloop
  endfacet
  facet normal -0.903995 -0.427543 0
    outer loop
      vertex 4.54189 12.9277 4
      vertex 4.75798 12.4708 0.599999
      vertex 4.75798 12.4708 4
    endloop
  endfacet
  facet normal 0.146737 0.989176 -0
    outer loop
      vertex -0.504787 5.3748 0.599999
      vertex -1.00471 5.44896 4
      vertex -0.504787 5.3748 4
    endloop
  endfacet
  facet normal 0.146737 0.989176 0
    outer loop
      vertex -1.00471 5.44896 4
      vertex -0.504787 5.3748 0.599999
      vertex -1.00471 5.44896 0.599999
    endloop
  endfacet
  facet normal -0.671559 0.740951 0
    outer loop
      vertex 3.6416 6.8584 0.599999
      vertex 3.26713 6.519 4
      vertex 3.6416 6.8584 4
    endloop
  endfacet
  facet normal -0.671559 0.740951 0
    outer loop
      vertex 3.26713 6.519 4
      vertex 3.6416 6.8584 0.599999
      vertex 3.26713 6.519 0.599999
    endloop
  endfacet
  facet normal -0.857737 -0.514088 0
    outer loop
      vertex 4.54189 12.9277 0.599999
      vertex 4.28207 13.3612 4
      vertex 4.28207 13.3612 0.599999
    endloop
  endfacet
  facet normal -0.857737 -0.514088 0
    outer loop
      vertex 4.28207 13.3612 4
      vertex 4.54189 12.9277 0.599999
      vertex 4.54189 12.9277 4
    endloop
  endfacet
  facet normal 0.0490704 0.998795 -0
    outer loop
      vertex 0 5.35 0.599999
      vertex -0.504787 5.3748 4
      vertex 0 5.35 4
    endloop
  endfacet
  facet normal 0.0490704 0.998795 0
    outer loop
      vertex -0.504787 5.3748 4
      vertex 0 5.35 0.599999
      vertex -0.504787 5.3748 0.599999
    endloop
  endfacet
  facet normal 0.740978 -0.67153 0
    outer loop
      vertex -3.981 13.7671 4
      vertex -3.6416 14.1416 0.599999
      vertex -3.6416 14.1416 4
    endloop
  endfacet
  facet normal 0.740978 -0.67153 0
    outer loop
      vertex -3.6416 14.1416 0.599999
      vertex -3.981 13.7671 4
      vertex -3.981 13.7671 0.599999
    endloop
  endfacet
  facet normal 0.146815 -0.989164 0
    outer loop
      vertex -1.00471 15.551 0.599999
      vertex -0.504787 15.6252 8.8
      vertex -1.00471 15.551 8.8
    endloop
  endfacet
  facet normal 0.146815 -0.989164 0
    outer loop
      vertex -0.504787 15.6252 8.8
      vertex -1.00471 15.551 0.599999
      vertex -0.504787 15.6252 0.599999
    endloop
  endfacet
  facet normal 0.903995 -0.427543 0
    outer loop
      vertex -4.75798 12.4708 4
      vertex -4.54189 12.9277 0.599999
      vertex -4.54189 12.9277 4
    endloop
  endfacet
  facet normal 0.903995 -0.427543 0
    outer loop
      vertex -4.54189 12.9277 0.599999
      vertex -4.75798 12.4708 4
      vertex -4.75798 12.4708 0.599999
    endloop
  endfacet
  facet normal 0.970038 -0.242955 0
    outer loop
      vertex -5.05104 11.5047 4
      vertex -4.92824 11.995 0.599999
      vertex -4.92824 11.995 4
    endloop
  endfacet
  facet normal 0.970038 -0.242955 0
    outer loop
      vertex -4.92824 11.995 0.599999
      vertex -5.05104 11.5047 4
      vertex -5.05104 11.5047 0.599999
    endloop
  endfacet
  facet normal -0.242973 -0.970033 0
    outer loop
      vertex 1.00471 15.551 0.599999
      vertex 1.49497 15.4282 8.8
      vertex 1.00471 15.551 8.8
    endloop
  endfacet
  facet normal -0.242973 -0.970033 -0
    outer loop
      vertex 1.49497 15.4282 8.8
      vertex 1.00471 15.551 0.599999
      vertex 1.49497 15.4282 0.599999
    endloop
  endfacet
  facet normal 0.970032 0.242978 0
    outer loop
      vertex -4.92824 9.00503 4
      vertex -5.05104 9.49528 0.599999
      vertex -5.05104 9.49528 4
    endloop
  endfacet
  facet normal 0.970032 0.242978 0
    outer loop
      vertex -5.05104 9.49528 0.599999
      vertex -4.92824 9.00503 4
      vertex -4.92824 9.00503 0.599999
    endloop
  endfacet
  facet normal 0.427566 0.903984 -0
    outer loop
      vertex -1.97082 5.74202 0.599999
      vertex -2.42769 5.95811 4
      vertex -1.97082 5.74202 4
    endloop
  endfacet
  facet normal 0.427566 0.903984 0
    outer loop
      vertex -2.42769 5.95811 4
      vertex -1.97082 5.74202 0.599999
      vertex -2.42769 5.95811 0.599999
    endloop
  endfacet
  facet normal 0.740951 0.671559 0
    outer loop
      vertex -3.6416 6.8584 4
      vertex -3.981 7.23287 0.599999
      vertex -3.981 7.23287 4
    endloop
  endfacet
  facet normal 0.740951 0.671559 0
    outer loop
      vertex -3.981 7.23287 0.599999
      vertex -3.6416 6.8584 4
      vertex -3.6416 6.8584 0.599999
    endloop
  endfacet
  facet normal -0.427566 0.903984 0
    outer loop
      vertex 2.42769 5.95811 0.599999
      vertex 1.97082 5.74202 4
      vertex 2.42769 5.95811 4
    endloop
  endfacet
  facet normal -0.427566 0.903984 0
    outer loop
      vertex 1.97082 5.74202 4
      vertex 2.42769 5.95811 0.599999
      vertex 1.97082 5.74202 0.599999
    endloop
  endfacet
  facet normal -0.0490704 0.998795 0
    outer loop
      vertex 0.504787 5.3748 0.599999
      vertex 0 5.35 4
      vertex 0.504787 5.3748 4
    endloop
  endfacet
  facet normal -0.0490704 0.998795 0
    outer loop
      vertex 0 5.35 4
      vertex 0.504787 5.3748 0.599999
      vertex 0 5.35 0.599999
    endloop
  endfacet
  facet normal 0.989176 0.146735 0
    outer loop
      vertex -5.05104 9.49528 4
      vertex -5.1252 9.99521 0.599999
      vertex -5.1252 9.99521 4
    endloop
  endfacet
  facet normal 0.989176 0.146735 0
    outer loop
      vertex -5.1252 9.99521 0.599999
      vertex -5.05104 9.49528 4
      vertex -5.05104 9.49528 0.599999
    endloop
  endfacet
  facet normal -0.595705 0.803203 0
    outer loop
      vertex 3.26713 6.519 0.599999
      vertex 2.86119 6.21793 4
      vertex 3.26713 6.519 4
    endloop
  endfacet
  facet normal -0.595705 0.803203 0
    outer loop
      vertex 2.86119 6.21793 4
      vertex 3.26713 6.519 0.599999
      vertex 2.86119 6.21793 0.599999
    endloop
  endfacet
  facet normal 0 0 1
    outer loop
      vertex 5.1252 11.0048 0.599999
      vertex 5.1252 9.99521 0.599999
      vertex 5.15 10.5 0.599999
    endloop
  endfacet
  facet normal 0 0 1
    outer loop
      vertex 5.05104 11.5047 0.599999
      vertex 5.1252 9.99521 0.599999
      vertex 5.1252 11.0048 0.599999
    endloop
  endfacet
  facet normal 0 0 1
    outer loop
      vertex 5.05104 11.5047 0.599999
      vertex 5.05104 9.49528 0.599999
      vertex 5.1252 9.99521 0.599999
    endloop
  endfacet
  facet normal 0 0 1
    outer loop
      vertex 4.92824 11.995 0.599999
      vertex 5.05104 9.49528 0.599999
      vertex 5.05104 11.5047 0.599999
    endloop
  endfacet
  facet normal 0 0 1
    outer loop
      vertex 4.92824 11.995 0.599999
      vertex 4.92824 9.00503 0.599999
      vertex 5.05104 9.49528 0.599999
    endloop
  endfacet
  facet normal 0 0 1
    outer loop
      vertex 4.75798 12.4708 0.599999
      vertex 4.92824 9.00503 0.599999
      vertex 4.92824 11.995 0.599999
    endloop
  endfacet
  facet normal 0 0 1
    outer loop
      vertex 4.75798 12.4708 0.599999
      vertex 4.75798 8.52918 0.599999
      vertex 4.92824 9.00503 0.599999
    endloop
  endfacet
  facet normal 0 0 1
    outer loop
      vertex 4.54189 12.9277 0.599999
      vertex 4.75798 8.52918 0.599999
      vertex 4.75798 12.4708 0.599999
    endloop
  endfacet
  facet normal 0 0 1
    outer loop
      vertex 4.54189 12.9277 0.599999
      vertex 4.54189 8.07231 0.599999
      vertex 4.75798 8.52918 0.599999
    endloop
  endfacet
  facet normal 0 0 1
    outer loop
      vertex 4.28207 13.3612 0.599999
      vertex 4.54189 8.07231 0.599999
      vertex 4.54189 12.9277 0.599999
    endloop
  endfacet
  facet normal 0 0 1
    outer loop
      vertex 4.28207 13.3612 0.599999
      vertex 4.28207 7.63881 0.599999
      vertex 4.54189 8.07231 0.599999
    endloop
  endfacet
  facet normal 0 0 1
    outer loop
      vertex 3.981 13.7671 0.599999
      vertex 4.28207 7.63881 0.599999
      vertex 4.28207 13.3612 0.599999
    endloop
  endfacet
  facet normal 0 0 1
    outer loop
      vertex 3.981 13.7671 0.599999
      vertex 3.981 7.23287 0.599999
      vertex 4.28207 7.63881 0.599999
    endloop
  endfacet
  facet normal 0 0 1
    outer loop
      vertex 3.6416 14.1416 0.599999
      vertex 3.981 7.23287 0.599999
      vertex 3.981 13.7671 0.599999
    endloop
  endfacet
  facet normal 0 0 1
    outer loop
      vertex 3.6416 14.1416 0.599999
      vertex 3.6416 6.8584 0.599999
      vertex 3.981 7.23287 0.599999
    endloop
  endfacet
  facet normal 0 0 1
    outer loop
      vertex 3.26713 14.481 0.599999
      vertex 3.6416 6.8584 0.599999
      vertex 3.6416 14.1416 0.599999
    endloop
  endfacet
  facet normal 0 0 1
    outer loop
      vertex 3.26713 14.481 0.599999
      vertex 3.26713 6.519 0.599999
      vertex 3.6416 6.8584 0.599999
    endloop
  endfacet
  facet normal 0 0 1
    outer loop
      vertex 2.86119 14.7821 0.599999
      vertex 3.26713 6.519 0.599999
      vertex 3.26713 14.481 0.599999
    endloop
  endfacet
  facet normal 0 0 1
    outer loop
      vertex 2.86119 14.7821 0.599999
      vertex 2.86119 6.21793 0.599999
      vertex 3.26713 6.519 0.599999
    endloop
  endfacet
  facet normal 0 0 1
    outer loop
      vertex 2.42769 15.0419 0.599999
      vertex 2.86119 6.21793 0.599999
      vertex 2.86119 14.7821 0.599999
    endloop
  endfacet
  facet normal 0 0 1
    outer loop
      vertex 2.42769 15.0419 0.599999
      vertex 2.42769 5.95811 0.599999
      vertex 2.86119 6.21793 0.599999
    endloop
  endfacet
  facet normal 0 0 1
    outer loop
      vertex 1.97082 15.258 0.599999
      vertex 2.42769 5.95811 0.599999
      vertex 2.42769 15.0419 0.599999
    endloop
  endfacet
  facet normal 0 0 1
    outer loop
      vertex 1.97082 15.258 0.599999
      vertex 1.97082 5.74202 0.599999
      vertex 2.42769 5.95811 0.599999
    endloop
  endfacet
  facet normal 0 0 1
    outer loop
      vertex 1.49497 15.4282 0.599999
      vertex 1.97082 5.74202 0.599999
      vertex 1.97082 15.258 0.599999
    endloop
  endfacet
  facet normal 0 0 1
    outer loop
      vertex 1.49497 15.4282 0.599999
      vertex 1.49497 5.57176 0.599999
      vertex 1.97082 5.74202 0.599999
    endloop
  endfacet
  facet normal 0 0 1
    outer loop
      vertex 1.00471 15.551 0.599999
      vertex 1.49497 5.57176 0.599999
      vertex 1.49497 15.4282 0.599999
    endloop
  endfacet
  facet normal 0 0 1
    outer loop
      vertex 1.00471 15.551 0.599999
      vertex 1.00471 5.44896 0.599999
      vertex 1.49497 5.57176 0.599999
    endloop
  endfacet
  facet normal 0 0 1
    outer loop
      vertex 0.504787 15.6252 0.599999
      vertex 1.00471 5.44896 0.599999
      vertex 1.00471 15.551 0.599999
    endloop
  endfacet
  facet normal 0 0 1
    outer loop
      vertex 0.504787 15.6252 0.599999
      vertex 0.504787 5.3748 0.599999
      vertex 1.00471 5.44896 0.599999
    endloop
  endfacet
  facet normal 0 0 1
    outer loop
      vertex 0 15.65 0.599999
      vertex 0.504787 5.3748 0.599999
      vertex 0.504787 15.6252 0.599999
    endloop
  endfacet
  facet normal 0 0 1
    outer loop
      vertex 0 15.65 0.599999
      vertex 0 5.35 0.599999
      vertex 0.504787 5.3748 0.599999
    endloop
  endfacet
  facet normal -0 0 1
    outer loop
      vertex -0.504787 15.6252 0.599999
      vertex 0 5.35 0.599999
      vertex 0 15.65 0.599999
    endloop
  endfacet
  facet normal 0 0 1
    outer loop
      vertex -0.504787 15.6252 0.599999
      vertex -0.504787 5.3748 0.599999
      vertex 0 5.35 0.599999
    endloop
  endfacet
  facet normal -0 0 1
    outer loop
      vertex -1.00471 15.551 0.599999
      vertex -0.504787 5.3748 0.599999
      vertex -0.504787 15.6252 0.599999
    endloop
  endfacet
  facet normal 0 0 1
    outer loop
      vertex -1.00471 15.551 0.599999
      vertex -1.00471 5.44896 0.599999
      vertex -0.504787 5.3748 0.599999
    endloop
  endfacet
  facet normal -0 0 1
    outer loop
      vertex -1.49497 15.4282 0.599999
      vertex -1.00471 5.44896 0.599999
      vertex -1.00471 15.551 0.599999
    endloop
  endfacet
  facet normal 0 0 1
    outer loop
      vertex -1.49497 15.4282 0.599999
      vertex -1.49497 5.57176 0.599999
      vertex -1.00471 5.44896 0.599999
    endloop
  endfacet
  facet normal -0 0 1
    outer loop
      vertex -1.97082 15.258 0.599999
      vertex -1.49497 5.57176 0.599999
      vertex -1.49497 15.4282 0.599999
    endloop
  endfacet
  facet normal 0 0 1
    outer loop
      vertex -1.97082 15.258 0.599999
      vertex -1.97082 5.74202 0.599999
      vertex -1.49497 5.57176 0.599999
    endloop
  endfacet
  facet normal -0 0 1
    outer loop
      vertex -2.42769 15.0419 0.599999
      vertex -1.97082 5.74202 0.599999
      vertex -1.97082 15.258 0.599999
    endloop
  endfacet
  facet normal 0 0 1
    outer loop
      vertex -2.42769 15.0419 0.599999
      vertex -2.42769 5.95811 0.599999
      vertex -1.97082 5.74202 0.599999
    endloop
  endfacet
  facet normal -0 0 1
    outer loop
      vertex -2.86119 14.7821 0.599999
      vertex -2.42769 5.95811 0.599999
      vertex -2.42769 15.0419 0.599999
    endloop
  endfacet
  facet normal 0 0 1
    outer loop
      vertex -2.86119 14.7821 0.599999
      vertex -2.86119 6.21793 0.599999
      vertex -2.42769 5.95811 0.599999
    endloop
  endfacet
  facet normal -0 0 1
    outer loop
      vertex -3.26713 14.481 0.599999
      vertex -2.86119 6.21793 0.599999
      vertex -2.86119 14.7821 0.599999
    endloop
  endfacet
  facet normal 0 0 1
    outer loop
      vertex -3.26713 14.481 0.599999
      vertex -3.26713 6.519 0.599999
      vertex -2.86119 6.21793 0.599999
    endloop
  endfacet
  facet normal -0 0 1
    outer loop
      vertex -3.6416 14.1416 0.599999
      vertex -3.26713 6.519 0.599999
      vertex -3.26713 14.481 0.599999
    endloop
  endfacet
  facet normal 0 0 1
    outer loop
      vertex -3.6416 14.1416 0.599999
      vertex -3.6416 6.8584 0.599999
      vertex -3.26713 6.519 0.599999
    endloop
  endfacet
  facet normal -0 0 1
    outer loop
      vertex -3.981 13.7671 0.599999
      vertex -3.6416 6.8584 0.599999
      vertex -3.6416 14.1416 0.599999
    endloop
  endfacet
  facet normal 0 0 1
    outer loop
      vertex -3.981 13.7671 0.599999
      vertex -3.981 7.23287 0.599999
      vertex -3.6416 6.8584 0.599999
    endloop
  endfacet
  facet normal -0 0 1
    outer loop
      vertex -4.28207 13.3612 0.599999
      vertex -3.981 7.23287 0.599999
      vertex -3.981 13.7671 0.599999
    endloop
  endfacet
  facet normal 0 0 1
    outer loop
      vertex -4.28207 13.3612 0.599999
      vertex -4.28207 7.63881 0.599999
      vertex -3.981 7.23287 0.599999
    endloop
  endfacet
  facet normal -0 0 1
    outer loop
      vertex -4.54189 12.9277 0.599999
      vertex -4.28207 7.63881 0.599999
      vertex -4.28207 13.3612 0.599999
    endloop
  endfacet
  facet normal 0 0 1
    outer loop
      vertex -4.54189 12.9277 0.599999
      vertex -4.54189 8.07231 0.599999
      vertex -4.28207 7.63881 0.599999
    endloop
  endfacet
  facet normal -0 0 1
    outer loop
      vertex -4.75798 12.4708 0.599999
      vertex -4.54189 8.07231 0.599999
      vertex -4.54189 12.9277 0.599999
    endloop
  endfacet
  facet normal 0 0 1
    outer loop
      vertex -4.75798 12.4708 0.599999
      vertex -4.75798 8.52918 0.599999
      vertex -4.54189 8.07231 0.599999
    endloop
  endfacet
  facet normal -0 0 1
    outer loop
      vertex -4.92824 11.995 0.599999
      vertex -4.75798 8.52918 0.599999
      vertex -4.75798 12.4708 0.599999
    endloop
  endfacet
  facet normal 0 0 1
    outer loop
      vertex -4.92824 11.995 0.599999
      vertex -4.92824 9.00503 0.599999
      vertex -4.75798 8.52918 0.599999
    endloop
  endfacet
  facet normal -0 0 1
    outer loop
      vertex -5.05104 11.5047 0.599999
      vertex -4.92824 9.00503 0.599999
      vertex -4.92824 11.995 0.599999
    endloop
  endfacet
  facet normal 0 0 1
    outer loop
      vertex -5.05104 11.5047 0.599999
      vertex -5.05104 9.49528 0.599999
      vertex -4.92824 9.00503 0.599999
    endloop
  endfacet
  facet normal -0 0 1
    outer loop
      vertex -5.1252 11.0048 0.599999
      vertex -5.05104 9.49528 0.599999
      vertex -5.05104 11.5047 0.599999
    endloop
  endfacet
  facet normal 0 0 1
    outer loop
      vertex -5.1252 11.0048 0.599999
      vertex -5.1252 9.99521 0.599999
      vertex -5.05104 9.49528 0.599999
    endloop
  endfacet
  facet normal 0 -0 1
    outer loop
      vertex -5.1252 9.99521 0.599999
      vertex -5.1252 11.0048 0.599999
      vertex -5.15 10.5 0.599999
    endloop
  endfacet
  facet normal 0.803203 0.595705 0
    outer loop
      vertex -3.981 7.23287 4
      vertex -4.28207 7.63881 0.599999
      vertex -4.28207 7.63881 4
    endloop
  endfacet
  facet normal 0.803203 0.595705 0
    outer loop
      vertex -4.28207 7.63881 0.599999
      vertex -3.981 7.23287 4
      vertex -3.981 7.23287 0.599999
    endloop
  endfacet
  facet normal 0.998795 -0.0490692 0
    outer loop
      vertex -5.15 10.5 4
      vertex -5.1252 11.0048 0.599999
      vertex -5.1252 11.0048 4
    endloop
  endfacet
  facet normal 0.998795 -0.0490692 0
    outer loop
      vertex -5.1252 11.0048 0.599999
      vertex -5.15 10.5 4
      vertex -5.15 10.5 0.599999
    endloop
  endfacet
  facet normal -0.740951 0.671559 0
    outer loop
      vertex 3.6416 6.8584 0.599999
      vertex 3.981 7.23287 4
      vertex 3.981 7.23287 0.599999
    endloop
  endfacet
  facet normal -0.740951 0.671559 0
    outer loop
      vertex 3.981 7.23287 4
      vertex 3.6416 6.8584 0.599999
      vertex 3.6416 6.8584 4
    endloop
  endfacet
  facet normal 0.130517 -0.991446 0
    outer loop
      vertex -3.50235 2.36678 0
      vertex -3.25 2.4 2.19
      vertex -3.50235 2.36678 2.19
    endloop
  endfacet
  facet normal 0.130517 -0.991446 0
    outer loop
      vertex -3.25 2.4 2.19
      vertex -3.50235 2.36678 0
      vertex -3.25 2.4 0
    endloop
  endfacet
  facet normal 0.608746 -0.793365 0
    outer loop
      vertex -3.93943 2.11443 0
      vertex -3.7375 2.26937 2.19
      vertex -3.93943 2.11443 2.19
    endloop
  endfacet
  facet normal 0.608746 -0.793365 0
    outer loop
      vertex -3.7375 2.26937 2.19
      vertex -3.93943 2.11443 0
      vertex -3.7375 2.26937 0
    endloop
  endfacet
  facet normal 0.923869 0.382709 0
    outer loop
      vertex -4.09437 0.9375 2.19
      vertex -4.19178 1.17265 0
      vertex -4.19178 1.17265 2.19
    endloop
  endfacet
  facet normal 0.923869 0.382709 0
    outer loop
      vertex -4.19178 1.17265 0
      vertex -4.09437 0.9375 2.19
      vertex -4.09437 0.9375 0
    endloop
  endfacet
  facet normal 0.793365 -0.608746 0
    outer loop
      vertex -4.09437 1.9125 2.19
      vertex -3.93943 2.11443 0
      vertex -3.93943 2.11443 2.19
    endloop
  endfacet
  facet normal 0.793365 -0.608746 0
    outer loop
      vertex -3.93943 2.11443 0
      vertex -4.09437 1.9125 2.19
      vertex -4.09437 1.9125 0
    endloop
  endfacet
  facet normal -0.894428 -0.447213 0
    outer loop
      vertex 0 -2.89875 0
      vertex -2.40562 1.9125 2.19
      vertex -2.40562 1.9125 0
    endloop
  endfacet
  facet normal -0.894428 -0.447213 0
    outer loop
      vertex -2.40562 1.9125 2.19
      vertex 0 -2.89875 0
      vertex 0 -2.89875 2.19
    endloop
  endfacet
  facet normal 0.991446 0.130517 0
    outer loop
      vertex -4.19178 1.17265 2.19
      vertex -4.225 1.425 0
      vertex -4.225 1.425 2.19
    endloop
  endfacet
  facet normal 0.991446 0.130517 0
    outer loop
      vertex -4.225 1.425 0
      vertex -4.19178 1.17265 2.19
      vertex -4.19178 1.17265 0
    endloop
  endfacet
  facet normal 0.382709 -0.923869 0
    outer loop
      vertex -3.7375 2.26937 0
      vertex -3.50235 2.36678 2.19
      vertex -3.7375 2.26937 2.19
    endloop
  endfacet
  facet normal 0.382709 -0.923869 0
    outer loop
      vertex -3.50235 2.36678 2.19
      vertex -3.7375 2.26937 0
      vertex -3.50235 2.36678 0
    endloop
  endfacet
  facet normal 0.130518 0.991446 -0
    outer loop
      vertex 0 -6.05 0
      vertex -0.252348 -6.01678 0.599999
      vertex 0 -6.05 0.599999
    endloop
  endfacet
  facet normal 0.130518 0.991446 0
    outer loop
      vertex -0.252348 -6.01678 0.599999
      vertex 0 -6.05 0
      vertex -0.252348 -6.01678 0
    endloop
  endfacet
  facet normal 0.894427 0.447213 -0
    outer loop
      vertex -0.908298 -5.43465 0.599999
      vertex -4.09437 0.9375 2.19
      vertex -0.908298 -5.43465 2.19
    endloop
  endfacet
  facet normal 0.894427 0.447213 0
    outer loop
      vertex -4.09437 0.9375 2.19
      vertex -0.908298 -5.43465 0.599999
      vertex -4.09437 0.9375 0
    endloop
  endfacet
  facet normal 0.894433 0.447202 -0
    outer loop
      vertex -0.844375 -5.5625 0
      vertex -0.908298 -5.43465 0.599999
      vertex -0.844375 -5.5625 0.599999
    endloop
  endfacet
  facet normal 0.894427 0.447213 -2.83482e-06
    outer loop
      vertex -0.908298 -5.43465 0.599999
      vertex -0.844375 -5.5625 0
      vertex -4.09437 0.9375 0
    endloop
  endfacet
  facet normal -0.382708 0.923869 0
    outer loop
      vertex 0.487499 -5.91937 0
      vertex 0.252348 -6.01678 0.599999
      vertex 0.487499 -5.91937 0.599999
    endloop
  endfacet
  facet normal -0.382708 0.923869 0
    outer loop
      vertex 0.252348 -6.01678 0.599999
      vertex 0.487499 -5.91937 0
      vertex 0.252348 -6.01678 0
    endloop
  endfacet
  facet normal -0.793352 0.608763 0
    outer loop
      vertex 0.689428 -5.76443 0
      vertex 0.844375 -5.5625 0.599999
      vertex 0.844375 -5.5625 0
    endloop
  endfacet
  facet normal -0.793352 0.608763 0
    outer loop
      vertex 0.844375 -5.5625 0.599999
      vertex 0.689428 -5.76443 0
      vertex 0.689428 -5.76443 0.599999
    endloop
  endfacet
  facet normal 0.923869 -0.382709 0
    outer loop
      vertex -4.19178 1.67735 2.19
      vertex -4.09437 1.9125 0
      vertex -4.09437 1.9125 2.19
    endloop
  endfacet
  facet normal 0.923869 -0.382709 0
    outer loop
      vertex -4.09437 1.9125 0
      vertex -4.19178 1.67735 2.19
      vertex -4.19178 1.67735 0
    endloop
  endfacet
  facet normal 0 0 -1
    outer loop
      vertex 4.19178 1.17265 2.19
      vertex 4.19178 1.67735 2.19
      vertex 4.225 1.425 2.19
    endloop
  endfacet
  facet normal 0 0 -1
    outer loop
      vertex 4.09437 0.9375 2.19
      vertex 4.19178 1.67735 2.19
      vertex 4.19178 1.17265 2.19
    endloop
  endfacet
  facet normal 0 0 -1
    outer loop
      vertex 4.09437 0.9375 2.19
      vertex 4.09437 1.9125 2.19
      vertex 4.19178 1.67735 2.19
    endloop
  endfacet
  facet normal 0 0 -1
    outer loop
      vertex 4.09437 0.9375 2.19
      vertex 3.93943 2.11443 2.19
      vertex 4.09437 1.9125 2.19
    endloop
  endfacet
  facet normal 0 0 -1
    outer loop
      vertex 4.09437 0.9375 2.19
      vertex 3.7375 2.26937 2.19
      vertex 3.93943 2.11443 2.19
    endloop
  endfacet
  facet normal 0 0 -1
    outer loop
      vertex 4.09437 0.9375 2.19
      vertex 3.50235 2.36678 2.19
      vertex 3.7375 2.26937 2.19
    endloop
  endfacet
  facet normal 0 0 -1
    outer loop
      vertex 4.09437 0.9375 2.19
      vertex 3.25 2.4 2.19
      vertex 3.50235 2.36678 2.19
    endloop
  endfacet
  facet normal 0 0 -1
    outer loop
      vertex 4.09437 0.9375 2.19
      vertex 2.99765 2.36678 2.19
      vertex 3.25 2.4 2.19
    endloop
  endfacet
  facet normal 0 0 -1
    outer loop
      vertex 4.09437 0.9375 2.19
      vertex 2.7625 2.26937 2.19
      vertex 2.99765 2.36678 2.19
    endloop
  endfacet
  facet normal 0 0 -1
    outer loop
      vertex 4.09437 0.9375 2.19
      vertex 2.56057 2.11443 2.19
      vertex 2.7625 2.26937 2.19
    endloop
  endfacet
  facet normal 0 0 -1
    outer loop
      vertex 4.09437 0.9375 2.19
      vertex 2.40562 1.9125 2.19
      vertex 2.56057 2.11443 2.19
    endloop
  endfacet
  facet normal 0 0 -1
    outer loop
      vertex 0 -2.89875 2.19
      vertex 4.09437 0.9375 2.19
      vertex 0.908298 -5.43465 2.19
    endloop
  endfacet
  facet normal 0 0 -1
    outer loop
      vertex 0 -2.89875 2.19
      vertex 0.908298 -5.43465 2.19
      vertex 0.504787 -5.3748 2.19
    endloop
  endfacet
  facet normal 0 0 -1
    outer loop
      vertex 0 -2.89875 2.19
      vertex 0.504787 -5.3748 2.19
      vertex 0 -5.35 2.19
    endloop
  endfacet
  facet normal -0 0 -1
    outer loop
      vertex 4.09437 0.9375 2.19
      vertex 0 -2.89875 2.19
      vertex 2.40562 1.9125 2.19
    endloop
  endfacet
  facet normal 0 0 -1
    outer loop
      vertex -0.504787 -5.3748 2.19
      vertex 0 -2.89875 2.19
      vertex 0 -5.35 2.19
    endloop
  endfacet
  facet normal 0 0 -1
    outer loop
      vertex -0.908298 -5.43465 2.19
      vertex 0 -2.89875 2.19
      vertex -0.504787 -5.3748 2.19
    endloop
  endfacet
  facet normal 0 0 -1
    outer loop
      vertex -4.09437 0.9375 2.19
      vertex 0 -2.89875 2.19
      vertex -0.908298 -5.43465 2.19
    endloop
  endfacet
  facet normal 0 0 -1
    outer loop
      vertex 0 -2.89875 2.19
      vertex -4.09437 0.9375 2.19
      vertex -2.40562 1.9125 2.19
    endloop
  endfacet
  facet normal -0 0 -1
    outer loop
      vertex -2.40562 1.9125 2.19
      vertex -4.09437 0.9375 2.19
      vertex -2.56057 2.11443 2.19
    endloop
  endfacet
  facet normal -0 0 -1
    outer loop
      vertex -2.56057 2.11443 2.19
      vertex -4.09437 0.9375 2.19
      vertex -2.7625 2.26937 2.19
    endloop
  endfacet
  facet normal -0 0 -1
    outer loop
      vertex -2.7625 2.26937 2.19
      vertex -4.09437 0.9375 2.19
      vertex -2.99765 2.36678 2.19
    endloop
  endfacet
  facet normal -0 0 -1
    outer loop
      vertex -2.99765 2.36678 2.19
      vertex -4.09437 0.9375 2.19
      vertex -3.25 2.4 2.19
    endloop
  endfacet
  facet normal 0 0 -1
    outer loop
      vertex -3.25 2.4 2.19
      vertex -4.09437 0.9375 2.19
      vertex -3.50235 2.36678 2.19
    endloop
  endfacet
  facet normal 0 0 -1
    outer loop
      vertex -3.50235 2.36678 2.19
      vertex -4.09437 0.9375 2.19
      vertex -3.7375 2.26937 2.19
    endloop
  endfacet
  facet normal 0 0 -1
    outer loop
      vertex -3.7375 2.26937 2.19
      vertex -4.09437 0.9375 2.19
      vertex -3.93943 2.11443 2.19
    endloop
  endfacet
  facet normal 0 0 -1
    outer loop
      vertex -4.09437 0.9375 2.19
      vertex -4.09437 1.9125 2.19
      vertex -3.93943 2.11443 2.19
    endloop
  endfacet
  facet normal 0 0 -1
    outer loop
      vertex -4.19178 1.17265 2.19
      vertex -4.09437 1.9125 2.19
      vertex -4.09437 0.9375 2.19
    endloop
  endfacet
  facet normal 0 0 -1
    outer loop
      vertex -4.19178 1.17265 2.19
      vertex -4.19178 1.67735 2.19
      vertex -4.09437 1.9125 2.19
    endloop
  endfacet
  facet normal 0 -0 -1
    outer loop
      vertex -4.19178 1.67735 2.19
      vertex -4.19178 1.17265 2.19
      vertex -4.225 1.425 2.19
    endloop
  endfacet
  facet normal 0.793352 0.608763 0
    outer loop
      vertex -0.689428 -5.76443 0.599999
      vertex -0.844375 -5.5625 0
      vertex -0.844375 -5.5625 0.599999
    endloop
  endfacet
  facet normal 0.793352 0.608763 0
    outer loop
      vertex -0.844375 -5.5625 0
      vertex -0.689428 -5.76443 0.599999
      vertex -0.689428 -5.76443 0
    endloop
  endfacet
  facet normal 0.382708 0.923869 -0
    outer loop
      vertex -0.252348 -6.01678 0
      vertex -0.487499 -5.91937 0.599999
      vertex -0.252348 -6.01678 0.599999
    endloop
  endfacet
  facet normal 0.382708 0.923869 0
    outer loop
      vertex -0.487499 -5.91937 0.599999
      vertex -0.252348 -6.01678 0
      vertex -0.487499 -5.91937 0
    endloop
  endfacet
  facet normal -0.608748 0.793364 0
    outer loop
      vertex 0.689428 -5.76443 0
      vertex 0.487499 -5.91937 0.599999
      vertex 0.689428 -5.76443 0.599999
    endloop
  endfacet
  facet normal -0.608748 0.793364 0
    outer loop
      vertex 0.487499 -5.91937 0.599999
      vertex 0.689428 -5.76443 0
      vertex 0.487499 -5.91937 0
    endloop
  endfacet
  facet normal -0.130518 0.991446 0
    outer loop
      vertex 0.252348 -6.01678 0
      vertex 0 -6.05 0.599999
      vertex 0.252348 -6.01678 0.599999
    endloop
  endfacet
  facet normal -0.130518 0.991446 0
    outer loop
      vertex 0 -6.05 0.599999
      vertex 0.252348 -6.01678 0
      vertex 0 -6.05 0
    endloop
  endfacet
  facet normal -0.382709 -0.923869 0
    outer loop
      vertex -2.99765 2.36678 0
      vertex -2.7625 2.26937 2.19
      vertex -2.99765 2.36678 2.19
    endloop
  endfacet
  facet normal -0.382709 -0.923869 -0
    outer loop
      vertex -2.7625 2.26937 2.19
      vertex -2.99765 2.36678 0
      vertex -2.7625 2.26937 0
    endloop
  endfacet
  facet normal 0.608748 0.793364 -0
    outer loop
      vertex -0.487499 -5.91937 0
      vertex -0.689428 -5.76443 0.599999
      vertex -0.487499 -5.91937 0.599999
    endloop
  endfacet
  facet normal 0.608748 0.793364 0
    outer loop
      vertex -0.689428 -5.76443 0.599999
      vertex -0.487499 -5.91937 0
      vertex -0.689428 -5.76443 0
    endloop
  endfacet
  facet normal -0.608746 -0.793365 0
    outer loop
      vertex -2.7625 2.26937 0
      vertex -2.56057 2.11443 2.19
      vertex -2.7625 2.26937 2.19
    endloop
  endfacet
  facet normal -0.608746 -0.793365 -0
    outer loop
      vertex -2.56057 2.11443 2.19
      vertex -2.7625 2.26937 0
      vertex -2.56057 2.11443 0
    endloop
  endfacet
  facet normal 0.991446 -0.130517 0
    outer loop
      vertex -4.225 1.425 2.19
      vertex -4.19178 1.67735 0
      vertex -4.19178 1.67735 2.19
    endloop
  endfacet
  facet normal 0.991446 -0.130517 0
    outer loop
      vertex -4.19178 1.67735 0
      vertex -4.225 1.425 2.19
      vertex -4.225 1.425 0
    endloop
  endfacet
  facet normal -0.793346 -0.60877 0
    outer loop
      vertex -2.40562 1.9125 0
      vertex -2.56057 2.11443 2.19
      vertex -2.56057 2.11443 0
    endloop
  endfacet
  facet normal -0.793346 -0.60877 0
    outer loop
      vertex -2.56057 2.11443 2.19
      vertex -2.40562 1.9125 0
      vertex -2.40562 1.9125 2.19
    endloop
  endfacet
  facet normal -0.130517 -0.991446 0
    outer loop
      vertex -3.25 2.4 0
      vertex -2.99765 2.36678 2.19
      vertex -3.25 2.4 2.19
    endloop
  endfacet
  facet normal -0.130517 -0.991446 -0
    outer loop
      vertex -2.99765 2.36678 2.19
      vertex -3.25 2.4 0
      vertex -2.99765 2.36678 0
    endloop
  endfacet
  facet normal -0.382709 -0.923869 0
    outer loop
      vertex 3.50235 2.36678 0
      vertex 3.7375 2.26937 2.19
      vertex 3.50235 2.36678 2.19
    endloop
  endfacet
  facet normal -0.382709 -0.923869 -0
    outer loop
      vertex 3.7375 2.26937 2.19
      vertex 3.50235 2.36678 0
      vertex 3.7375 2.26937 0
    endloop
  endfacet
  facet normal -0.608746 -0.793365 0
    outer loop
      vertex 3.7375 2.26937 0
      vertex 3.93943 2.11443 2.19
      vertex 3.7375 2.26937 2.19
    endloop
  endfacet
  facet normal -0.608746 -0.793365 -0
    outer loop
      vertex 3.93943 2.11443 2.19
      vertex 3.7375 2.26937 0
      vertex 3.93943 2.11443 0
    endloop
  endfacet
  facet normal -0.793365 -0.608746 0
    outer loop
      vertex 4.09437 1.9125 0
      vertex 3.93943 2.11443 2.19
      vertex 3.93943 2.11443 0
    endloop
  endfacet
  facet normal -0.793365 -0.608746 0
    outer loop
      vertex 3.93943 2.11443 2.19
      vertex 4.09437 1.9125 0
      vertex 4.09437 1.9125 2.19
    endloop
  endfacet
  facet normal 0.793346 -0.60877 0
    outer loop
      vertex 2.40562 1.9125 2.19
      vertex 2.56057 2.11443 0
      vertex 2.56057 2.11443 2.19
    endloop
  endfacet
  facet normal 0.793346 -0.60877 0
    outer loop
      vertex 2.56057 2.11443 0
      vertex 2.40562 1.9125 2.19
      vertex 2.40562 1.9125 0
    endloop
  endfacet
  facet normal -0.991446 -0.130517 0
    outer loop
      vertex 4.225 1.425 0
      vertex 4.19178 1.67735 2.19
      vertex 4.19178 1.67735 0
    endloop
  endfacet
  facet normal -0.991446 -0.130517 0
    outer loop
      vertex 4.19178 1.67735 2.19
      vertex 4.225 1.425 0
      vertex 4.225 1.425 2.19
    endloop
  endfacet
  facet normal -0.923869 -0.382709 0
    outer loop
      vertex 4.19178 1.67735 0
      vertex 4.09437 1.9125 2.19
      vertex 4.09437 1.9125 0
    endloop
  endfacet
  facet normal -0.923869 -0.382709 0
    outer loop
      vertex 4.09437 1.9125 2.19
      vertex 4.19178 1.67735 0
      vertex 4.19178 1.67735 2.19
    endloop
  endfacet
  facet normal -0.894427 0.447213 0
    outer loop
      vertex 4.09437 0.9375 0
      vertex 0.908298 -5.43465 0.599999
      vertex 4.09437 0.9375 2.19
    endloop
  endfacet
  facet normal -0.894427 0.447213 -2.83482e-06
    outer loop
      vertex 0.844375 -5.5625 0
      vertex 0.908298 -5.43465 0.599999
      vertex 4.09437 0.9375 0
    endloop
  endfacet
  facet normal -0.894433 0.447202 0
    outer loop
      vertex 0.908298 -5.43465 0.599999
      vertex 0.844375 -5.5625 0
      vertex 0.844375 -5.5625 0.599999
    endloop
  endfacet
  facet normal -0.894427 0.447213 0
    outer loop
      vertex 4.09437 0.9375 2.19
      vertex 0.908298 -5.43465 0.599999
      vertex 0.908298 -5.43465 2.19
    endloop
  endfacet
  facet normal -0.130517 -0.991446 0
    outer loop
      vertex 3.25 2.4 0
      vertex 3.50235 2.36678 2.19
      vertex 3.25 2.4 2.19
    endloop
  endfacet
  facet normal -0.130517 -0.991446 -0
    outer loop
      vertex 3.50235 2.36678 2.19
      vertex 3.25 2.4 0
      vertex 3.50235 2.36678 0
    endloop
  endfacet
  facet normal 0.608746 -0.793365 0
    outer loop
      vertex 2.56057 2.11443 0
      vertex 2.7625 2.26937 2.19
      vertex 2.56057 2.11443 2.19
    endloop
  endfacet
  facet normal 0.608746 -0.793365 0
    outer loop
      vertex 2.7625 2.26937 2.19
      vertex 2.56057 2.11443 0
      vertex 2.7625 2.26937 0
    endloop
  endfacet
  facet normal -0.923869 0.382709 0
    outer loop
      vertex 4.09437 0.9375 0
      vertex 4.19178 1.17265 2.19
      vertex 4.19178 1.17265 0
    endloop
  endfacet
  facet normal -0.923869 0.382709 0
    outer loop
      vertex 4.19178 1.17265 2.19
      vertex 4.09437 0.9375 0
      vertex 4.09437 0.9375 2.19
    endloop
  endfacet
  facet normal 0.894428 -0.447213 0
    outer loop
      vertex 0 -2.89875 2.19
      vertex 2.40562 1.9125 0
      vertex 2.40562 1.9125 2.19
    endloop
  endfacet
  facet normal 0.894428 -0.447213 0
    outer loop
      vertex 2.40562 1.9125 0
      vertex 0 -2.89875 2.19
      vertex 0 -2.89875 0
    endloop
  endfacet
  facet normal -0.991446 0.130517 0
    outer loop
      vertex 4.19178 1.17265 0
      vertex 4.225 1.425 2.19
      vertex 4.225 1.425 0
    endloop
  endfacet
  facet normal -0.991446 0.130517 0
    outer loop
      vertex 4.225 1.425 2.19
      vertex 4.19178 1.17265 0
      vertex 4.19178 1.17265 2.19
    endloop
  endfacet
  facet normal 0.382709 -0.923869 0
    outer loop
      vertex 2.7625 2.26937 0
      vertex 2.99765 2.36678 2.19
      vertex 2.7625 2.26937 2.19
    endloop
  endfacet
  facet normal 0.382709 -0.923869 0
    outer loop
      vertex 2.99765 2.36678 2.19
      vertex 2.7625 2.26937 0
      vertex 2.99765 2.36678 0
    endloop
  endfacet
  facet normal 0.130517 -0.991446 0
    outer loop
      vertex 2.99765 2.36678 0
      vertex 3.25 2.4 2.19
      vertex 2.99765 2.36678 2.19
    endloop
  endfacet
  facet normal 0.130517 -0.991446 0
    outer loop
      vertex 3.25 2.4 2.19
      vertex 2.99765 2.36678 0
      vertex 3.25 2.4 0
    endloop
  endfacet
  facet normal 0.857723 -0.514112 0
    outer loop
      vertex 14.135 -9.44469 16
      vertex 14.9927 -8.01374 0
      vertex 14.9927 -8.01374 16
    endloop
  endfacet
  facet normal 0.857723 -0.514112 0
    outer loop
      vertex 14.9927 -8.01374 0
      vertex 14.135 -9.44469 16
      vertex 14.135 -9.44469 0
    endloop
  endfacet
  facet normal 0 0 -1
    outer loop
      vertex -5.78893 0.754234 0
      vertex -4.19178 1.17265 0
      vertex -5.72179 0.612293 0
    endloop
  endfacet
  facet normal -0 0 -1
    outer loop
      vertex -4.19178 1.17265 0
      vertex -5.78893 0.754234 0
      vertex -4.225 1.425 0
    endloop
  endfacet
  facet normal 0 0 -1
    outer loop
      vertex -5.86965 0.888912 0
      vertex -4.225 1.425 0
      vertex -5.78893 0.754234 0
    endloop
  endfacet
  facet normal 0 0 -1
    outer loop
      vertex -5.96318 1.01503 0
      vertex -4.225 1.425 0
      vertex -5.86965 0.888912 0
    endloop
  endfacet
  facet normal -0 0 -1
    outer loop
      vertex -4.225 1.425 0
      vertex -5.96318 1.01503 0
      vertex -4.19178 1.67735 0
    endloop
  endfacet
  facet normal 0 0 -1
    outer loop
      vertex -6.06863 1.13137 0
      vertex -4.19178 1.67735 0
      vertex -5.96318 1.01503 0
    endloop
  endfacet
  facet normal 0 0 -1
    outer loop
      vertex -6.18497 1.23682 0
      vertex -4.19178 1.67735 0
      vertex -6.06863 1.13137 0
    endloop
  endfacet
  facet normal -0 0 -1
    outer loop
      vertex -4.19178 1.67735 0
      vertex -6.18497 1.23682 0
      vertex -4.09437 1.9125 0
    endloop
  endfacet
  facet normal 0 0 -1
    outer loop
      vertex -6.31109 1.33035 0
      vertex -4.09437 1.9125 0
      vertex -6.18497 1.23682 0
    endloop
  endfacet
  facet normal 0 0 -1
    outer loop
      vertex -6.44576 1.41107 0
      vertex -4.09437 1.9125 0
      vertex -6.31109 1.33035 0
    endloop
  endfacet
  facet normal 0 0 -1
    outer loop
      vertex -6.58771 1.47821 0
      vertex -4.09437 1.9125 0
      vertex -6.44576 1.41107 0
    endloop
  endfacet
  facet normal 0 0 -1
    outer loop
      vertex -4.09437 1.9125 0
      vertex -6.50562 15.706 0
      vertex -4.93484 16.268 0
    endloop
  endfacet
  facet normal 0 0 -1
    outer loop
      vertex -6.73554 1.5311 0
      vertex -4.09437 1.9125 0
      vertex -6.58771 1.47821 0
    endloop
  endfacet
  facet normal 0 0 -1
    outer loop
      vertex -6.88785 1.56926 0
      vertex -4.09437 1.9125 0
      vertex -6.73554 1.5311 0
    endloop
  endfacet
  facet normal 0 0 -1
    outer loop
      vertex -7.04317 1.59229 0
      vertex -4.09437 1.9125 0
      vertex -6.88785 1.56926 0
    endloop
  endfacet
  facet normal 0 0 -1
    outer loop
      vertex -10.7847 13.1412 0
      vertex -4.09437 1.9125 0
      vertex -7.04317 1.59229 0
    endloop
  endfacet
  facet normal 0 0 -1
    outer loop
      vertex -10.7847 13.1412 0
      vertex -7.04317 1.59229 0
      vertex -7.2 1.6 0
    endloop
  endfacet
  facet normal 0 0 -1
    outer loop
      vertex -12.0208 12.0208 0
      vertex -7.2 1.6 0
      vertex -7.35683 1.59229 0
    endloop
  endfacet
  facet normal 0 0 -1
    outer loop
      vertex -13.1412 10.7847 0
      vertex -7.35683 1.59229 0
      vertex -7.51214 1.56926 0
    endloop
  endfacet
  facet normal 0 0 -1
    outer loop
      vertex -13.1412 10.7847 0
      vertex -7.51214 1.56926 0
      vertex -7.66446 1.5311 0
    endloop
  endfacet
  facet normal 0 0 -1
    outer loop
      vertex -14.135 9.44469 0
      vertex -7.66446 1.5311 0
      vertex -7.81229 1.47821 0
    endloop
  endfacet
  facet normal 0 0 -1
    outer loop
      vertex -14.135 9.44469 0
      vertex -7.81229 1.47821 0
      vertex -7.95423 1.41107 0
    endloop
  endfacet
  facet normal 0 0 -1
    outer loop
      vertex -4.09437 1.9125 0
      vertex -8.01374 14.9927 0
      vertex -6.50562 15.706 0
    endloop
  endfacet
  facet normal 0 0 -1
    outer loop
      vertex -14.9927 8.01374 0
      vertex -7.95423 1.41107 0
      vertex -8.08891 1.33035 0
    endloop
  endfacet
  facet normal 0 0 -1
    outer loop
      vertex -14.9927 8.01374 0
      vertex -8.08891 1.33035 0
      vertex -8.21503 1.23682 0
    endloop
  endfacet
  facet normal 0 0 -1
    outer loop
      vertex -15.706 6.50562 0
      vertex -8.21503 1.23682 0
      vertex -8.33137 1.13137 0
    endloop
  endfacet
  facet normal 0 0 -1
    outer loop
      vertex -16.268 4.93484 0
      vertex -8.33137 1.13137 0
      vertex -8.43682 1.01503 0
    endloop
  endfacet
  facet normal 0 0 -1
    outer loop
      vertex -16.268 4.93484 0
      vertex -8.43682 1.01503 0
      vertex -8.53035 0.888912 0
    endloop
  endfacet
  facet normal 0 0 -1
    outer loop
      vertex -16.268 4.93484 0
      vertex -8.53035 0.888912 0
      vertex -8.61107 0.754234 0
    endloop
  endfacet
  facet normal 0 0 -1
    outer loop
      vertex -16.6733 3.31653 0
      vertex -8.61107 0.754234 0
      vertex -8.67821 0.612293 0
    endloop
  endfacet
  facet normal 0 0 -1
    outer loop
      vertex -16.6733 3.31653 0
      vertex -8.67821 0.612293 0
      vertex -8.7311 0.464455 0
    endloop
  endfacet
  facet normal 0 0 -1
    outer loop
      vertex -16.9181 1.66629 0
      vertex -8.7311 0.464455 0
      vertex -8.76926 0.312144 0
    endloop
  endfacet
  facet normal 0 0 -1
    outer loop
      vertex -16.9181 1.66629 0
      vertex -8.76926 0.312144 0
      vertex -8.7923 0.156827 0
    endloop
  endfacet
  facet normal 0 0 -1
    outer loop
      vertex -4.09437 1.9125 0
      vertex -9.44469 14.135 0
      vertex -8.01374 14.9927 0
    endloop
  endfacet
  facet normal 0 0 -1
    outer loop
      vertex -17 0 0
      vertex -8.7923 0.156827 0
      vertex -8.8 0 0
    endloop
  endfacet
  facet normal -0 0 -1
    outer loop
      vertex -8.43682 -1.01503 0
      vertex -16.268 -4.93484 0
      vertex -8.53035 -0.888912 0
    endloop
  endfacet
  facet normal -0 0 -1
    outer loop
      vertex -8.53035 -0.888912 0
      vertex -16.268 -4.93484 0
      vertex -8.61107 -0.754234 0
    endloop
  endfacet
  facet normal 0 0 -1
    outer loop
      vertex -4.09437 1.9125 0
      vertex -10.7847 13.1412 0
      vertex -9.44469 14.135 0
    endloop
  endfacet
  facet normal 0 0 -1
    outer loop
      vertex -16.6733 -3.31653 0
      vertex -8.61107 -0.754234 0
      vertex -16.268 -4.93484 0
    endloop
  endfacet
  facet normal 0 0 -1
    outer loop
      vertex -7.2 1.6 0
      vertex -12.0208 12.0208 0
      vertex -10.7847 13.1412 0
    endloop
  endfacet
  facet normal -0 0 -1
    outer loop
      vertex -8.61107 -0.754234 0
      vertex -16.6733 -3.31653 0
      vertex -8.67821 -0.612293 0
    endloop
  endfacet
  facet normal 0 0 -1
    outer loop
      vertex -7.35683 1.59229 0
      vertex -13.1412 10.7847 0
      vertex -12.0208 12.0208 0
    endloop
  endfacet
  facet normal -0 0 -1
    outer loop
      vertex -8.67821 -0.612293 0
      vertex -16.6733 -3.31653 0
      vertex -8.7311 -0.464455 0
    endloop
  endfacet
  facet normal 0 0 -1
    outer loop
      vertex -7.66446 1.5311 0
      vertex -14.135 9.44469 0
      vertex -13.1412 10.7847 0
    endloop
  endfacet
  facet normal 0 0 -1
    outer loop
      vertex -16.9181 -1.66629 0
      vertex -8.7311 -0.464455 0
      vertex -16.6733 -3.31653 0
    endloop
  endfacet
  facet normal 0 0 -1
    outer loop
      vertex -7.95423 1.41107 0
      vertex -14.9927 8.01374 0
      vertex -14.135 9.44469 0
    endloop
  endfacet
  facet normal -0 0 -1
    outer loop
      vertex -8.7311 -0.464455 0
      vertex -16.9181 -1.66629 0
      vertex -8.76926 -0.312144 0
    endloop
  endfacet
  facet normal 0 0 -1
    outer loop
      vertex -8.21503 1.23682 0
      vertex -15.706 6.50562 0
      vertex -14.9927 8.01374 0
    endloop
  endfacet
  facet normal -0 0 -1
    outer loop
      vertex -8.76926 -0.312144 0
      vertex -16.9181 -1.66629 0
      vertex -8.7923 -0.156827 0
    endloop
  endfacet
  facet normal 0 0 -1
    outer loop
      vertex -8.33137 1.13137 0
      vertex -16.268 4.93484 0
      vertex -15.706 6.50562 0
    endloop
  endfacet
  facet normal 0 0 -1
    outer loop
      vertex -17 0 0
      vertex -8.7923 -0.156827 0
      vertex -16.9181 -1.66629 0
    endloop
  endfacet
  facet normal 0 0 -1
    outer loop
      vertex -8.61107 0.754234 0
      vertex -16.6733 3.31653 0
      vertex -16.268 4.93484 0
    endloop
  endfacet
  facet normal 0 0 -1
    outer loop
      vertex -8.7923 -0.156827 0
      vertex -17 0 0
      vertex -8.8 0 0
    endloop
  endfacet
  facet normal 0 0 -1
    outer loop
      vertex -8.7311 0.464455 0
      vertex -16.9181 1.66629 0
      vertex -16.6733 3.31653 0
    endloop
  endfacet
  facet normal -0 0 -1
    outer loop
      vertex -8.7923 0.156827 0
      vertex -17 0 0
      vertex -16.9181 1.66629 0
    endloop
  endfacet
  facet normal -0 0 -1
    outer loop
      vertex 10.7847 13.1412 0
      vertex 3.7375 2.26937 0
      vertex 9.44469 14.135 0
    endloop
  endfacet
  facet normal 0 0 -1
    outer loop
      vertex 3.50235 2.36678 0
      vertex 9.44469 14.135 0
      vertex 3.7375 2.26937 0
    endloop
  endfacet
  facet normal -0 0 -1
    outer loop
      vertex 9.44469 14.135 0
      vertex 3.50235 2.36678 0
      vertex 8.01374 14.9927 0
    endloop
  endfacet
  facet normal -0 0 -1
    outer loop
      vertex 8.01374 14.9927 0
      vertex 3.50235 2.36678 0
      vertex 6.50562 15.706 0
    endloop
  endfacet
  facet normal 0 0 -1
    outer loop
      vertex 3.25 2.4 0
      vertex 6.50562 15.706 0
      vertex 3.50235 2.36678 0
    endloop
  endfacet
  facet normal -0 0 -1
    outer loop
      vertex 6.50562 15.706 0
      vertex 3.25 2.4 0
      vertex 4.93484 16.268 0
    endloop
  endfacet
  facet normal -0 0 -1
    outer loop
      vertex 4.93484 16.268 0
      vertex 3.25 2.4 0
      vertex 3.31653 16.6733 0
    endloop
  endfacet
  facet normal 0 0 -1
    outer loop
      vertex 2.99765 2.36678 0
      vertex 3.31653 16.6733 0
      vertex 3.25 2.4 0
    endloop
  endfacet
  facet normal 0 0 -1
    outer loop
      vertex 0 17 0
      vertex 2.99765 2.36678 0
      vertex 2.7625 2.26937 0
    endloop
  endfacet
  facet normal 0 0 -1
    outer loop
      vertex -2.7625 2.26937 0
      vertex 2.7625 2.26937 0
      vertex 2.56057 2.11443 0
    endloop
  endfacet
  facet normal 0 0 -1
    outer loop
      vertex -2.56057 2.11443 0
      vertex 2.56057 2.11443 0
      vertex 2.40562 1.9125 0
    endloop
  endfacet
  facet normal 0 0 -1
    outer loop
      vertex 2.99765 2.36678 0
      vertex 1.66629 16.9181 0
      vertex 3.31653 16.6733 0
    endloop
  endfacet
  facet normal 0 0 -1
    outer loop
      vertex -2.40562 1.9125 0
      vertex 2.40562 1.9125 0
      vertex 0 -2.89875 0
    endloop
  endfacet
  facet normal 0 0 -1
    outer loop
      vertex -2.56057 2.11443 0
      vertex 2.40562 1.9125 0
      vertex -2.40562 1.9125 0
    endloop
  endfacet
  facet normal 0 0 -1
    outer loop
      vertex 2.56057 2.11443 0
      vertex -2.56057 2.11443 0
      vertex -2.7625 2.26937 0
    endloop
  endfacet
  facet normal 0 0 -1
    outer loop
      vertex 2.7625 2.26937 0
      vertex -2.7625 2.26937 0
      vertex 0 17 0
    endloop
  endfacet
  facet normal 0 0 -1
    outer loop
      vertex 2.99765 2.36678 0
      vertex 0 17 0
      vertex 1.66629 16.9181 0
    endloop
  endfacet
  facet normal 0 0 -1
    outer loop
      vertex -2.99765 2.36678 0
      vertex 0 17 0
      vertex -2.7625 2.26937 0
    endloop
  endfacet
  facet normal 0 0 -1
    outer loop
      vertex 0 17 0
      vertex -2.99765 2.36678 0
      vertex -1.66629 16.9181 0
    endloop
  endfacet
  facet normal 0 0 -1
    outer loop
      vertex -3.31653 16.6733 0
      vertex -2.99765 2.36678 0
      vertex -3.25 2.4 0
    endloop
  endfacet
  facet normal 0 0 -1
    outer loop
      vertex -2.99765 2.36678 0
      vertex -3.31653 16.6733 0
      vertex -1.66629 16.9181 0
    endloop
  endfacet
  facet normal 0 0 -1
    outer loop
      vertex -4.93484 16.268 0
      vertex -3.25 2.4 0
      vertex -3.50235 2.36678 0
    endloop
  endfacet
  facet normal 0 0 -1
    outer loop
      vertex -4.93484 16.268 0
      vertex -3.50235 2.36678 0
      vertex -3.7375 2.26937 0
    endloop
  endfacet
  facet normal 0 0 -1
    outer loop
      vertex -4.93484 16.268 0
      vertex -3.7375 2.26937 0
      vertex -3.93943 2.11443 0
    endloop
  endfacet
  facet normal 0 0 -1
    outer loop
      vertex -4.93484 16.268 0
      vertex -3.93943 2.11443 0
      vertex -4.09437 1.9125 0
    endloop
  endfacet
  facet normal -0 0 -1
    outer loop
      vertex -4.09437 0.9375 0
      vertex -5.66889 0.464455 0
      vertex -4.19178 1.17265 0
    endloop
  endfacet
  facet normal 0 0 -1
    outer loop
      vertex -5.66889 0.464455 0
      vertex -4.09437 0.9375 0
      vertex -5.63074 0.312144 0
    endloop
  endfacet
  facet normal 0 0 -1
    outer loop
      vertex -3.25 2.4 0
      vertex -4.93484 16.268 0
      vertex -3.31653 16.6733 0
    endloop
  endfacet
  facet normal 0 -0 -1
    outer loop
      vertex -5.66889 -0.464455 0
      vertex -4.09437 0.9375 0
      vertex -5.72179 -0.612293 0
    endloop
  endfacet
  facet normal 0 0 -1
    outer loop
      vertex -5.72179 0.612293 0
      vertex -4.19178 1.17265 0
      vertex -5.66889 0.464455 0
    endloop
  endfacet
  facet normal 0 0 -1
    outer loop
      vertex -5.63074 0.312144 0
      vertex -4.09437 0.9375 0
      vertex -5.6077 0.156827 0
    endloop
  endfacet
  facet normal 0 0 -1
    outer loop
      vertex -5.6077 0.156827 0
      vertex -4.09437 0.9375 0
      vertex -5.6 0 0
    endloop
  endfacet
  facet normal 0 -0 -1
    outer loop
      vertex -5.6 0 0
      vertex -4.09437 0.9375 0
      vertex -5.6077 -0.156827 0
    endloop
  endfacet
  facet normal 0 -0 -1
    outer loop
      vertex -5.6077 -0.156827 0
      vertex -4.09437 0.9375 0
      vertex -5.63074 -0.312144 0
    endloop
  endfacet
  facet normal 0 -0 -1
    outer loop
      vertex -5.63074 -0.312144 0
      vertex -4.09437 0.9375 0
      vertex -5.66889 -0.464455 0
    endloop
  endfacet
  facet normal 0 0 -1
    outer loop
      vertex -4.93484 -16.268 0
      vertex -5.86965 -0.888912 0
      vertex -5.78893 -0.754234 0
    endloop
  endfacet
  facet normal 0 0 -1
    outer loop
      vertex -4.93484 -16.268 0
      vertex -5.96318 -1.01503 0
      vertex -5.86965 -0.888912 0
    endloop
  endfacet
  facet normal 0 0 -1
    outer loop
      vertex -4.93484 -16.268 0
      vertex -6.06863 -1.13137 0
      vertex -5.96318 -1.01503 0
    endloop
  endfacet
  facet normal 0 0 -1
    outer loop
      vertex -4.93484 -16.268 0
      vertex -6.18497 -1.23682 0
      vertex -6.06863 -1.13137 0
    endloop
  endfacet
  facet normal 0 0 -1
    outer loop
      vertex -4.93484 -16.268 0
      vertex -6.31109 -1.33035 0
      vertex -6.18497 -1.23682 0
    endloop
  endfacet
  facet normal 0 0 -1
    outer loop
      vertex -4.93484 -16.268 0
      vertex -6.44576 -1.41107 0
      vertex -6.31109 -1.33035 0
    endloop
  endfacet
  facet normal 0 0 -1
    outer loop
      vertex -6.50562 -15.706 0
      vertex -6.44576 -1.41107 0
      vertex -4.93484 -16.268 0
    endloop
  endfacet
  facet normal 0 0 -1
    outer loop
      vertex -6.50562 -15.706 0
      vertex -6.58771 -1.47821 0
      vertex -6.44576 -1.41107 0
    endloop
  endfacet
  facet normal 0 0 -1
    outer loop
      vertex -6.50562 -15.706 0
      vertex -6.73554 -1.5311 0
      vertex -6.58771 -1.47821 0
    endloop
  endfacet
  facet normal 0 0 -1
    outer loop
      vertex -8.01374 -14.9927 0
      vertex -6.73554 -1.5311 0
      vertex -6.50562 -15.706 0
    endloop
  endfacet
  facet normal 0 0 -1
    outer loop
      vertex -6.73554 -1.5311 0
      vertex -8.01374 -14.9927 0
      vertex -6.88785 -1.56926 0
    endloop
  endfacet
  facet normal 0 0 -1
    outer loop
      vertex -9.44469 -14.135 0
      vertex -6.88785 -1.56926 0
      vertex -8.01374 -14.9927 0
    endloop
  endfacet
  facet normal 0 0 -1
    outer loop
      vertex -6.88785 -1.56926 0
      vertex -9.44469 -14.135 0
      vertex -7.04317 -1.59229 0
    endloop
  endfacet
  facet normal 0 0 -1
    outer loop
      vertex -10.7847 -13.1412 0
      vertex -7.04317 -1.59229 0
      vertex -9.44469 -14.135 0
    endloop
  endfacet
  facet normal 0 0 -1
    outer loop
      vertex -7.04317 -1.59229 0
      vertex -10.7847 -13.1412 0
      vertex -7.2 -1.6 0
    endloop
  endfacet
  facet normal 0 0 -1
    outer loop
      vertex -12.0208 -12.0208 0
      vertex -7.2 -1.6 0
      vertex -10.7847 -13.1412 0
    endloop
  endfacet
  facet normal -0 0 -1
    outer loop
      vertex -7.2 -1.6 0
      vertex -12.0208 -12.0208 0
      vertex -7.35683 -1.59229 0
    endloop
  endfacet
  facet normal 0 0 -1
    outer loop
      vertex -13.1412 -10.7847 0
      vertex -7.35683 -1.59229 0
      vertex -12.0208 -12.0208 0
    endloop
  endfacet
  facet normal -0 0 -1
    outer loop
      vertex -7.35683 -1.59229 0
      vertex -13.1412 -10.7847 0
      vertex -7.51214 -1.56926 0
    endloop
  endfacet
  facet normal -0 0 -1
    outer loop
      vertex -7.51214 -1.56926 0
      vertex -13.1412 -10.7847 0
      vertex -7.66446 -1.5311 0
    endloop
  endfacet
  facet normal 0 0 -1
    outer loop
      vertex -14.135 -9.44469 0
      vertex -7.66446 -1.5311 0
      vertex -13.1412 -10.7847 0
    endloop
  endfacet
  facet normal -0 0 -1
    outer loop
      vertex -7.66446 -1.5311 0
      vertex -14.135 -9.44469 0
      vertex -7.81229 -1.47821 0
    endloop
  endfacet
  facet normal -0 0 -1
    outer loop
      vertex -7.81229 -1.47821 0
      vertex -14.135 -9.44469 0
      vertex -7.95423 -1.41107 0
    endloop
  endfacet
  facet normal 0 0 -1
    outer loop
      vertex -14.9927 -8.01374 0
      vertex -7.95423 -1.41107 0
      vertex -14.135 -9.44469 0
    endloop
  endfacet
  facet normal -0 0 -1
    outer loop
      vertex -7.95423 -1.41107 0
      vertex -14.9927 -8.01374 0
      vertex -8.08891 -1.33035 0
    endloop
  endfacet
  facet normal -0 0 -1
    outer loop
      vertex -8.08891 -1.33035 0
      vertex -14.9927 -8.01374 0
      vertex -8.21503 -1.23682 0
    endloop
  endfacet
  facet normal 0 0 -1
    outer loop
      vertex -15.706 -6.50562 0
      vertex -8.21503 -1.23682 0
      vertex -14.9927 -8.01374 0
    endloop
  endfacet
  facet normal -0 0 -1
    outer loop
      vertex -8.21503 -1.23682 0
      vertex -15.706 -6.50562 0
      vertex -8.33137 -1.13137 0
    endloop
  endfacet
  facet normal -0 0 -1
    outer loop
      vertex -8.33137 -1.13137 0
      vertex -16.268 -4.93484 0
      vertex -8.43682 -1.01503 0
    endloop
  endfacet
  facet normal 0 0 -1
    outer loop
      vertex -16.268 -4.93484 0
      vertex -8.33137 -1.13137 0
      vertex -15.706 -6.50562 0
    endloop
  endfacet
  facet normal 0 0 -1
    outer loop
      vertex 8.7923 -0.156827 0
      vertex 17 0 0
      vertex 16.9181 -1.66629 0
    endloop
  endfacet
  facet normal 0 0 -1
    outer loop
      vertex 8.7311 -0.464455 0
      vertex 16.9181 -1.66629 0
      vertex 16.6733 -3.31653 0
    endloop
  endfacet
  facet normal -0 0 -1
    outer loop
      vertex 17 0 0
      vertex 8.7923 -0.156827 0
      vertex 8.8 0 0
    endloop
  endfacet
  facet normal 0 0 -1
    outer loop
      vertex 8.61107 -0.754234 0
      vertex 16.6733 -3.31653 0
      vertex 16.268 -4.93484 0
    endloop
  endfacet
  facet normal 0 0 -1
    outer loop
      vertex 8.7923 0.156827 0
      vertex 17 0 0
      vertex 8.8 0 0
    endloop
  endfacet
  facet normal 0 0 -1
    outer loop
      vertex 8.33137 -1.13137 0
      vertex 16.268 -4.93484 0
      vertex 15.706 -6.50562 0
    endloop
  endfacet
  facet normal 0 0 -1
    outer loop
      vertex 17 0 0
      vertex 8.7923 0.156827 0
      vertex 16.9181 1.66629 0
    endloop
  endfacet
  facet normal 0 0 -1
    outer loop
      vertex 8.21503 -1.23682 0
      vertex 15.706 -6.50562 0
      vertex 14.9927 -8.01374 0
    endloop
  endfacet
  facet normal 0 0 -1
    outer loop
      vertex 8.76926 0.312144 0
      vertex 16.9181 1.66629 0
      vertex 8.7923 0.156827 0
    endloop
  endfacet
  facet normal 0 0 -1
    outer loop
      vertex 7.95423 -1.41107 0
      vertex 14.9927 -8.01374 0
      vertex 14.135 -9.44469 0
    endloop
  endfacet
  facet normal 0 0 -1
    outer loop
      vertex 8.7311 0.464455 0
      vertex 16.9181 1.66629 0
      vertex 8.76926 0.312144 0
    endloop
  endfacet
  facet normal 0 0 -1
    outer loop
      vertex 7.66446 -1.5311 0
      vertex 14.135 -9.44469 0
      vertex 13.1412 -10.7847 0
    endloop
  endfacet
  facet normal -0 0 -1
    outer loop
      vertex 16.9181 1.66629 0
      vertex 8.7311 0.464455 0
      vertex 16.6733 3.31653 0
    endloop
  endfacet
  facet normal 0 0 -1
    outer loop
      vertex 7.35683 -1.59229 0
      vertex 13.1412 -10.7847 0
      vertex 12.0208 -12.0208 0
    endloop
  endfacet
  facet normal 0 0 -1
    outer loop
      vertex 8.67821 0.612293 0
      vertex 16.6733 3.31653 0
      vertex 8.7311 0.464455 0
    endloop
  endfacet
  facet normal 0 0 -1
    outer loop
      vertex 7.2 -1.6 0
      vertex 12.0208 -12.0208 0
      vertex 10.7847 -13.1412 0
    endloop
  endfacet
  facet normal 0 0 -1
    outer loop
      vertex 8.61107 0.754234 0
      vertex 16.6733 3.31653 0
      vertex 8.67821 0.612293 0
    endloop
  endfacet
  facet normal 0 0 -1
    outer loop
      vertex 0.844375 -5.5625 0
      vertex 10.7847 -13.1412 0
      vertex 9.44469 -14.135 0
    endloop
  endfacet
  facet normal 0 0 -1
    outer loop
      vertex 8.53035 0.888912 0
      vertex 16.268 4.93484 0
      vertex 8.61107 0.754234 0
    endloop
  endfacet
  facet normal 0 0 -1
    outer loop
      vertex 8.43682 1.01503 0
      vertex 16.268 4.93484 0
      vertex 8.53035 0.888912 0
    endloop
  endfacet
  facet normal -0 0 -1
    outer loop
      vertex 16.6733 3.31653 0
      vertex 8.61107 0.754234 0
      vertex 16.268 4.93484 0
    endloop
  endfacet
  facet normal 0 0 -1
    outer loop
      vertex 16.9181 -1.66629 0
      vertex 8.76926 -0.312144 0
      vertex 8.7923 -0.156827 0
    endloop
  endfacet
  facet normal 0 0 -1
    outer loop
      vertex 16.9181 -1.66629 0
      vertex 8.7311 -0.464455 0
      vertex 8.76926 -0.312144 0
    endloop
  endfacet
  facet normal 0 0 -1
    outer loop
      vertex 16.6733 -3.31653 0
      vertex 8.67821 -0.612293 0
      vertex 8.7311 -0.464455 0
    endloop
  endfacet
  facet normal 0 0 -1
    outer loop
      vertex 16.6733 -3.31653 0
      vertex 8.61107 -0.754234 0
      vertex 8.67821 -0.612293 0
    endloop
  endfacet
  facet normal 0 0 -1
    outer loop
      vertex 16.268 -4.93484 0
      vertex 8.53035 -0.888912 0
      vertex 8.61107 -0.754234 0
    endloop
  endfacet
  facet normal 0 0 -1
    outer loop
      vertex 16.268 -4.93484 0
      vertex 8.43682 -1.01503 0
      vertex 8.53035 -0.888912 0
    endloop
  endfacet
  facet normal 0 0 -1
    outer loop
      vertex 16.268 -4.93484 0
      vertex 8.33137 -1.13137 0
      vertex 8.43682 -1.01503 0
    endloop
  endfacet
  facet normal 0 0 -1
    outer loop
      vertex 15.706 -6.50562 0
      vertex 8.21503 -1.23682 0
      vertex 8.33137 -1.13137 0
    endloop
  endfacet
  facet normal 0 0 -1
    outer loop
      vertex 14.9927 -8.01374 0
      vertex 8.08891 -1.33035 0
      vertex 8.21503 -1.23682 0
    endloop
  endfacet
  facet normal 0 0 -1
    outer loop
      vertex 0.844375 -5.5625 0
      vertex 9.44469 -14.135 0
      vertex 8.01374 -14.9927 0
    endloop
  endfacet
  facet normal 0 0 -1
    outer loop
      vertex 14.9927 -8.01374 0
      vertex 7.95423 -1.41107 0
      vertex 8.08891 -1.33035 0
    endloop
  endfacet
  facet normal 0 0 -1
    outer loop
      vertex 14.135 -9.44469 0
      vertex 7.81229 -1.47821 0
      vertex 7.95423 -1.41107 0
    endloop
  endfacet
  facet normal 0 0 -1
    outer loop
      vertex 14.135 -9.44469 0
      vertex 7.66446 -1.5311 0
      vertex 7.81229 -1.47821 0
    endloop
  endfacet
  facet normal 0 0 -1
    outer loop
      vertex 13.1412 -10.7847 0
      vertex 7.51214 -1.56926 0
      vertex 7.66446 -1.5311 0
    endloop
  endfacet
  facet normal 0 0 -1
    outer loop
      vertex 13.1412 -10.7847 0
      vertex 7.35683 -1.59229 0
      vertex 7.51214 -1.56926 0
    endloop
  endfacet
  facet normal 0 0 -1
    outer loop
      vertex 12.0208 -12.0208 0
      vertex 7.2 -1.6 0
      vertex 7.35683 -1.59229 0
    endloop
  endfacet
  facet normal 0 0 -1
    outer loop
      vertex 10.7847 -13.1412 0
      vertex 0.844375 -5.5625 0
      vertex 7.2 -1.6 0
    endloop
  endfacet
  facet normal -0 0 -1
    outer loop
      vertex 7.2 -1.6 0
      vertex 0.844375 -5.5625 0
      vertex 7.04317 -1.59229 0
    endloop
  endfacet
  facet normal -0 0 -1
    outer loop
      vertex 7.04317 -1.59229 0
      vertex 0.844375 -5.5625 0
      vertex 6.88785 -1.56926 0
    endloop
  endfacet
  facet normal -0 0 -1
    outer loop
      vertex 6.88785 -1.56926 0
      vertex 0.844375 -5.5625 0
      vertex 6.73554 -1.5311 0
    endloop
  endfacet
  facet normal 0 0 -1
    outer loop
      vertex 0.844375 -5.5625 0
      vertex 8.01374 -14.9927 0
      vertex 6.50562 -15.706 0
    endloop
  endfacet
  facet normal -0 0 -1
    outer loop
      vertex 6.73554 -1.5311 0
      vertex 0.844375 -5.5625 0
      vertex 6.58771 -1.47821 0
    endloop
  endfacet
  facet normal -0 0 -1
    outer loop
      vertex 6.58771 -1.47821 0
      vertex 0.844375 -5.5625 0
      vertex 6.44576 -1.41107 0
    endloop
  endfacet
  facet normal -0 0 -1
    outer loop
      vertex 6.44576 -1.41107 0
      vertex 0.844375 -5.5625 0
      vertex 6.31109 -1.33035 0
    endloop
  endfacet
  facet normal -0 0 -1
    outer loop
      vertex 6.31109 -1.33035 0
      vertex 0.844375 -5.5625 0
      vertex 6.18497 -1.23682 0
    endloop
  endfacet
  facet normal -0 0 -1
    outer loop
      vertex 6.18497 -1.23682 0
      vertex 0.844375 -5.5625 0
      vertex 6.06863 -1.13137 0
    endloop
  endfacet
  facet normal -0 0 -1
    outer loop
      vertex 6.06863 -1.13137 0
      vertex 0.844375 -5.5625 0
      vertex 5.96318 -1.01503 0
    endloop
  endfacet
  facet normal -0 0 -1
    outer loop
      vertex 5.96318 -1.01503 0
      vertex 0.844375 -5.5625 0
      vertex 5.86965 -0.888912 0
    endloop
  endfacet
  facet normal -0 0 -1
    outer loop
      vertex 5.86965 -0.888912 0
      vertex 0.844375 -5.5625 0
      vertex 5.78893 -0.754234 0
    endloop
  endfacet
  facet normal 0 -0 -1
    outer loop
      vertex 4.09437 0.9375 0
      vertex 5.78893 -0.754234 0
      vertex 0.844375 -5.5625 0
    endloop
  endfacet
  facet normal 0 0 -1
    outer loop
      vertex 5.78893 -0.754234 0
      vertex 4.09437 0.9375 0
      vertex 5.72179 -0.612293 0
    endloop
  endfacet
  facet normal 0 0 -1
    outer loop
      vertex 5.72179 -0.612293 0
      vertex 4.09437 0.9375 0
      vertex 5.66889 -0.464455 0
    endloop
  endfacet
  facet normal 0 0 -1
    outer loop
      vertex 5.66889 -0.464455 0
      vertex 4.09437 0.9375 0
      vertex 5.63074 -0.312144 0
    endloop
  endfacet
  facet normal 0 0 -1
    outer loop
      vertex 0.844375 -5.5625 0
      vertex 6.50562 -15.706 0
      vertex 4.93484 -16.268 0
    endloop
  endfacet
  facet normal 0 0 -1
    outer loop
      vertex 8.33137 1.13137 0
      vertex 16.268 4.93484 0
      vertex 8.43682 1.01503 0
    endloop
  endfacet
  facet normal -0 0 -1
    outer loop
      vertex 16.268 4.93484 0
      vertex 8.33137 1.13137 0
      vertex 15.706 6.50562 0
    endloop
  endfacet
  facet normal 0 0 -1
    outer loop
      vertex 8.21503 1.23682 0
      vertex 15.706 6.50562 0
      vertex 8.33137 1.13137 0
    endloop
  endfacet
  facet normal -0 0 -1
    outer loop
      vertex 15.706 6.50562 0
      vertex 8.21503 1.23682 0
      vertex 14.9927 8.01374 0
    endloop
  endfacet
  facet normal 0 0 -1
    outer loop
      vertex 8.08891 1.33035 0
      vertex 14.9927 8.01374 0
      vertex 8.21503 1.23682 0
    endloop
  endfacet
  facet normal 0 0 -1
    outer loop
      vertex 7.95423 1.41107 0
      vertex 14.9927 8.01374 0
      vertex 8.08891 1.33035 0
    endloop
  endfacet
  facet normal -0 0 -1
    outer loop
      vertex 14.9927 8.01374 0
      vertex 7.95423 1.41107 0
      vertex 14.135 9.44469 0
    endloop
  endfacet
  facet normal 0 0 -1
    outer loop
      vertex 7.81229 1.47821 0
      vertex 14.135 9.44469 0
      vertex 7.95423 1.41107 0
    endloop
  endfacet
  facet normal 0 0 -1
    outer loop
      vertex 7.66446 1.5311 0
      vertex 14.135 9.44469 0
      vertex 7.81229 1.47821 0
    endloop
  endfacet
  facet normal -0 0 -1
    outer loop
      vertex 14.135 9.44469 0
      vertex 7.66446 1.5311 0
      vertex 13.1412 10.7847 0
    endloop
  endfacet
  facet normal 0 0 -1
    outer loop
      vertex 7.51214 1.56926 0
      vertex 13.1412 10.7847 0
      vertex 7.66446 1.5311 0
    endloop
  endfacet
  facet normal 0 0 -1
    outer loop
      vertex 7.35683 1.59229 0
      vertex 13.1412 10.7847 0
      vertex 7.51214 1.56926 0
    endloop
  endfacet
  facet normal -0 0 -1
    outer loop
      vertex 13.1412 10.7847 0
      vertex 7.35683 1.59229 0
      vertex 12.0208 12.0208 0
    endloop
  endfacet
  facet normal 0 0 -1
    outer loop
      vertex 7.2 1.6 0
      vertex 12.0208 12.0208 0
      vertex 7.35683 1.59229 0
    endloop
  endfacet
  facet normal -0 0 -1
    outer loop
      vertex 12.0208 12.0208 0
      vertex 7.2 1.6 0
      vertex 10.7847 13.1412 0
    endloop
  endfacet
  facet normal 0 0 -1
    outer loop
      vertex 7.04317 1.59229 0
      vertex 10.7847 13.1412 0
      vertex 7.2 1.6 0
    endloop
  endfacet
  facet normal 0 0 -1
    outer loop
      vertex 3.7375 2.26937 0
      vertex 6.88785 1.56926 0
      vertex 3.93943 2.11443 0
    endloop
  endfacet
  facet normal 0 0 -1
    outer loop
      vertex 6.73554 1.5311 0
      vertex 3.93943 2.11443 0
      vertex 6.88785 1.56926 0
    endloop
  endfacet
  facet normal 0 0 -1
    outer loop
      vertex 6.44576 1.41107 0
      vertex 3.93943 2.11443 0
      vertex 6.58771 1.47821 0
    endloop
  endfacet
  facet normal 0 0 -1
    outer loop
      vertex 3.93943 2.11443 0
      vertex 6.44576 1.41107 0
      vertex 4.09437 1.9125 0
    endloop
  endfacet
  facet normal 0 0 -1
    outer loop
      vertex 6.31109 1.33035 0
      vertex 4.09437 1.9125 0
      vertex 6.44576 1.41107 0
    endloop
  endfacet
  facet normal 0 0 -1
    outer loop
      vertex 6.58771 1.47821 0
      vertex 3.93943 2.11443 0
      vertex 6.73554 1.5311 0
    endloop
  endfacet
  facet normal 0 0 -1
    outer loop
      vertex 6.18497 1.23682 0
      vertex 4.09437 1.9125 0
      vertex 6.31109 1.33035 0
    endloop
  endfacet
  facet normal 0 0 -1
    outer loop
      vertex 4.09437 1.9125 0
      vertex 6.18497 1.23682 0
      vertex 4.19178 1.67735 0
    endloop
  endfacet
  facet normal 0 0 -1
    outer loop
      vertex 6.06863 1.13137 0
      vertex 4.19178 1.67735 0
      vertex 6.18497 1.23682 0
    endloop
  endfacet
  facet normal 0 0 -1
    outer loop
      vertex 5.96318 1.01503 0
      vertex 4.19178 1.67735 0
      vertex 6.06863 1.13137 0
    endloop
  endfacet
  facet normal 0 0 -1
    outer loop
      vertex 4.19178 1.67735 0
      vertex 5.96318 1.01503 0
      vertex 4.225 1.425 0
    endloop
  endfacet
  facet normal 0 0 -1
    outer loop
      vertex 4.225 1.425 0
      vertex 5.96318 1.01503 0
      vertex 5.86965 0.888912 0
    endloop
  endfacet
  facet normal 0 0 -1
    outer loop
      vertex 4.225 1.425 0
      vertex 5.86965 0.888912 0
      vertex 5.78893 0.754234 0
    endloop
  endfacet
  facet normal 0 0 -1
    outer loop
      vertex 4.19178 1.17265 0
      vertex 5.78893 0.754234 0
      vertex 5.72179 0.612293 0
    endloop
  endfacet
  facet normal 0 0 -1
    outer loop
      vertex 4.19178 1.17265 0
      vertex 5.72179 0.612293 0
      vertex 5.66889 0.464455 0
    endloop
  endfacet
  facet normal 0 0 -1
    outer loop
      vertex 4.09437 0.9375 0
      vertex 5.66889 0.464455 0
      vertex 5.63074 0.312144 0
    endloop
  endfacet
  facet normal 0 0 -1
    outer loop
      vertex 4.09437 0.9375 0
      vertex 5.63074 0.312144 0
      vertex 5.6077 0.156827 0
    endloop
  endfacet
  facet normal 0 0 -1
    outer loop
      vertex 6.88785 1.56926 0
      vertex 3.7375 2.26937 0
      vertex 7.04317 1.59229 0
    endloop
  endfacet
  facet normal 0 0 -1
    outer loop
      vertex 4.09437 0.9375 0
      vertex 5.6077 0.156827 0
      vertex 5.6 0 0
    endloop
  endfacet
  facet normal 0 0 -1
    outer loop
      vertex 5.63074 -0.312144 0
      vertex 4.09437 0.9375 0
      vertex 5.6077 -0.156827 0
    endloop
  endfacet
  facet normal 0 0 -1
    outer loop
      vertex 7.04317 1.59229 0
      vertex 3.7375 2.26937 0
      vertex 10.7847 13.1412 0
    endloop
  endfacet
  facet normal 0 0 -1
    outer loop
      vertex 5.78893 0.754234 0
      vertex 4.19178 1.17265 0
      vertex 4.225 1.425 0
    endloop
  endfacet
  facet normal 0 0 -1
    outer loop
      vertex 5.66889 0.464455 0
      vertex 4.09437 0.9375 0
      vertex 4.19178 1.17265 0
    endloop
  endfacet
  facet normal 0 0 -1
    outer loop
      vertex 0.487499 -5.91937 0
      vertex 4.93484 -16.268 0
      vertex 3.31653 -16.6733 0
    endloop
  endfacet
  facet normal 0 0 -1
    outer loop
      vertex 0.252348 -6.01678 0
      vertex 3.31653 -16.6733 0
      vertex 1.66629 -16.9181 0
    endloop
  endfacet
  facet normal 0 0 -1
    outer loop
      vertex 5.6077 -0.156827 0
      vertex 4.09437 0.9375 0
      vertex 5.6 0 0
    endloop
  endfacet
  facet normal 0 0 -1
    outer loop
      vertex 4.93484 -16.268 0
      vertex 0.689428 -5.76443 0
      vertex 0.844375 -5.5625 0
    endloop
  endfacet
  facet normal 0 0 -1
    outer loop
      vertex 4.93484 -16.268 0
      vertex 0.487499 -5.91937 0
      vertex 0.689428 -5.76443 0
    endloop
  endfacet
  facet normal 0 0 -1
    outer loop
      vertex 3.31653 -16.6733 0
      vertex 0.252348 -6.01678 0
      vertex 0.487499 -5.91937 0
    endloop
  endfacet
  facet normal 0 0 -1
    outer loop
      vertex 0 -6.05 0
      vertex 1.66629 -16.9181 0
      vertex 0 -17 0
    endloop
  endfacet
  facet normal 0 0 -1
    outer loop
      vertex 1.66629 -16.9181 0
      vertex 0 -6.05 0
      vertex 0.252348 -6.01678 0
    endloop
  endfacet
  facet normal 0 0 -1
    outer loop
      vertex -1.66629 -16.9181 0
      vertex 0 -6.05 0
      vertex 0 -17 0
    endloop
  endfacet
  facet normal -0 0 -1
    outer loop
      vertex 0 -6.05 0
      vertex -1.66629 -16.9181 0
      vertex -0.252348 -6.01678 0
    endloop
  endfacet
  facet normal 0 0 -1
    outer loop
      vertex -3.31653 -16.6733 0
      vertex -0.252348 -6.01678 0
      vertex -1.66629 -16.9181 0
    endloop
  endfacet
  facet normal -0 0 -1
    outer loop
      vertex -0.252348 -6.01678 0
      vertex -3.31653 -16.6733 0
      vertex -0.487499 -5.91937 0
    endloop
  endfacet
  facet normal 0 0 -1
    outer loop
      vertex -4.93484 -16.268 0
      vertex -0.487499 -5.91937 0
      vertex -3.31653 -16.6733 0
    endloop
  endfacet
  facet normal -0 0 -1
    outer loop
      vertex -0.487499 -5.91937 0
      vertex -4.93484 -16.268 0
      vertex -0.689428 -5.76443 0
    endloop
  endfacet
  facet normal -0 0 -1
    outer loop
      vertex -0.689428 -5.76443 0
      vertex -4.93484 -16.268 0
      vertex -0.844375 -5.5625 0
    endloop
  endfacet
  facet normal 0 0 -1
    outer loop
      vertex -5.78893 -0.754234 0
      vertex -0.844375 -5.5625 0
      vertex -4.93484 -16.268 0
    endloop
  endfacet
  facet normal 0 0 -1
    outer loop
      vertex -0.844375 -5.5625 0
      vertex -5.78893 -0.754234 0
      vertex -4.09437 0.9375 0
    endloop
  endfacet
  facet normal 0 -0 -1
    outer loop
      vertex -5.72179 -0.612293 0
      vertex -4.09437 0.9375 0
      vertex -5.78893 -0.754234 0
    endloop
  endfacet
  facet normal 0.989176 0.146736 0
    outer loop
      vertex 16.9181 1.66629 16
      vertex 16.6733 3.31653 0
      vertex 16.6733 3.31653 16
    endloop
  endfacet
  facet normal 0.989176 0.146736 0
    outer loop
      vertex 16.6733 3.31653 0
      vertex 16.9181 1.66629 16
      vertex 16.9181 1.66629 0
    endloop
  endfacet
  facet normal 0.998794 0.0490918 0
    outer loop
      vertex 17 0 16
      vertex 16.9181 1.66629 0
      vertex 16.9181 1.66629 16
    endloop
  endfacet
  facet normal 0.998794 0.0490918 0
    outer loop
      vertex 16.9181 1.66629 0
      vertex 17 0 16
      vertex 17 0 0
    endloop
  endfacet
  facet normal 0.970041 0.242943 0
    outer loop
      vertex 16.6733 3.31653 16
      vertex 16.268 4.93484 0
      vertex 16.268 4.93484 16
    endloop
  endfacet
  facet normal 0.970041 0.242943 0
    outer loop
      vertex 16.268 4.93484 0
      vertex 16.6733 3.31653 16
      vertex 16.6733 3.31653 0
    endloop
  endfacet
  facet normal 0.857723 0.514112 0
    outer loop
      vertex 14.9927 8.01374 16
      vertex 14.135 9.44469 0
      vertex 14.135 9.44469 16
    endloop
  endfacet
  facet normal 0.857723 0.514112 0
    outer loop
      vertex 14.135 9.44469 0
      vertex 14.9927 8.01374 16
      vertex 14.9927 8.01374 0
    endloop
  endfacet
  facet normal -0.970041 -0.242943 0
    outer loop
      vertex -16.268 -4.93484 0
      vertex -16.6733 -3.31653 16
      vertex -16.6733 -3.31653 0
    endloop
  endfacet
  facet normal -0.970041 -0.242943 0
    outer loop
      vertex -16.6733 -3.31653 16
      vertex -16.268 -4.93484 0
      vertex -16.268 -4.93484 16
    endloop
  endfacet
  facet normal -0.427561 0.903986 0
    outer loop
      vertex -6.50562 15.706 0
      vertex -8.01374 14.9927 16
      vertex -6.50562 15.706 16
    endloop
  endfacet
  facet normal -0.427561 0.903986 0
    outer loop
      vertex -8.01374 14.9927 16
      vertex -6.50562 15.706 0
      vertex -8.01374 14.9927 0
    endloop
  endfacet
  facet normal -0.514112 0.857723 0
    outer loop
      vertex -8.01374 14.9927 0
      vertex -9.44469 14.135 16
      vertex -8.01374 14.9927 16
    endloop
  endfacet
  facet normal -0.514112 0.857723 0
    outer loop
      vertex -9.44469 14.135 16
      vertex -8.01374 14.9927 0
      vertex -9.44469 14.135 0
    endloop
  endfacet
  facet normal 0.67158 0.740932 -0
    outer loop
      vertex 12.0208 12.0208 0
      vertex 10.7847 13.1412 16
      vertex 12.0208 12.0208 16
    endloop
  endfacet
  facet normal 0.67158 0.740932 0
    outer loop
      vertex 10.7847 13.1412 16
      vertex 12.0208 12.0208 0
      vertex 10.7847 13.1412 0
    endloop
  endfacet
  facet normal 0.941551 -0.336872 0
    outer loop
      vertex 15.706 -6.50562 16
      vertex 16.268 -4.93484 0
      vertex 16.268 -4.93484 16
    endloop
  endfacet
  facet normal 0.941551 -0.336872 0
    outer loop
      vertex 16.268 -4.93484 0
      vertex 15.706 -6.50562 16
      vertex 15.706 -6.50562 0
    endloop
  endfacet
  facet normal 0.740932 0.67158 0
    outer loop
      vertex 13.1412 10.7847 16
      vertex 12.0208 12.0208 0
      vertex 12.0208 12.0208 16
    endloop
  endfacet
  facet normal 0.740932 0.67158 0
    outer loop
      vertex 12.0208 12.0208 0
      vertex 13.1412 10.7847 16
      vertex 13.1412 10.7847 0
    endloop
  endfacet
  facet normal -0.67158 0.740932 0
    outer loop
      vertex -10.7847 13.1412 0
      vertex -12.0208 12.0208 16
      vertex -10.7847 13.1412 16
    endloop
  endfacet
  facet normal -0.67158 0.740932 0
    outer loop
      vertex -12.0208 12.0208 16
      vertex -10.7847 13.1412 0
      vertex -12.0208 12.0208 0
    endloop
  endfacet
  facet normal 0.514112 0.857723 -0
    outer loop
      vertex 9.44469 14.135 0
      vertex 8.01374 14.9927 16
      vertex 9.44469 14.135 16
    endloop
  endfacet
  facet normal 0.514112 0.857723 0
    outer loop
      vertex 8.01374 14.9927 16
      vertex 9.44469 14.135 0
      vertex 8.01374 14.9927 0
    endloop
  endfacet
  facet normal 0.595692 0.803213 -0
    outer loop
      vertex 10.7847 13.1412 0
      vertex 9.44469 14.135 16
      vertex 10.7847 13.1412 16
    endloop
  endfacet
  facet normal 0.595692 0.803213 0
    outer loop
      vertex 9.44469 14.135 16
      vertex 10.7847 13.1412 0
      vertex 9.44469 14.135 0
    endloop
  endfacet
  facet normal 0.336872 -0.941551 0
    outer loop
      vertex 4.93484 -16.268 0
      vertex 6.50562 -15.706 16
      vertex 4.93484 -16.268 16
    endloop
  endfacet
  facet normal 0.336872 -0.941551 0
    outer loop
      vertex 6.50562 -15.706 16
      vertex 4.93484 -16.268 0
      vertex 6.50562 -15.706 0
    endloop
  endfacet
  facet normal -0.146736 -0.989176 0
    outer loop
      vertex -3.31653 -16.6733 0
      vertex -1.66629 -16.9181 16
      vertex -3.31653 -16.6733 16
    endloop
  endfacet
  facet normal -0.146736 -0.989176 -0
    outer loop
      vertex -1.66629 -16.9181 16
      vertex -3.31653 -16.6733 0
      vertex -1.66629 -16.9181 0
    endloop
  endfacet
  facet normal 0.336872 0.941551 -0
    outer loop
      vertex 6.50562 15.706 0
      vertex 4.93484 16.268 16
      vertex 6.50562 15.706 16
    endloop
  endfacet
  facet normal 0.336872 0.941551 0
    outer loop
      vertex 4.93484 16.268 16
      vertex 6.50562 15.706 0
      vertex 4.93484 16.268 0
    endloop
  endfacet
  facet normal 0.803213 -0.595692 0
    outer loop
      vertex 13.1412 -10.7847 16
      vertex 14.135 -9.44469 0
      vertex 14.135 -9.44469 16
    endloop
  endfacet
  facet normal 0.803213 -0.595692 0
    outer loop
      vertex 14.135 -9.44469 0
      vertex 13.1412 -10.7847 16
      vertex 13.1412 -10.7847 0
    endloop
  endfacet
  facet normal -0.857723 0.514112 0
    outer loop
      vertex -14.9927 8.01374 0
      vertex -14.135 9.44469 16
      vertex -14.135 9.44469 0
    endloop
  endfacet
  facet normal -0.857723 0.514112 0
    outer loop
      vertex -14.135 9.44469 16
      vertex -14.9927 8.01374 0
      vertex -14.9927 8.01374 16
    endloop
  endfacet
  facet normal -0.989176 0.146736 0
    outer loop
      vertex -16.9181 1.66629 0
      vertex -16.6733 3.31653 16
      vertex -16.6733 3.31653 0
    endloop
  endfacet
  facet normal -0.989176 0.146736 0
    outer loop
      vertex -16.6733 3.31653 16
      vertex -16.9181 1.66629 0
      vertex -16.9181 1.66629 16
    endloop
  endfacet
  facet normal 0.998794 -0.0490918 0
    outer loop
      vertex 16.9181 -1.66629 16
      vertex 17 0 0
      vertex 17 0 16
    endloop
  endfacet
  facet normal 0.998794 -0.0490918 0
    outer loop
      vertex 17 0 0
      vertex 16.9181 -1.66629 16
      vertex 16.9181 -1.66629 0
    endloop
  endfacet
  facet normal -0.903986 -0.427561 0
    outer loop
      vertex -14.9927 -8.01374 0
      vertex -15.706 -6.50562 16
      vertex -15.706 -6.50562 0
    endloop
  endfacet
  facet normal -0.903986 -0.427561 0
    outer loop
      vertex -15.706 -6.50562 16
      vertex -14.9927 -8.01374 0
      vertex -14.9927 -8.01374 16
    endloop
  endfacet
  facet normal -0.998794 -0.0490918 0
    outer loop
      vertex -16.9181 -1.66629 0
      vertex -17 0 16
      vertex -17 0 0
    endloop
  endfacet
  facet normal -0.998794 -0.0490918 0
    outer loop
      vertex -17 0 16
      vertex -16.9181 -1.66629 0
      vertex -16.9181 -1.66629 16
    endloop
  endfacet
  facet normal 0.514112 -0.857723 0
    outer loop
      vertex 8.01374 -14.9927 0
      vertex 9.44469 -14.135 16
      vertex 8.01374 -14.9927 16
    endloop
  endfacet
  facet normal 0.514112 -0.857723 0
    outer loop
      vertex 9.44469 -14.135 16
      vertex 8.01374 -14.9927 0
      vertex 9.44469 -14.135 0
    endloop
  endfacet
  facet normal 0.903986 0.427561 0
    outer loop
      vertex 15.706 6.50562 16
      vertex 14.9927 8.01374 0
      vertex 14.9927 8.01374 16
    endloop
  endfacet
  facet normal 0.903986 0.427561 0
    outer loop
      vertex 14.9927 8.01374 0
      vertex 15.706 6.50562 16
      vertex 15.706 6.50562 0
    endloop
  endfacet
  facet normal -0.242697 0.970102 0
    outer loop
      vertex -3.31653 16.6733 12
      vertex -3.31653 16.6733 0
      vertex -3.5 16.6274 12
    endloop
  endfacet
  facet normal -0.242975 0.970033 0
    outer loop
      vertex -3.5 16.6274 12
      vertex -4.93484 16.268 16
      vertex -3.5 16.6274 16
    endloop
  endfacet
  facet normal -0.242943 0.970041 -3.99421e-06
    outer loop
      vertex -4.93484 16.268 0
      vertex -3.5 16.6274 12
      vertex -3.31653 16.6733 0
    endloop
  endfacet
  facet normal -0.242975 0.970033 0
    outer loop
      vertex -3.5 16.6274 12
      vertex -4.93484 16.268 0
      vertex -4.93484 16.268 16
    endloop
  endfacet
  facet normal 0.146736 -0.989176 0
    outer loop
      vertex 1.66629 -16.9181 0
      vertex 3.31653 -16.6733 16
      vertex 1.66629 -16.9181 16
    endloop
  endfacet
  facet normal 0.146736 -0.989176 0
    outer loop
      vertex 3.31653 -16.6733 16
      vertex 1.66629 -16.9181 0
      vertex 3.31653 -16.6733 0
    endloop
  endfacet
  facet normal -0.941551 -0.336872 0
    outer loop
      vertex -15.706 -6.50562 0
      vertex -16.268 -4.93484 16
      vertex -16.268 -4.93484 0
    endloop
  endfacet
  facet normal -0.941551 -0.336872 0
    outer loop
      vertex -16.268 -4.93484 16
      vertex -15.706 -6.50562 0
      vertex -15.706 -6.50562 16
    endloop
  endfacet
  facet normal 0.989176 -0.146736 0
    outer loop
      vertex 16.6733 -3.31653 16
      vertex 16.9181 -1.66629 0
      vertex 16.9181 -1.66629 16
    endloop
  endfacet
  facet normal 0.989176 -0.146736 0
    outer loop
      vertex 16.9181 -1.66629 0
      vertex 16.6733 -3.31653 16
      vertex 16.6733 -3.31653 0
    endloop
  endfacet
  facet normal 0.427561 -0.903986 0
    outer loop
      vertex 6.50562 -15.706 0
      vertex 8.01374 -14.9927 16
      vertex 6.50562 -15.706 16
    endloop
  endfacet
  facet normal 0.427561 -0.903986 0
    outer loop
      vertex 8.01374 -14.9927 16
      vertex 6.50562 -15.706 0
      vertex 8.01374 -14.9927 0
    endloop
  endfacet
  facet normal -0.336872 0.941551 0
    outer loop
      vertex -4.93484 16.268 0
      vertex -6.50562 15.706 16
      vertex -4.93484 16.268 16
    endloop
  endfacet
  facet normal -0.336872 0.941551 0
    outer loop
      vertex -6.50562 15.706 16
      vertex -4.93484 16.268 0
      vertex -6.50562 15.706 0
    endloop
  endfacet
  facet normal -0.427561 -0.903986 0
    outer loop
      vertex -8.01374 -14.9927 0
      vertex -6.50562 -15.706 16
      vertex -8.01374 -14.9927 16
    endloop
  endfacet
  facet normal -0.427561 -0.903986 -0
    outer loop
      vertex -6.50562 -15.706 16
      vertex -8.01374 -14.9927 0
      vertex -6.50562 -15.706 0
    endloop
  endfacet
  facet normal -0.595692 0.803213 0
    outer loop
      vertex -9.44469 14.135 0
      vertex -10.7847 13.1412 16
      vertex -9.44469 14.135 16
    endloop
  endfacet
  facet normal -0.595692 0.803213 0
    outer loop
      vertex -10.7847 13.1412 16
      vertex -9.44469 14.135 0
      vertex -10.7847 13.1412 0
    endloop
  endfacet
  facet normal 0.595692 -0.803213 0
    outer loop
      vertex 9.44469 -14.135 0
      vertex 10.7847 -13.1412 16
      vertex 9.44469 -14.135 16
    endloop
  endfacet
  facet normal 0.595692 -0.803213 0
    outer loop
      vertex 10.7847 -13.1412 16
      vertex 9.44469 -14.135 0
      vertex 10.7847 -13.1412 0
    endloop
  endfacet
  facet normal 0.146736 0.989176 -0
    outer loop
      vertex 3.31653 16.6733 0
      vertex 1.66629 16.9181 12
      vertex 3.31653 16.6733 12
    endloop
  endfacet
  facet normal 0.146736 0.989176 0
    outer loop
      vertex 1.66629 16.9181 12
      vertex 3.31653 16.6733 0
      vertex 1.66629 16.9181 0
    endloop
  endfacet
  facet normal -0.0490918 -0.998794 0
    outer loop
      vertex -1.66629 -16.9181 0
      vertex 0 -17 16
      vertex -1.66629 -16.9181 16
    endloop
  endfacet
  facet normal -0.0490918 -0.998794 -0
    outer loop
      vertex 0 -17 16
      vertex -1.66629 -16.9181 0
      vertex 0 -17 0
    endloop
  endfacet
  facet normal 0.0490918 -0.998794 0
    outer loop
      vertex 0 -17 0
      vertex 1.66629 -16.9181 16
      vertex 0 -17 16
    endloop
  endfacet
  facet normal 0.0490918 -0.998794 0
    outer loop
      vertex 1.66629 -16.9181 16
      vertex 0 -17 0
      vertex 1.66629 -16.9181 0
    endloop
  endfacet
  facet normal -0.941551 0.336872 0
    outer loop
      vertex -16.268 4.93484 0
      vertex -15.706 6.50562 16
      vertex -15.706 6.50562 0
    endloop
  endfacet
  facet normal -0.941551 0.336872 0
    outer loop
      vertex -15.706 6.50562 16
      vertex -16.268 4.93484 0
      vertex -16.268 4.93484 16
    endloop
  endfacet
  facet normal 0.242975 0.970033 0
    outer loop
      vertex 4.93484 16.268 16
      vertex 3.5 16.6274 12
      vertex 3.5 16.6274 16
    endloop
  endfacet
  facet normal 0.242975 0.970033 -0
    outer loop
      vertex 4.93484 16.268 0
      vertex 3.5 16.6274 12
      vertex 4.93484 16.268 16
    endloop
  endfacet
  facet normal 0.242943 0.970041 -3.99421e-06
    outer loop
      vertex 3.31653 16.6733 0
      vertex 3.5 16.6274 12
      vertex 4.93484 16.268 0
    endloop
  endfacet
  facet normal 0.242697 0.970102 0
    outer loop
      vertex 3.5 16.6274 12
      vertex 3.31653 16.6733 0
      vertex 3.31653 16.6733 12
    endloop
  endfacet
  facet normal -0.595692 -0.803213 0
    outer loop
      vertex -10.7847 -13.1412 0
      vertex -9.44469 -14.135 16
      vertex -10.7847 -13.1412 16
    endloop
  endfacet
  facet normal -0.595692 -0.803213 -0
    outer loop
      vertex -9.44469 -14.135 16
      vertex -10.7847 -13.1412 0
      vertex -9.44469 -14.135 0
    endloop
  endfacet
  facet normal -0.970041 0.242943 0
    outer loop
      vertex -16.6733 3.31653 0
      vertex -16.268 4.93484 16
      vertex -16.268 4.93484 0
    endloop
  endfacet
  facet normal -0.970041 0.242943 0
    outer loop
      vertex -16.268 4.93484 16
      vertex -16.6733 3.31653 0
      vertex -16.6733 3.31653 16
    endloop
  endfacet
  facet normal 0.427561 0.903986 -0
    outer loop
      vertex 8.01374 14.9927 0
      vertex 6.50562 15.706 16
      vertex 8.01374 14.9927 16
    endloop
  endfacet
  facet normal 0.427561 0.903986 0
    outer loop
      vertex 6.50562 15.706 16
      vertex 8.01374 14.9927 0
      vertex 6.50562 15.706 0
    endloop
  endfacet
  facet normal -0.803213 0.595692 0
    outer loop
      vertex -14.135 9.44469 0
      vertex -13.1412 10.7847 16
      vertex -13.1412 10.7847 0
    endloop
  endfacet
  facet normal -0.803213 0.595692 0
    outer loop
      vertex -13.1412 10.7847 16
      vertex -14.135 9.44469 0
      vertex -14.135 9.44469 16
    endloop
  endfacet
  facet normal 0.903986 -0.427561 0
    outer loop
      vertex 14.9927 -8.01374 16
      vertex 15.706 -6.50562 0
      vertex 15.706 -6.50562 16
    endloop
  endfacet
  facet normal 0.903986 -0.427561 0
    outer loop
      vertex 15.706 -6.50562 0
      vertex 14.9927 -8.01374 16
      vertex 14.9927 -8.01374 0
    endloop
  endfacet
  facet normal -0.336872 -0.941551 0
    outer loop
      vertex -6.50562 -15.706 0
      vertex -4.93484 -16.268 16
      vertex -6.50562 -15.706 16
    endloop
  endfacet
  facet normal -0.336872 -0.941551 -0
    outer loop
      vertex -4.93484 -16.268 16
      vertex -6.50562 -15.706 0
      vertex -4.93484 -16.268 0
    endloop
  endfacet
  facet normal 0.941551 0.336872 0
    outer loop
      vertex 16.268 4.93484 16
      vertex 15.706 6.50562 0
      vertex 15.706 6.50562 16
    endloop
  endfacet
  facet normal 0.941551 0.336872 0
    outer loop
      vertex 15.706 6.50562 0
      vertex 16.268 4.93484 16
      vertex 16.268 4.93484 0
    endloop
  endfacet
  facet normal -0.803213 -0.595692 0
    outer loop
      vertex -13.1412 -10.7847 0
      vertex -14.135 -9.44469 16
      vertex -14.135 -9.44469 0
    endloop
  endfacet
  facet normal -0.803213 -0.595692 0
    outer loop
      vertex -14.135 -9.44469 16
      vertex -13.1412 -10.7847 0
      vertex -13.1412 -10.7847 16
    endloop
  endfacet
  facet normal 0.0490918 0.998794 -0
    outer loop
      vertex 1.66629 16.9181 0
      vertex 0 17 12
      vertex 1.66629 16.9181 12
    endloop
  endfacet
  facet normal 0.0490918 0.998794 0
    outer loop
      vertex 0 17 12
      vertex 1.66629 16.9181 0
      vertex 0 17 0
    endloop
  endfacet
  facet normal 0.740932 -0.67158 0
    outer loop
      vertex 12.0208 -12.0208 16
      vertex 13.1412 -10.7847 0
      vertex 13.1412 -10.7847 16
    endloop
  endfacet
  facet normal 0.740932 -0.67158 0
    outer loop
      vertex 13.1412 -10.7847 0
      vertex 12.0208 -12.0208 16
      vertex 12.0208 -12.0208 0
    endloop
  endfacet
  facet normal -0.0490918 0.998794 0
    outer loop
      vertex 0 17 0
      vertex -1.66629 16.9181 12
      vertex 0 17 12
    endloop
  endfacet
  facet normal -0.0490918 0.998794 0
    outer loop
      vertex -1.66629 16.9181 12
      vertex 0 17 0
      vertex -1.66629 16.9181 0
    endloop
  endfacet
  facet normal -0.998794 0.0490918 0
    outer loop
      vertex -17 0 0
      vertex -16.9181 1.66629 16
      vertex -16.9181 1.66629 0
    endloop
  endfacet
  facet normal -0.998794 0.0490918 0
    outer loop
      vertex -16.9181 1.66629 16
      vertex -17 0 0
      vertex -17 0 16
    endloop
  endfacet
  facet normal -0.146736 0.989176 0
    outer loop
      vertex -1.66629 16.9181 0
      vertex -3.31653 16.6733 12
      vertex -1.66629 16.9181 12
    endloop
  endfacet
  facet normal -0.146736 0.989176 0
    outer loop
      vertex -3.31653 16.6733 12
      vertex -1.66629 16.9181 0
      vertex -3.31653 16.6733 0
    endloop
  endfacet
  facet normal -0.989176 -0.146736 0
    outer loop
      vertex -16.6733 -3.31653 0
      vertex -16.9181 -1.66629 16
      vertex -16.9181 -1.66629 0
    endloop
  endfacet
  facet normal -0.989176 -0.146736 0
    outer loop
      vertex -16.9181 -1.66629 16
      vertex -16.6733 -3.31653 0
      vertex -16.6733 -3.31653 16
    endloop
  endfacet
  facet normal -0.903986 0.427561 0
    outer loop
      vertex -15.706 6.50562 0
      vertex -14.9927 8.01374 16
      vertex -14.9927 8.01374 0
    endloop
  endfacet
  facet normal -0.903986 0.427561 0
    outer loop
      vertex -14.9927 8.01374 16
      vertex -15.706 6.50562 0
      vertex -15.706 6.50562 16
    endloop
  endfacet
  facet normal 0.242943 -0.970041 0
    outer loop
      vertex 3.31653 -16.6733 0
      vertex 4.93484 -16.268 16
      vertex 3.31653 -16.6733 16
    endloop
  endfacet
  facet normal 0.242943 -0.970041 0
    outer loop
      vertex 4.93484 -16.268 16
      vertex 3.31653 -16.6733 0
      vertex 4.93484 -16.268 0
    endloop
  endfacet
  facet normal 0.803213 0.595692 0
    outer loop
      vertex 14.135 9.44469 16
      vertex 13.1412 10.7847 0
      vertex 13.1412 10.7847 16
    endloop
  endfacet
  facet normal 0.803213 0.595692 0
    outer loop
      vertex 13.1412 10.7847 0
      vertex 14.135 9.44469 16
      vertex 14.135 9.44469 0
    endloop
  endfacet
  facet normal -0.740932 -0.67158 0
    outer loop
      vertex -12.0208 -12.0208 0
      vertex -13.1412 -10.7847 16
      vertex -13.1412 -10.7847 0
    endloop
  endfacet
  facet normal -0.740932 -0.67158 0
    outer loop
      vertex -13.1412 -10.7847 16
      vertex -12.0208 -12.0208 0
      vertex -12.0208 -12.0208 16
    endloop
  endfacet
  facet normal 0.970041 -0.242943 0
    outer loop
      vertex 16.268 -4.93484 16
      vertex 16.6733 -3.31653 0
      vertex 16.6733 -3.31653 16
    endloop
  endfacet
  facet normal 0.970041 -0.242943 0
    outer loop
      vertex 16.6733 -3.31653 0
      vertex 16.268 -4.93484 16
      vertex 16.268 -4.93484 0
    endloop
  endfacet
  facet normal -0.67158 -0.740932 0
    outer loop
      vertex -12.0208 -12.0208 0
      vertex -10.7847 -13.1412 16
      vertex -12.0208 -12.0208 16
    endloop
  endfacet
  facet normal -0.67158 -0.740932 -0
    outer loop
      vertex -10.7847 -13.1412 16
      vertex -12.0208 -12.0208 0
      vertex -10.7847 -13.1412 0
    endloop
  endfacet
  facet normal -0.740932 0.67158 0
    outer loop
      vertex -13.1412 10.7847 0
      vertex -12.0208 12.0208 16
      vertex -12.0208 12.0208 0
    endloop
  endfacet
  facet normal -0.740932 0.67158 0
    outer loop
      vertex -12.0208 12.0208 16
      vertex -13.1412 10.7847 0
      vertex -13.1412 10.7847 16
    endloop
  endfacet
  facet normal -0.514112 -0.857723 0
    outer loop
      vertex -9.44469 -14.135 0
      vertex -8.01374 -14.9927 16
      vertex -9.44469 -14.135 16
    endloop
  endfacet
  facet normal -0.514112 -0.857723 -0
    outer loop
      vertex -8.01374 -14.9927 16
      vertex -9.44469 -14.135 0
      vertex -8.01374 -14.9927 0
    endloop
  endfacet
  facet normal -0.242943 -0.970041 0
    outer loop
      vertex -4.93484 -16.268 0
      vertex -3.31653 -16.6733 16
      vertex -4.93484 -16.268 16
    endloop
  endfacet
  facet normal -0.242943 -0.970041 -0
    outer loop
      vertex -3.31653 -16.6733 16
      vertex -4.93484 -16.268 0
      vertex -3.31653 -16.6733 0
    endloop
  endfacet
  facet normal -0.857723 -0.514112 0
    outer loop
      vertex -14.135 -9.44469 0
      vertex -14.9927 -8.01374 16
      vertex -14.9927 -8.01374 0
    endloop
  endfacet
  facet normal -0.857723 -0.514112 0
    outer loop
      vertex -14.9927 -8.01374 16
      vertex -14.135 -9.44469 0
      vertex -14.135 -9.44469 16
    endloop
  endfacet
  facet normal 0.67158 -0.740932 0
    outer loop
      vertex 10.7847 -13.1412 0
      vertex 12.0208 -12.0208 16
      vertex 10.7847 -13.1412 16
    endloop
  endfacet
  facet normal 0.67158 -0.740932 0
    outer loop
      vertex 12.0208 -12.0208 16
      vertex 10.7847 -13.1412 0
      vertex 12.0208 -12.0208 0
    endloop
  endfacet
  facet normal -0 0 1
    outer loop
      vertex -4.93484 16.268 16
      vertex -3.5 14.9799 16
      vertex -3.5 16.6274 16
    endloop
  endfacet
  facet normal 0 0 1
    outer loop
      vertex -3.5 14.9799 16
      vertex -4.93484 16.268 16
      vertex -4.47038 14.7369 16
    endloop
  endfacet
  facet normal 0 0 1
    outer loop
      vertex -4.93484 16.268 16
      vertex -5.89332 14.2277 16
      vertex -4.47038 14.7369 16
    endloop
  endfacet
  facet normal -0 0 1
    outer loop
      vertex -6.50562 15.706 16
      vertex -5.89332 14.2277 16
      vertex -4.93484 16.268 16
    endloop
  endfacet
  facet normal 0 0 1
    outer loop
      vertex -6.50562 15.706 16
      vertex -7.25951 13.5816 16
      vertex -5.89332 14.2277 16
    endloop
  endfacet
  facet normal -0 0 1
    outer loop
      vertex -8.01374 14.9927 16
      vertex -7.25951 13.5816 16
      vertex -6.50562 15.706 16
    endloop
  endfacet
  facet normal 0 0 1
    outer loop
      vertex -8.01374 14.9927 16
      vertex -8.55578 12.8046 16
      vertex -7.25951 13.5816 16
    endloop
  endfacet
  facet normal -0 0 1
    outer loop
      vertex -9.44469 14.135 16
      vertex -8.55578 12.8046 16
      vertex -8.01374 14.9927 16
    endloop
  endfacet
  facet normal 0 0 1
    outer loop
      vertex -9.44469 14.135 16
      vertex -9.76966 11.9044 16
      vertex -8.55578 12.8046 16
    endloop
  endfacet
  facet normal -0 0 1
    outer loop
      vertex -10.7847 13.1412 16
      vertex -9.76966 11.9044 16
      vertex -9.44469 14.135 16
    endloop
  endfacet
  facet normal 0 0 1
    outer loop
      vertex -10.7847 13.1412 16
      vertex -10.8894 10.8894 16
      vertex -9.76966 11.9044 16
    endloop
  endfacet
  facet normal -0 0 1
    outer loop
      vertex -12.0208 12.0208 16
      vertex -10.8894 10.8894 16
      vertex -10.7847 13.1412 16
    endloop
  endfacet
  facet normal 0 0 1
    outer loop
      vertex -10.8894 10.8894 16
      vertex -12.0208 12.0208 16
      vertex -11.9044 9.76966 16
    endloop
  endfacet
  facet normal -0 0 1
    outer loop
      vertex -13.1412 10.7847 16
      vertex -11.9044 9.76966 16
      vertex -12.0208 12.0208 16
    endloop
  endfacet
  facet normal 0 0 1
    outer loop
      vertex -11.9044 9.76966 16
      vertex -13.1412 10.7847 16
      vertex -12.8046 8.55578 16
    endloop
  endfacet
  facet normal -0 0 1
    outer loop
      vertex -14.135 9.44469 16
      vertex -12.8046 8.55578 16
      vertex -13.1412 10.7847 16
    endloop
  endfacet
  facet normal 0 0 1
    outer loop
      vertex -12.8046 8.55578 16
      vertex -14.135 9.44469 16
      vertex -13.5816 7.25951 16
    endloop
  endfacet
  facet normal -0 0 1
    outer loop
      vertex -14.9927 8.01374 16
      vertex -13.5816 7.25951 16
      vertex -14.135 9.44469 16
    endloop
  endfacet
  facet normal 0 0 1
    outer loop
      vertex -13.5816 7.25951 16
      vertex -14.9927 8.01374 16
      vertex -14.2277 5.89332 16
    endloop
  endfacet
  facet normal -0 0 1
    outer loop
      vertex -15.706 6.50562 16
      vertex -14.2277 5.89332 16
      vertex -14.9927 8.01374 16
    endloop
  endfacet
  facet normal 0 0 1
    outer loop
      vertex -14.2277 5.89332 16
      vertex -15.706 6.50562 16
      vertex -14.7369 4.47038 16
    endloop
  endfacet
  facet normal -0 0 1
    outer loop
      vertex -16.268 4.93484 16
      vertex -14.7369 4.47038 16
      vertex -15.706 6.50562 16
    endloop
  endfacet
  facet normal -0 0 1
    outer loop
      vertex -16.6733 3.31653 16
      vertex -15.1041 3.00439 16
      vertex -16.268 4.93484 16
    endloop
  endfacet
  facet normal 0 0 1
    outer loop
      vertex -14.7369 4.47038 16
      vertex -16.268 4.93484 16
      vertex -15.1041 3.00439 16
    endloop
  endfacet
  facet normal 0 0 1
    outer loop
      vertex 15.4 0 16
      vertex 17 0 16
      vertex 16.9181 1.66629 16
    endloop
  endfacet
  facet normal 0 0 1
    outer loop
      vertex 15.3258 1.50946 16
      vertex 16.9181 1.66629 16
      vertex 16.6733 3.31653 16
    endloop
  endfacet
  facet normal 0 0 1
    outer loop
      vertex 17 0 16
      vertex 15.4 0 16
      vertex 16.9181 -1.66629 16
    endloop
  endfacet
  facet normal 0 0 1
    outer loop
      vertex 15.1041 3.00439 16
      vertex 16.6733 3.31653 16
      vertex 16.268 4.93484 16
    endloop
  endfacet
  facet normal -0 0 1
    outer loop
      vertex 15.3258 -1.50946 16
      vertex 16.9181 -1.66629 16
      vertex 15.4 0 16
    endloop
  endfacet
  facet normal 0 0 1
    outer loop
      vertex 14.7369 4.47038 16
      vertex 16.268 4.93484 16
      vertex 15.706 6.50562 16
    endloop
  endfacet
  facet normal 0 0 1
    outer loop
      vertex 16.9181 -1.66629 16
      vertex 15.3258 -1.50946 16
      vertex 16.6733 -3.31653 16
    endloop
  endfacet
  facet normal -0 0 1
    outer loop
      vertex 15.1041 -3.00439 16
      vertex 16.6733 -3.31653 16
      vertex 15.3258 -1.50946 16
    endloop
  endfacet
  facet normal 0 0 1
    outer loop
      vertex 16.9181 1.66629 16
      vertex 15.3258 1.50946 16
      vertex 15.4 0 16
    endloop
  endfacet
  facet normal 0 0 1
    outer loop
      vertex 16.6733 3.31653 16
      vertex 15.1041 3.00439 16
      vertex 15.3258 1.50946 16
    endloop
  endfacet
  facet normal 0 0 1
    outer loop
      vertex 14.2277 5.89332 16
      vertex 15.706 6.50562 16
      vertex 14.9927 8.01374 16
    endloop
  endfacet
  facet normal 0 0 1
    outer loop
      vertex 16.268 4.93484 16
      vertex 14.7369 4.47038 16
      vertex 15.1041 3.00439 16
    endloop
  endfacet
  facet normal 0 0 1
    outer loop
      vertex 15.706 6.50562 16
      vertex 14.2277 5.89332 16
      vertex 14.7369 4.47038 16
    endloop
  endfacet
  facet normal 0 0 1
    outer loop
      vertex 13.5816 7.25951 16
      vertex 14.9927 8.01374 16
      vertex 14.135 9.44469 16
    endloop
  endfacet
  facet normal 0 0 1
    outer loop
      vertex 14.9927 8.01374 16
      vertex 13.5816 7.25951 16
      vertex 14.2277 5.89332 16
    endloop
  endfacet
  facet normal 0 0 1
    outer loop
      vertex 12.8046 8.55578 16
      vertex 14.135 9.44469 16
      vertex 13.1412 10.7847 16
    endloop
  endfacet
  facet normal 0 0 1
    outer loop
      vertex 14.135 9.44469 16
      vertex 12.8046 8.55578 16
      vertex 13.5816 7.25951 16
    endloop
  endfacet
  facet normal 0 0 1
    outer loop
      vertex 11.9044 9.76966 16
      vertex 13.1412 10.7847 16
      vertex 12.0208 12.0208 16
    endloop
  endfacet
  facet normal 0 0 1
    outer loop
      vertex 13.1412 10.7847 16
      vertex 11.9044 9.76966 16
      vertex 12.8046 8.55578 16
    endloop
  endfacet
  facet normal 0 0 1
    outer loop
      vertex 12.0208 12.0208 16
      vertex 10.8894 10.8894 16
      vertex 11.9044 9.76966 16
    endloop
  endfacet
  facet normal 0 0 1
    outer loop
      vertex 10.7847 13.1412 16
      vertex 10.8894 10.8894 16
      vertex 12.0208 12.0208 16
    endloop
  endfacet
  facet normal 0 0 1
    outer loop
      vertex 10.7847 13.1412 16
      vertex 9.76966 11.9044 16
      vertex 10.8894 10.8894 16
    endloop
  endfacet
  facet normal 0 0 1
    outer loop
      vertex 9.44469 14.135 16
      vertex 9.76966 11.9044 16
      vertex 10.7847 13.1412 16
    endloop
  endfacet
  facet normal 0 0 1
    outer loop
      vertex 9.44469 14.135 16
      vertex 8.55578 12.8046 16
      vertex 9.76966 11.9044 16
    endloop
  endfacet
  facet normal 0 0 1
    outer loop
      vertex 8.01374 14.9927 16
      vertex 8.55578 12.8046 16
      vertex 9.44469 14.135 16
    endloop
  endfacet
  facet normal 0 0 1
    outer loop
      vertex 8.01374 14.9927 16
      vertex 7.25951 13.5816 16
      vertex 8.55578 12.8046 16
    endloop
  endfacet
  facet normal 0 0 1
    outer loop
      vertex 6.50562 15.706 16
      vertex 7.25951 13.5816 16
      vertex 8.01374 14.9927 16
    endloop
  endfacet
  facet normal 0 0 1
    outer loop
      vertex 6.50562 15.706 16
      vertex 5.89332 14.2277 16
      vertex 7.25951 13.5816 16
    endloop
  endfacet
  facet normal 0 0 1
    outer loop
      vertex 4.93484 16.268 16
      vertex 5.89332 14.2277 16
      vertex 6.50562 15.706 16
    endloop
  endfacet
  facet normal 0 0 1
    outer loop
      vertex 4.93484 16.268 16
      vertex 4.47038 14.7369 16
      vertex 5.89332 14.2277 16
    endloop
  endfacet
  facet normal 0 0 1
    outer loop
      vertex 3.5 14.9799 16
      vertex 4.93484 16.268 16
      vertex 3.5 16.6274 16
    endloop
  endfacet
  facet normal 0 0 1
    outer loop
      vertex 4.93484 16.268 16
      vertex 3.5 14.9799 16
      vertex 4.47038 14.7369 16
    endloop
  endfacet
  facet normal 0 0 1
    outer loop
      vertex 16.6733 -3.31653 16
      vertex 15.1041 -3.00439 16
      vertex 16.268 -4.93484 16
    endloop
  endfacet
  facet normal -0 0 1
    outer loop
      vertex 14.7369 -4.47038 16
      vertex 16.268 -4.93484 16
      vertex 15.1041 -3.00439 16
    endloop
  endfacet
  facet normal 0 0 1
    outer loop
      vertex 16.268 -4.93484 16
      vertex 14.7369 -4.47038 16
      vertex 15.706 -6.50562 16
    endloop
  endfacet
  facet normal -0 0 1
    outer loop
      vertex 14.2277 -5.89332 16
      vertex 15.706 -6.50562 16
      vertex 14.7369 -4.47038 16
    endloop
  endfacet
  facet normal 0 0 1
    outer loop
      vertex 15.706 -6.50562 16
      vertex 14.2277 -5.89332 16
      vertex 14.9927 -8.01374 16
    endloop
  endfacet
  facet normal -0 0 1
    outer loop
      vertex 13.5816 -7.25951 16
      vertex 14.9927 -8.01374 16
      vertex 14.2277 -5.89332 16
    endloop
  endfacet
  facet normal 0 0 1
    outer loop
      vertex 14.9927 -8.01374 16
      vertex 13.5816 -7.25951 16
      vertex 14.135 -9.44469 16
    endloop
  endfacet
  facet normal -0 0 1
    outer loop
      vertex 12.8046 -8.55578 16
      vertex 14.135 -9.44469 16
      vertex 13.5816 -7.25951 16
    endloop
  endfacet
  facet normal 0 0 1
    outer loop
      vertex 14.135 -9.44469 16
      vertex 12.8046 -8.55578 16
      vertex 13.1412 -10.7847 16
    endloop
  endfacet
  facet normal -0 0 1
    outer loop
      vertex 11.9044 -9.76966 16
      vertex 13.1412 -10.7847 16
      vertex 12.8046 -8.55578 16
    endloop
  endfacet
  facet normal 0 0 1
    outer loop
      vertex 13.1412 -10.7847 16
      vertex 11.9044 -9.76966 16
      vertex 12.0208 -12.0208 16
    endloop
  endfacet
  facet normal -0 0 1
    outer loop
      vertex 10.8894 -10.8894 16
      vertex 12.0208 -12.0208 16
      vertex 11.9044 -9.76966 16
    endloop
  endfacet
  facet normal 0 0 1
    outer loop
      vertex 10.8894 -10.8894 16
      vertex 10.7847 -13.1412 16
      vertex 12.0208 -12.0208 16
    endloop
  endfacet
  facet normal -0 0 1
    outer loop
      vertex 9.76966 -11.9044 16
      vertex 10.7847 -13.1412 16
      vertex 10.8894 -10.8894 16
    endloop
  endfacet
  facet normal 0 0 1
    outer loop
      vertex 9.76966 -11.9044 16
      vertex 9.44469 -14.135 16
      vertex 10.7847 -13.1412 16
    endloop
  endfacet
  facet normal -0 0 1
    outer loop
      vertex 8.55578 -12.8046 16
      vertex 9.44469 -14.135 16
      vertex 9.76966 -11.9044 16
    endloop
  endfacet
  facet normal 0 0 1
    outer loop
      vertex 8.55578 -12.8046 16
      vertex 8.01374 -14.9927 16
      vertex 9.44469 -14.135 16
    endloop
  endfacet
  facet normal -0 0 1
    outer loop
      vertex 7.25951 -13.5816 16
      vertex 8.01374 -14.9927 16
      vertex 8.55578 -12.8046 16
    endloop
  endfacet
  facet normal 0 0 1
    outer loop
      vertex 7.25951 -13.5816 16
      vertex 6.50562 -15.706 16
      vertex 8.01374 -14.9927 16
    endloop
  endfacet
  facet normal -0 0 1
    outer loop
      vertex 5.89332 -14.2277 16
      vertex 6.50562 -15.706 16
      vertex 7.25951 -13.5816 16
    endloop
  endfacet
  facet normal 0 0 1
    outer loop
      vertex 5.89332 -14.2277 16
      vertex 4.93484 -16.268 16
      vertex 6.50562 -15.706 16
    endloop
  endfacet
  facet normal -0 0 1
    outer loop
      vertex 4.47038 -14.7369 16
      vertex 4.93484 -16.268 16
      vertex 5.89332 -14.2277 16
    endloop
  endfacet
  facet normal 0 0 1
    outer loop
      vertex 4.47038 -14.7369 16
      vertex 3.31653 -16.6733 16
      vertex 4.93484 -16.268 16
    endloop
  endfacet
  facet normal -0 0 1
    outer loop
      vertex 3.00439 -15.1041 16
      vertex 3.31653 -16.6733 16
      vertex 4.47038 -14.7369 16
    endloop
  endfacet
  facet normal 0 0 1
    outer loop
      vertex 3.00439 -15.1041 16
      vertex 1.66629 -16.9181 16
      vertex 3.31653 -16.6733 16
    endloop
  endfacet
  facet normal -0 0 1
    outer loop
      vertex 1.50946 -15.3258 16
      vertex 1.66629 -16.9181 16
      vertex 3.00439 -15.1041 16
    endloop
  endfacet
  facet normal -0 0 1
    outer loop
      vertex 0 -15.4 16
      vertex 1.66629 -16.9181 16
      vertex 1.50946 -15.3258 16
    endloop
  endfacet
  facet normal 0 0 1
    outer loop
      vertex 0 -15.4 16
      vertex 0 -17 16
      vertex 1.66629 -16.9181 16
    endloop
  endfacet
  facet normal 0 0 1
    outer loop
      vertex -1.50946 -15.3258 16
      vertex 0 -17 16
      vertex 0 -15.4 16
    endloop
  endfacet
  facet normal 0 0 1
    outer loop
      vertex -1.50946 -15.3258 16
      vertex -1.66629 -16.9181 16
      vertex 0 -17 16
    endloop
  endfacet
  facet normal 0 0 1
    outer loop
      vertex -3.00439 -15.1041 16
      vertex -1.66629 -16.9181 16
      vertex -1.50946 -15.3258 16
    endloop
  endfacet
  facet normal 0 0 1
    outer loop
      vertex -3.00439 -15.1041 16
      vertex -3.31653 -16.6733 16
      vertex -1.66629 -16.9181 16
    endloop
  endfacet
  facet normal 0 0 1
    outer loop
      vertex -4.47038 -14.7369 16
      vertex -3.31653 -16.6733 16
      vertex -3.00439 -15.1041 16
    endloop
  endfacet
  facet normal 0 0 1
    outer loop
      vertex -4.47038 -14.7369 16
      vertex -4.93484 -16.268 16
      vertex -3.31653 -16.6733 16
    endloop
  endfacet
  facet normal 0 0 1
    outer loop
      vertex -5.89332 -14.2277 16
      vertex -4.93484 -16.268 16
      vertex -4.47038 -14.7369 16
    endloop
  endfacet
  facet normal 0 0 1
    outer loop
      vertex -5.89332 -14.2277 16
      vertex -6.50562 -15.706 16
      vertex -4.93484 -16.268 16
    endloop
  endfacet
  facet normal 0 0 1
    outer loop
      vertex -7.25951 -13.5816 16
      vertex -6.50562 -15.706 16
      vertex -5.89332 -14.2277 16
    endloop
  endfacet
  facet normal 0 0 1
    outer loop
      vertex -7.25951 -13.5816 16
      vertex -8.01374 -14.9927 16
      vertex -6.50562 -15.706 16
    endloop
  endfacet
  facet normal 0 0 1
    outer loop
      vertex -8.55578 -12.8046 16
      vertex -8.01374 -14.9927 16
      vertex -7.25951 -13.5816 16
    endloop
  endfacet
  facet normal 0 0 1
    outer loop
      vertex -8.55578 -12.8046 16
      vertex -9.44469 -14.135 16
      vertex -8.01374 -14.9927 16
    endloop
  endfacet
  facet normal 0 0 1
    outer loop
      vertex -9.76966 -11.9044 16
      vertex -9.44469 -14.135 16
      vertex -8.55578 -12.8046 16
    endloop
  endfacet
  facet normal 0 0 1
    outer loop
      vertex -9.76966 -11.9044 16
      vertex -10.7847 -13.1412 16
      vertex -9.44469 -14.135 16
    endloop
  endfacet
  facet normal 0 0 1
    outer loop
      vertex -10.8894 -10.8894 16
      vertex -10.7847 -13.1412 16
      vertex -9.76966 -11.9044 16
    endloop
  endfacet
  facet normal 0 0 1
    outer loop
      vertex -12.0208 -12.0208 16
      vertex -10.8894 -10.8894 16
      vertex -11.9044 -9.76966 16
    endloop
  endfacet
  facet normal 0 0 1
    outer loop
      vertex -10.8894 -10.8894 16
      vertex -12.0208 -12.0208 16
      vertex -10.7847 -13.1412 16
    endloop
  endfacet
  facet normal 0 0 1
    outer loop
      vertex -13.1412 -10.7847 16
      vertex -11.9044 -9.76966 16
      vertex -12.8046 -8.55578 16
    endloop
  endfacet
  facet normal 0 0 1
    outer loop
      vertex -11.9044 -9.76966 16
      vertex -13.1412 -10.7847 16
      vertex -12.0208 -12.0208 16
    endloop
  endfacet
  facet normal 0 0 1
    outer loop
      vertex -14.135 -9.44469 16
      vertex -12.8046 -8.55578 16
      vertex -13.5816 -7.25951 16
    endloop
  endfacet
  facet normal 0 0 1
    outer loop
      vertex -12.8046 -8.55578 16
      vertex -14.135 -9.44469 16
      vertex -13.1412 -10.7847 16
    endloop
  endfacet
  facet normal 0 0 1
    outer loop
      vertex -14.9927 -8.01374 16
      vertex -13.5816 -7.25951 16
      vertex -14.2277 -5.89332 16
    endloop
  endfacet
  facet normal 0 0 1
    outer loop
      vertex -15.706 -6.50562 16
      vertex -14.2277 -5.89332 16
      vertex -14.7369 -4.47038 16
    endloop
  endfacet
  facet normal 0 0 1
    outer loop
      vertex -13.5816 -7.25951 16
      vertex -14.9927 -8.01374 16
      vertex -14.135 -9.44469 16
    endloop
  endfacet
  facet normal 0 0 1
    outer loop
      vertex -16.268 -4.93484 16
      vertex -14.7369 -4.47038 16
      vertex -15.1041 -3.00439 16
    endloop
  endfacet
  facet normal 0 0 1
    outer loop
      vertex -16.6733 -3.31653 16
      vertex -15.1041 -3.00439 16
      vertex -15.3258 -1.50946 16
    endloop
  endfacet
  facet normal 0 0 1
    outer loop
      vertex -14.2277 -5.89332 16
      vertex -15.706 -6.50562 16
      vertex -14.9927 -8.01374 16
    endloop
  endfacet
  facet normal 0 0 1
    outer loop
      vertex -16.9181 -1.66629 16
      vertex -15.3258 -1.50946 16
      vertex -15.4 0 16
    endloop
  endfacet
  facet normal 0 0 1
    outer loop
      vertex -15.1041 3.00439 16
      vertex -16.6733 3.31653 16
      vertex -15.3258 1.50946 16
    endloop
  endfacet
  facet normal -0 0 1
    outer loop
      vertex -16.9181 1.66629 16
      vertex -15.3258 1.50946 16
      vertex -16.6733 3.31653 16
    endloop
  endfacet
  facet normal 0 0 1
    outer loop
      vertex -14.7369 -4.47038 16
      vertex -16.268 -4.93484 16
      vertex -15.706 -6.50562 16
    endloop
  endfacet
  facet normal 0 0 1
    outer loop
      vertex -15.3258 1.50946 16
      vertex -16.9181 1.66629 16
      vertex -15.4 0 16
    endloop
  endfacet
  facet normal 0 0 1
    outer loop
      vertex -15.1041 -3.00439 16
      vertex -16.6733 -3.31653 16
      vertex -16.268 -4.93484 16
    endloop
  endfacet
  facet normal 0 0 1
    outer loop
      vertex -17 0 16
      vertex -15.4 0 16
      vertex -16.9181 1.66629 16
    endloop
  endfacet
  facet normal 0 0 1
    outer loop
      vertex -15.3258 -1.50946 16
      vertex -16.9181 -1.66629 16
      vertex -16.6733 -3.31653 16
    endloop
  endfacet
  facet normal 0 0 1
    outer loop
      vertex -15.4 0 16
      vertex -17 0 16
      vertex -16.9181 -1.66629 16
    endloop
  endfacet
  facet normal -0.243084 -0.970005 -0
    outer loop
      vertex 3.00439 15.1041 12
      vertex 3.00439 15.1041 4
      vertex 3.5 14.9799 12
    endloop
  endfacet
  facet normal -0.242917 -0.970047 0
    outer loop
      vertex 3.5 14.9799 12
      vertex 4.47038 14.7369 16
      vertex 3.5 14.9799 16
    endloop
  endfacet
  facet normal -0.242973 -0.970033 -7.27579e-06
    outer loop
      vertex 4.47038 14.7369 4
      vertex 3.5 14.9799 12
      vertex 3.00439 15.1041 4
    endloop
  endfacet
  facet normal -0.242917 -0.970047 0
    outer loop
      vertex 3.5 14.9799 12
      vertex 4.47038 14.7369 4
      vertex 4.47038 14.7369 16
    endloop
  endfacet
  facet normal -0.989181 -0.146697 0
    outer loop
      vertex 15.3258 1.50946 4
      vertex 15.1041 3.00439 16
      vertex 15.1041 3.00439 4
    endloop
  endfacet
  facet normal -0.989181 -0.146697 0
    outer loop
      vertex 15.1041 3.00439 16
      vertex 15.3258 1.50946 4
      vertex 15.3258 1.50946 16
    endloop
  endfacet
  facet normal -0.998794 -0.0490974 0
    outer loop
      vertex 15.4 0 4
      vertex 15.3258 1.50946 16
      vertex 15.3258 1.50946 4
    endloop
  endfacet
  facet normal -0.998794 -0.0490974 0
    outer loop
      vertex 15.3258 1.50946 16
      vertex 15.4 0 4
      vertex 15.4 0 16
    endloop
  endfacet
  facet normal -0.970033 -0.242973 0
    outer loop
      vertex 15.1041 3.00439 4
      vertex 14.7369 4.47038 16
      vertex 14.7369 4.47038 4
    endloop
  endfacet
  facet normal -0.970033 -0.242973 0
    outer loop
      vertex 14.7369 4.47038 16
      vertex 15.1041 3.00439 4
      vertex 15.1041 3.00439 16
    endloop
  endfacet
  facet normal 0.904005 -0.427523 0
    outer loop
      vertex -14.2277 5.89332 16
      vertex -13.5816 7.25951 4
      vertex -13.5816 7.25951 16
    endloop
  endfacet
  facet normal 0.904005 -0.427523 0
    outer loop
      vertex -13.5816 7.25951 4
      vertex -14.2277 5.89332 16
      vertex -14.2277 5.89332 4
    endloop
  endfacet
  facet normal 0.857715 -0.514125 0
    outer loop
      vertex -13.5816 7.25951 16
      vertex -12.8046 8.55578 4
      vertex -12.8046 8.55578 16
    endloop
  endfacet
  facet normal 0.857715 -0.514125 0
    outer loop
      vertex -12.8046 8.55578 4
      vertex -13.5816 7.25951 16
      vertex -13.5816 7.25951 4
    endloop
  endfacet
  facet normal 0.146697 -0.989181 5.78711e-06
    outer loop
      vertex -3.00439 15.1041 12
      vertex -1.97258 15.2571 8.8
      vertex -1.50946 15.3258 12
    endloop
  endfacet
  facet normal 0.146679 -0.989184 0
    outer loop
      vertex -3.00439 15.1041 4
      vertex -1.97258 15.2571 8.8
      vertex -3.00439 15.1041 12
    endloop
  endfacet
  facet normal 0.146679 -0.989184 0
    outer loop
      vertex -1.97258 15.2571 8.8
      vertex -3.00439 15.1041 4
      vertex -1.97258 15.2571 4
    endloop
  endfacet
  facet normal 0.146736 -0.989176 0
    outer loop
      vertex -1.50946 15.3258 12
      vertex -1.97258 15.2571 8.8
      vertex -1.50946 15.3258 8.8
    endloop
  endfacet
  facet normal -0.336927 0.941531 0
    outer loop
      vertex 5.89332 -14.2277 4
      vertex 4.47038 -14.7369 16
      vertex 5.89332 -14.2277 16
    endloop
  endfacet
  facet normal -0.336927 0.941531 0
    outer loop
      vertex 4.47038 -14.7369 16
      vertex 5.89332 -14.2277 4
      vertex 4.47038 -14.7369 4
    endloop
  endfacet
  facet normal 0.0490974 0.998794 -0
    outer loop
      vertex 0 -15.4 8.8
      vertex -1.50946 -15.3258 16
      vertex 0 -15.4 16
    endloop
  endfacet
  facet normal 0.0490974 0.998794 0
    outer loop
      vertex -1.50946 -15.3258 16
      vertex 0 -15.4 8.8
      vertex -1.50946 -15.3258 8.8
    endloop
  endfacet
  facet normal -0.336927 -0.941531 0
    outer loop
      vertex 4.47038 14.7369 4
      vertex 5.89332 14.2277 16
      vertex 4.47038 14.7369 16
    endloop
  endfacet
  facet normal -0.336927 -0.941531 -0
    outer loop
      vertex 5.89332 14.2277 16
      vertex 4.47038 14.7369 4
      vertex 5.89332 14.2277 4
    endloop
  endfacet
  facet normal -0.998794 0.0490974 0
    outer loop
      vertex 15.3258 -1.50946 4
      vertex 15.4 0 16
      vertex 15.4 0 4
    endloop
  endfacet
  facet normal -0.998794 0.0490974 0
    outer loop
      vertex 15.4 0 16
      vertex 15.3258 -1.50946 4
      vertex 15.3258 -1.50946 16
    endloop
  endfacet
  facet normal 0.941531 -0.336927 0
    outer loop
      vertex -14.7369 4.47038 16
      vertex -14.2277 5.89332 4
      vertex -14.2277 5.89332 16
    endloop
  endfacet
  facet normal 0.941531 -0.336927 0
    outer loop
      vertex -14.2277 5.89332 4
      vertex -14.7369 4.47038 16
      vertex -14.7369 4.47038 4
    endloop
  endfacet
  facet normal -0.514125 -0.857715 0
    outer loop
      vertex 7.25951 13.5816 4
      vertex 8.55578 12.8046 16
      vertex 7.25951 13.5816 16
    endloop
  endfacet
  facet normal -0.514125 -0.857715 -0
    outer loop
      vertex 8.55578 12.8046 16
      vertex 7.25951 13.5816 4
      vertex 8.55578 12.8046 4
    endloop
  endfacet
  facet normal 0.595667 0.803231 -0
    outer loop
      vertex -8.55578 -12.8046 4
      vertex -9.76966 -11.9044 16
      vertex -8.55578 -12.8046 16
    endloop
  endfacet
  facet normal 0.595667 0.803231 0
    outer loop
      vertex -9.76966 -11.9044 16
      vertex -8.55578 -12.8046 4
      vertex -9.76966 -11.9044 4
    endloop
  endfacet
  facet normal -0.989181 0.146697 0
    outer loop
      vertex 15.1041 -3.00439 4
      vertex 15.3258 -1.50946 16
      vertex 15.3258 -1.50946 4
    endloop
  endfacet
  facet normal -0.989181 0.146697 0
    outer loop
      vertex 15.3258 -1.50946 16
      vertex 15.1041 -3.00439 4
      vertex 15.1041 -3.00439 16
    endloop
  endfacet
  facet normal 0.857715 0.514125 0
    outer loop
      vertex -12.8046 -8.55578 16
      vertex -13.5816 -7.25951 4
      vertex -13.5816 -7.25951 16
    endloop
  endfacet
  facet normal 0.857715 0.514125 0
    outer loop
      vertex -13.5816 -7.25951 4
      vertex -12.8046 -8.55578 16
      vertex -12.8046 -8.55578 4
    endloop
  endfacet
  facet normal -0.671605 -0.740909 0
    outer loop
      vertex 9.76966 11.9044 4
      vertex 10.8894 10.8894 16
      vertex 9.76966 11.9044 16
    endloop
  endfacet
  facet normal -0.671605 -0.740909 -0
    outer loop
      vertex 10.8894 10.8894 16
      vertex 9.76966 11.9044 4
      vertex 10.8894 10.8894 4
    endloop
  endfacet
  facet normal 0.242917 -0.970047 0
    outer loop
      vertex -4.47038 14.7369 16
      vertex -3.5 14.9799 12
      vertex -3.5 14.9799 16
    endloop
  endfacet
  facet normal 0.242917 -0.970047 0
    outer loop
      vertex -4.47038 14.7369 4
      vertex -3.5 14.9799 12
      vertex -4.47038 14.7369 16
    endloop
  endfacet
  facet normal 0.242973 -0.970033 -7.27579e-06
    outer loop
      vertex -3.00439 15.1041 4
      vertex -3.5 14.9799 12
      vertex -4.47038 14.7369 4
    endloop
  endfacet
  facet normal 0.243084 -0.970005 0
    outer loop
      vertex -3.5 14.9799 12
      vertex -3.00439 15.1041 4
      vertex -3.00439 15.1041 12
    endloop
  endfacet
  facet normal 0.0490974 -0.998794 0
    outer loop
      vertex -1.50946 15.3258 8.8
      vertex 0 15.4 12
      vertex -1.50946 15.3258 12
    endloop
  endfacet
  facet normal 0.0490974 -0.998794 0
    outer loop
      vertex 0 15.4 12
      vertex -1.50946 15.3258 8.8
      vertex 0 15.4 8.8
    endloop
  endfacet
  facet normal -0.803231 -0.595667 0
    outer loop
      vertex 12.8046 8.55578 4
      vertex 11.9044 9.76966 16
      vertex 11.9044 9.76966 4
    endloop
  endfacet
  facet normal -0.803231 -0.595667 0
    outer loop
      vertex 11.9044 9.76966 16
      vertex 12.8046 8.55578 4
      vertex 12.8046 8.55578 16
    endloop
  endfacet
  facet normal 0.595667 -0.803231 0
    outer loop
      vertex -9.76966 11.9044 4
      vertex -8.55578 12.8046 16
      vertex -9.76966 11.9044 16
    endloop
  endfacet
  facet normal 0.595667 -0.803231 0
    outer loop
      vertex -8.55578 12.8046 16
      vertex -9.76966 11.9044 4
      vertex -8.55578 12.8046 4
    endloop
  endfacet
  facet normal 0.514125 -0.857715 0
    outer loop
      vertex -8.55578 12.8046 4
      vertex -7.25951 13.5816 16
      vertex -8.55578 12.8046 16
    endloop
  endfacet
  facet normal 0.514125 -0.857715 0
    outer loop
      vertex -7.25951 13.5816 16
      vertex -8.55578 12.8046 4
      vertex -7.25951 13.5816 4
    endloop
  endfacet
  facet normal -0.740909 -0.671605 0
    outer loop
      vertex 11.9044 9.76966 4
      vertex 10.8894 10.8894 16
      vertex 10.8894 10.8894 4
    endloop
  endfacet
  facet normal -0.740909 -0.671605 0
    outer loop
      vertex 10.8894 10.8894 16
      vertex 11.9044 9.76966 4
      vertex 11.9044 9.76966 16
    endloop
  endfacet
  facet normal 0.998794 0.0490974 0
    outer loop
      vertex -15.3258 -1.50946 16
      vertex -15.4 0 4
      vertex -15.4 0 16
    endloop
  endfacet
  facet normal 0.998794 0.0490974 0
    outer loop
      vertex -15.4 0 4
      vertex -15.3258 -1.50946 16
      vertex -15.3258 -1.50946 4
    endloop
  endfacet
  facet normal -0.904005 0.427523 0
    outer loop
      vertex 13.5816 -7.25951 4
      vertex 14.2277 -5.89332 16
      vertex 14.2277 -5.89332 4
    endloop
  endfacet
  facet normal -0.904005 0.427523 0
    outer loop
      vertex 14.2277 -5.89332 16
      vertex 13.5816 -7.25951 4
      vertex 13.5816 -7.25951 16
    endloop
  endfacet
  facet normal 0.242973 0.970033 -0
    outer loop
      vertex -3.00439 -15.1041 4
      vertex -4.47038 -14.7369 16
      vertex -3.00439 -15.1041 16
    endloop
  endfacet
  facet normal 0.242973 0.970033 0
    outer loop
      vertex -4.47038 -14.7369 16
      vertex -3.00439 -15.1041 4
      vertex -4.47038 -14.7369 4
    endloop
  endfacet
  facet normal 0.904005 0.427523 0
    outer loop
      vertex -13.5816 -7.25951 16
      vertex -14.2277 -5.89332 4
      vertex -14.2277 -5.89332 16
    endloop
  endfacet
  facet normal 0.904005 0.427523 0
    outer loop
      vertex -14.2277 -5.89332 4
      vertex -13.5816 -7.25951 16
      vertex -13.5816 -7.25951 4
    endloop
  endfacet
  facet normal 0.740909 0.671605 0
    outer loop
      vertex -10.8894 -10.8894 16
      vertex -11.9044 -9.76966 4
      vertex -11.9044 -9.76966 16
    endloop
  endfacet
  facet normal 0.740909 0.671605 0
    outer loop
      vertex -11.9044 -9.76966 4
      vertex -10.8894 -10.8894 16
      vertex -10.8894 -10.8894 4
    endloop
  endfacet
  facet normal 0.941531 0.336927 0
    outer loop
      vertex -14.2277 -5.89332 16
      vertex -14.7369 -4.47038 4
      vertex -14.7369 -4.47038 16
    endloop
  endfacet
  facet normal 0.941531 0.336927 0
    outer loop
      vertex -14.7369 -4.47038 4
      vertex -14.2277 -5.89332 16
      vertex -14.2277 -5.89332 4
    endloop
  endfacet
  facet normal -0.970033 0.242973 0
    outer loop
      vertex 14.7369 -4.47038 4
      vertex 15.1041 -3.00439 16
      vertex 15.1041 -3.00439 4
    endloop
  endfacet
  facet normal -0.970033 0.242973 0
    outer loop
      vertex 15.1041 -3.00439 16
      vertex 14.7369 -4.47038 4
      vertex 14.7369 -4.47038 16
    endloop
  endfacet
  facet normal -0.941531 0.336927 0
    outer loop
      vertex 14.2277 -5.89332 4
      vertex 14.7369 -4.47038 16
      vertex 14.7369 -4.47038 4
    endloop
  endfacet
  facet normal -0.941531 0.336927 0
    outer loop
      vertex 14.7369 -4.47038 16
      vertex 14.2277 -5.89332 4
      vertex 14.2277 -5.89332 16
    endloop
  endfacet
  facet normal -0.427523 -0.904005 0
    outer loop
      vertex 5.89332 14.2277 4
      vertex 7.25951 13.5816 16
      vertex 5.89332 14.2277 16
    endloop
  endfacet
  facet normal -0.427523 -0.904005 -0
    outer loop
      vertex 7.25951 13.5816 16
      vertex 5.89332 14.2277 4
      vertex 7.25951 13.5816 4
    endloop
  endfacet
  facet normal -0.941531 -0.336927 0
    outer loop
      vertex 14.7369 4.47038 4
      vertex 14.2277 5.89332 16
      vertex 14.2277 5.89332 4
    endloop
  endfacet
  facet normal -0.941531 -0.336927 0
    outer loop
      vertex 14.2277 5.89332 16
      vertex 14.7369 4.47038 4
      vertex 14.7369 4.47038 16
    endloop
  endfacet
  facet normal -0.0490974 -0.998794 0
    outer loop
      vertex 0 15.4 8.8
      vertex 1.50946 15.3258 12
      vertex 0 15.4 12
    endloop
  endfacet
  facet normal -0.0490974 -0.998794 -0
    outer loop
      vertex 1.50946 15.3258 12
      vertex 0 15.4 8.8
      vertex 1.50946 15.3258 8.8
    endloop
  endfacet
  facet normal -0.427523 0.904005 0
    outer loop
      vertex 7.25951 -13.5816 4
      vertex 5.89332 -14.2277 16
      vertex 7.25951 -13.5816 16
    endloop
  endfacet
  facet normal -0.427523 0.904005 0
    outer loop
      vertex 5.89332 -14.2277 16
      vertex 7.25951 -13.5816 4
      vertex 5.89332 -14.2277 4
    endloop
  endfacet
  facet normal -0.671605 0.740909 0
    outer loop
      vertex 10.8894 -10.8894 4
      vertex 9.76966 -11.9044 16
      vertex 10.8894 -10.8894 16
    endloop
  endfacet
  facet normal -0.671605 0.740909 0
    outer loop
      vertex 9.76966 -11.9044 16
      vertex 10.8894 -10.8894 4
      vertex 9.76966 -11.9044 4
    endloop
  endfacet
  facet normal 0.146736 0.989176 0
    outer loop
      vertex -1.97258 -15.2571 8.8
      vertex -1.50946 -15.3258 16
      vertex -1.50946 -15.3258 8.8
    endloop
  endfacet
  facet normal 0.146697 0.989181 2.57205e-06
    outer loop
      vertex -1.50946 -15.3258 16
      vertex -1.97258 -15.2571 8.8
      vertex -3.00439 -15.1041 16
    endloop
  endfacet
  facet normal 0.146679 0.989184 0
    outer loop
      vertex -3.00439 -15.1041 4
      vertex -1.97258 -15.2571 8.8
      vertex -1.97258 -15.2571 4
    endloop
  endfacet
  facet normal 0.146679 0.989184 0
    outer loop
      vertex -1.97258 -15.2571 8.8
      vertex -3.00439 -15.1041 4
      vertex -3.00439 -15.1041 16
    endloop
  endfacet
  facet normal 0.740909 -0.671605 0
    outer loop
      vertex -11.9044 9.76966 16
      vertex -10.8894 10.8894 4
      vertex -10.8894 10.8894 16
    endloop
  endfacet
  facet normal 0.740909 -0.671605 0
    outer loop
      vertex -10.8894 10.8894 4
      vertex -11.9044 9.76966 16
      vertex -11.9044 9.76966 4
    endloop
  endfacet
  facet normal -0.904005 -0.427523 0
    outer loop
      vertex 14.2277 5.89332 4
      vertex 13.5816 7.25951 16
      vertex 13.5816 7.25951 4
    endloop
  endfacet
  facet normal -0.904005 -0.427523 0
    outer loop
      vertex 13.5816 7.25951 16
      vertex 14.2277 5.89332 4
      vertex 14.2277 5.89332 16
    endloop
  endfacet
  facet normal -0.146697 0.989181 2.57205e-06
    outer loop
      vertex 3.00439 -15.1041 16
      vertex 1.97258 -15.2571 8.8
      vertex 1.50946 -15.3258 16
    endloop
  endfacet
  facet normal -0.146679 0.989184 0
    outer loop
      vertex 3.00439 -15.1041 4
      vertex 1.97258 -15.2571 8.8
      vertex 3.00439 -15.1041 16
    endloop
  endfacet
  facet normal -0.146679 0.989184 0
    outer loop
      vertex 1.97258 -15.2571 8.8
      vertex 3.00439 -15.1041 4
      vertex 1.97258 -15.2571 4
    endloop
  endfacet
  facet normal -0.146736 0.989176 0
    outer loop
      vertex 1.50946 -15.3258 16
      vertex 1.97258 -15.2571 8.8
      vertex 1.50946 -15.3258 8.8
    endloop
  endfacet
  facet normal -0.595667 -0.803231 0
    outer loop
      vertex 8.55578 12.8046 4
      vertex 9.76966 11.9044 16
      vertex 8.55578 12.8046 16
    endloop
  endfacet
  facet normal -0.595667 -0.803231 -0
    outer loop
      vertex 9.76966 11.9044 16
      vertex 8.55578 12.8046 4
      vertex 9.76966 11.9044 4
    endloop
  endfacet
  facet normal 0.998794 -0.0490974 0
    outer loop
      vertex -15.4 0 16
      vertex -15.3258 1.50946 4
      vertex -15.3258 1.50946 16
    endloop
  endfacet
  facet normal 0.998794 -0.0490974 0
    outer loop
      vertex -15.3258 1.50946 4
      vertex -15.4 0 16
      vertex -15.4 0 4
    endloop
  endfacet
  facet normal -0.242973 0.970033 0
    outer loop
      vertex 4.47038 -14.7369 4
      vertex 3.00439 -15.1041 16
      vertex 4.47038 -14.7369 16
    endloop
  endfacet
  facet normal -0.242973 0.970033 0
    outer loop
      vertex 3.00439 -15.1041 16
      vertex 4.47038 -14.7369 4
      vertex 3.00439 -15.1041 4
    endloop
  endfacet
  facet normal 0.336927 -0.941531 0
    outer loop
      vertex -5.89332 14.2277 4
      vertex -4.47038 14.7369 16
      vertex -5.89332 14.2277 16
    endloop
  endfacet
  facet normal 0.336927 -0.941531 0
    outer loop
      vertex -4.47038 14.7369 16
      vertex -5.89332 14.2277 4
      vertex -4.47038 14.7369 4
    endloop
  endfacet
  facet normal 0.514125 0.857715 -0
    outer loop
      vertex -7.25951 -13.5816 4
      vertex -8.55578 -12.8046 16
      vertex -7.25951 -13.5816 16
    endloop
  endfacet
  facet normal 0.514125 0.857715 0
    outer loop
      vertex -8.55578 -12.8046 16
      vertex -7.25951 -13.5816 4
      vertex -8.55578 -12.8046 4
    endloop
  endfacet
  facet normal -0.803231 0.595667 0
    outer loop
      vertex 11.9044 -9.76966 4
      vertex 12.8046 -8.55578 16
      vertex 12.8046 -8.55578 4
    endloop
  endfacet
  facet normal -0.803231 0.595667 0
    outer loop
      vertex 12.8046 -8.55578 16
      vertex 11.9044 -9.76966 4
      vertex 11.9044 -9.76966 16
    endloop
  endfacet
  facet normal -0.857715 -0.514125 0
    outer loop
      vertex 13.5816 7.25951 4
      vertex 12.8046 8.55578 16
      vertex 12.8046 8.55578 4
    endloop
  endfacet
  facet normal -0.857715 -0.514125 0
    outer loop
      vertex 12.8046 8.55578 16
      vertex 13.5816 7.25951 4
      vertex 13.5816 7.25951 16
    endloop
  endfacet
  facet normal -0.595667 0.803231 0
    outer loop
      vertex 9.76966 -11.9044 4
      vertex 8.55578 -12.8046 16
      vertex 9.76966 -11.9044 16
    endloop
  endfacet
  facet normal -0.595667 0.803231 0
    outer loop
      vertex 8.55578 -12.8046 16
      vertex 9.76966 -11.9044 4
      vertex 8.55578 -12.8046 4
    endloop
  endfacet
  facet normal -0.514125 0.857715 0
    outer loop
      vertex 8.55578 -12.8046 4
      vertex 7.25951 -13.5816 16
      vertex 8.55578 -12.8046 16
    endloop
  endfacet
  facet normal -0.514125 0.857715 0
    outer loop
      vertex 7.25951 -13.5816 16
      vertex 8.55578 -12.8046 4
      vertex 7.25951 -13.5816 4
    endloop
  endfacet
  facet normal 0.671605 -0.740909 0
    outer loop
      vertex -10.8894 10.8894 4
      vertex -9.76966 11.9044 16
      vertex -10.8894 10.8894 16
    endloop
  endfacet
  facet normal 0.671605 -0.740909 0
    outer loop
      vertex -9.76966 11.9044 16
      vertex -10.8894 10.8894 4
      vertex -9.76966 11.9044 4
    endloop
  endfacet
  facet normal -0.0490974 0.998794 0
    outer loop
      vertex 1.50946 -15.3258 8.8
      vertex 0 -15.4 16
      vertex 1.50946 -15.3258 16
    endloop
  endfacet
  facet normal -0.0490974 0.998794 0
    outer loop
      vertex 0 -15.4 16
      vertex 1.50946 -15.3258 8.8
      vertex 0 -15.4 8.8
    endloop
  endfacet
  facet normal 0.989181 0.146697 0
    outer loop
      vertex -15.1041 -3.00439 16
      vertex -15.3258 -1.50946 4
      vertex -15.3258 -1.50946 16
    endloop
  endfacet
  facet normal 0.989181 0.146697 0
    outer loop
      vertex -15.3258 -1.50946 4
      vertex -15.1041 -3.00439 16
      vertex -15.1041 -3.00439 4
    endloop
  endfacet
  facet normal 0.427523 -0.904005 0
    outer loop
      vertex -7.25951 13.5816 4
      vertex -5.89332 14.2277 16
      vertex -7.25951 13.5816 16
    endloop
  endfacet
  facet normal 0.427523 -0.904005 0
    outer loop
      vertex -5.89332 14.2277 16
      vertex -7.25951 13.5816 4
      vertex -5.89332 14.2277 4
    endloop
  endfacet
  facet normal 0.970033 0.242973 0
    outer loop
      vertex -14.7369 -4.47038 16
      vertex -15.1041 -3.00439 4
      vertex -15.1041 -3.00439 16
    endloop
  endfacet
  facet normal 0.970033 0.242973 0
    outer loop
      vertex -15.1041 -3.00439 4
      vertex -14.7369 -4.47038 16
      vertex -14.7369 -4.47038 4
    endloop
  endfacet
  facet normal 0.970033 -0.242973 0
    outer loop
      vertex -15.1041 3.00439 16
      vertex -14.7369 4.47038 4
      vertex -14.7369 4.47038 16
    endloop
  endfacet
  facet normal 0.970033 -0.242973 0
    outer loop
      vertex -14.7369 4.47038 4
      vertex -15.1041 3.00439 16
      vertex -15.1041 3.00439 4
    endloop
  endfacet
  facet normal 0.803231 0.595667 0
    outer loop
      vertex -11.9044 -9.76966 16
      vertex -12.8046 -8.55578 4
      vertex -12.8046 -8.55578 16
    endloop
  endfacet
  facet normal 0.803231 0.595667 0
    outer loop
      vertex -12.8046 -8.55578 4
      vertex -11.9044 -9.76966 16
      vertex -11.9044 -9.76966 4
    endloop
  endfacet
  facet normal -0.857715 0.514125 0
    outer loop
      vertex 12.8046 -8.55578 4
      vertex 13.5816 -7.25951 16
      vertex 13.5816 -7.25951 4
    endloop
  endfacet
  facet normal -0.857715 0.514125 0
    outer loop
      vertex 13.5816 -7.25951 16
      vertex 12.8046 -8.55578 4
      vertex 12.8046 -8.55578 16
    endloop
  endfacet
  facet normal -0.740909 0.671605 0
    outer loop
      vertex 10.8894 -10.8894 4
      vertex 11.9044 -9.76966 16
      vertex 11.9044 -9.76966 4
    endloop
  endfacet
  facet normal -0.740909 0.671605 0
    outer loop
      vertex 11.9044 -9.76966 16
      vertex 10.8894 -10.8894 4
      vertex 10.8894 -10.8894 16
    endloop
  endfacet
  facet normal 0.671605 0.740909 -0
    outer loop
      vertex -9.76966 -11.9044 4
      vertex -10.8894 -10.8894 16
      vertex -9.76966 -11.9044 16
    endloop
  endfacet
  facet normal 0.671605 0.740909 0
    outer loop
      vertex -10.8894 -10.8894 16
      vertex -9.76966 -11.9044 4
      vertex -10.8894 -10.8894 4
    endloop
  endfacet
  facet normal 0.336927 0.941531 -0
    outer loop
      vertex -4.47038 -14.7369 4
      vertex -5.89332 -14.2277 16
      vertex -4.47038 -14.7369 16
    endloop
  endfacet
  facet normal 0.336927 0.941531 0
    outer loop
      vertex -5.89332 -14.2277 16
      vertex -4.47038 -14.7369 4
      vertex -5.89332 -14.2277 4
    endloop
  endfacet
  facet normal -0.146736 -0.989176 0
    outer loop
      vertex 1.97258 15.2571 8.8
      vertex 1.50946 15.3258 12
      vertex 1.50946 15.3258 8.8
    endloop
  endfacet
  facet normal -0.146697 -0.989181 5.78711e-06
    outer loop
      vertex 1.50946 15.3258 12
      vertex 1.97258 15.2571 8.8
      vertex 3.00439 15.1041 12
    endloop
  endfacet
  facet normal -0.146679 -0.989184 0
    outer loop
      vertex 3.00439 15.1041 4
      vertex 1.97258 15.2571 8.8
      vertex 1.97258 15.2571 4
    endloop
  endfacet
  facet normal -0.146679 -0.989184 0
    outer loop
      vertex 1.97258 15.2571 8.8
      vertex 3.00439 15.1041 4
      vertex 3.00439 15.1041 12
    endloop
  endfacet
  facet normal 0.427523 0.904005 -0
    outer loop
      vertex -5.89332 -14.2277 4
      vertex -7.25951 -13.5816 16
      vertex -5.89332 -14.2277 16
    endloop
  endfacet
  facet normal 0.427523 0.904005 0
    outer loop
      vertex -7.25951 -13.5816 16
      vertex -5.89332 -14.2277 4
      vertex -7.25951 -13.5816 4
    endloop
  endfacet
  facet normal 0.989181 -0.146697 0
    outer loop
      vertex -15.3258 1.50946 16
      vertex -15.1041 3.00439 4
      vertex -15.1041 3.00439 16
    endloop
  endfacet
  facet normal 0.989181 -0.146697 0
    outer loop
      vertex -15.1041 3.00439 4
      vertex -15.3258 1.50946 16
      vertex -15.3258 1.50946 4
    endloop
  endfacet
  facet normal 0.803231 -0.595667 0
    outer loop
      vertex -12.8046 8.55578 16
      vertex -11.9044 9.76966 4
      vertex -11.9044 9.76966 16
    endloop
  endfacet
  facet normal 0.803231 -0.595667 0
    outer loop
      vertex -11.9044 9.76966 4
      vertex -12.8046 8.55578 16
      vertex -12.8046 8.55578 4
    endloop
  endfacet
  facet normal -0 0 1
    outer loop
      vertex -3.00439 15.1041 4
      vertex -2.42769 15.0419 4
      vertex -1.97258 15.2571 4
    endloop
  endfacet
  facet normal 0 0 1
    outer loop
      vertex -3.00439 15.1041 4
      vertex -2.86119 14.7821 4
      vertex -2.42769 15.0419 4
    endloop
  endfacet
  facet normal 0 0 1
    outer loop
      vertex -3.00439 15.1041 4
      vertex -3.26713 14.481 4
      vertex -2.86119 14.7821 4
    endloop
  endfacet
  facet normal -0 0 1
    outer loop
      vertex -4.47038 14.7369 4
      vertex -3.26713 14.481 4
      vertex -3.00439 15.1041 4
    endloop
  endfacet
  facet normal 0 0 1
    outer loop
      vertex -3.26713 14.481 4
      vertex -4.47038 14.7369 4
      vertex -3.6416 14.1416 4
    endloop
  endfacet
  facet normal 0 0 1
    outer loop
      vertex -3.6416 14.1416 4
      vertex -4.47038 14.7369 4
      vertex -3.981 13.7671 4
    endloop
  endfacet
  facet normal 0 0 1
    outer loop
      vertex -3.981 13.7671 4
      vertex -4.47038 14.7369 4
      vertex -4.28207 13.3612 4
    endloop
  endfacet
  facet normal -0 0 1
    outer loop
      vertex -5.89332 14.2277 4
      vertex -4.28207 13.3612 4
      vertex -4.47038 14.7369 4
    endloop
  endfacet
  facet normal 0 0 1
    outer loop
      vertex -4.28207 13.3612 4
      vertex -5.89332 14.2277 4
      vertex -4.54189 12.9277 4
    endloop
  endfacet
  facet normal 0 0 1
    outer loop
      vertex -4.54189 12.9277 4
      vertex -5.89332 14.2277 4
      vertex -4.75798 12.4708 4
    endloop
  endfacet
  facet normal -0 0 1
    outer loop
      vertex -7.25951 13.5816 4
      vertex -4.75798 12.4708 4
      vertex -5.89332 14.2277 4
    endloop
  endfacet
  facet normal 0 0 1
    outer loop
      vertex -2.55885 2.73522 4
      vertex -5.15987 0.200934 4
      vertex -5.15 0 4
    endloop
  endfacet
  facet normal 0 0 1
    outer loop
      vertex -5.1252 9.99521 4
      vertex -5.18939 0.399935 4
      vertex -5.15987 0.200934 4
    endloop
  endfacet
  facet normal 0 0 1
    outer loop
      vertex -5.1252 9.99521 4
      vertex -5.23827 0.595083 4
      vertex -5.18939 0.399935 4
    endloop
  endfacet
  facet normal 0 0 1
    outer loop
      vertex -5.1252 9.99521 4
      vertex -5.30605 0.7845 4
      vertex -5.23827 0.595083 4
    endloop
  endfacet
  facet normal 0 0 1
    outer loop
      vertex -5.1252 9.99521 4
      vertex -5.39206 0.966363 4
      vertex -5.30605 0.7845 4
    endloop
  endfacet
  facet normal 0 0 1
    outer loop
      vertex -5.1252 9.99521 4
      vertex -5.49549 1.13892 4
      vertex -5.39206 0.966363 4
    endloop
  endfacet
  facet normal 0 0 1
    outer loop
      vertex -5.1252 9.99521 4
      vertex -5.61533 1.30051 4
      vertex -5.49549 1.13892 4
    endloop
  endfacet
  facet normal 0 0 1
    outer loop
      vertex -8.55578 12.8046 4
      vertex -5.15 10.5 4
      vertex -5.1252 11.0048 4
    endloop
  endfacet
  facet normal 0 0 1
    outer loop
      vertex -5.1252 9.99521 4
      vertex -5.75043 1.44957 4
      vertex -5.61533 1.30051 4
    endloop
  endfacet
  facet normal 0 0 1
    outer loop
      vertex -4.75798 12.4708 4
      vertex -7.25951 13.5816 4
      vertex -4.92824 11.995 4
    endloop
  endfacet
  facet normal 0 0 1
    outer loop
      vertex -4.92824 11.995 4
      vertex -7.25951 13.5816 4
      vertex -5.05104 11.5047 4
    endloop
  endfacet
  facet normal -0 0 1
    outer loop
      vertex -8.55578 12.8046 4
      vertex -5.05104 11.5047 4
      vertex -7.25951 13.5816 4
    endloop
  endfacet
  facet normal 0 0 1
    outer loop
      vertex -5.1252 9.99521 4
      vertex -5.89949 1.58467 4
      vertex -5.75043 1.44957 4
    endloop
  endfacet
  facet normal 0 0 1
    outer loop
      vertex -5.1252 9.99521 4
      vertex -6.06108 1.70451 4
      vertex -5.89949 1.58467 4
    endloop
  endfacet
  facet normal 0 0 1
    outer loop
      vertex -5.1252 9.99521 4
      vertex -6.23364 1.80794 4
      vertex -6.06108 1.70451 4
    endloop
  endfacet
  facet normal 0 0 1
    outer loop
      vertex -5.1252 9.99521 4
      vertex -6.4155 1.89395 4
      vertex -6.23364 1.80794 4
    endloop
  endfacet
  facet normal 0 0 1
    outer loop
      vertex -5.05104 11.5047 4
      vertex -8.55578 12.8046 4
      vertex -5.1252 11.0048 4
    endloop
  endfacet
  facet normal 0 0 1
    outer loop
      vertex -5.1252 9.99521 4
      vertex -6.60492 1.96173 4
      vertex -6.4155 1.89395 4
    endloop
  endfacet
  facet normal 0 0 1
    outer loop
      vertex -5.15 10.5 4
      vertex -8.55578 12.8046 4
      vertex -9.76966 11.9044 4
    endloop
  endfacet
  facet normal 0 0 1
    outer loop
      vertex -5.1252 9.99521 4
      vertex -6.80006 2.01061 4
      vertex -6.60492 1.96173 4
    endloop
  endfacet
  facet normal 0 0 1
    outer loop
      vertex -5.1252 9.99521 4
      vertex -9.76966 11.9044 4
      vertex -10.8894 10.8894 4
    endloop
  endfacet
  facet normal 0 0 1
    outer loop
      vertex -5.1252 9.99521 4
      vertex -6.99906 2.04013 4
      vertex -6.80006 2.01061 4
    endloop
  endfacet
  facet normal 0 0 1
    outer loop
      vertex -5.1252 9.99521 4
      vertex -10.8894 10.8894 4
      vertex -11.9044 9.76966 4
    endloop
  endfacet
  facet normal 0 0 1
    outer loop
      vertex -5.1252 9.99521 4
      vertex -7.2 2.05 4
      vertex -6.99906 2.04013 4
    endloop
  endfacet
  facet normal 0 0 1
    outer loop
      vertex -5.1252 9.99521 4
      vertex -7.40093 2.04013 4
      vertex -7.2 2.05 4
    endloop
  endfacet
  facet normal 0 -0 1
    outer loop
      vertex -7.59993 2.01061 4
      vertex -5.1252 9.99521 4
      vertex -11.9044 9.76966 4
    endloop
  endfacet
  facet normal 0 0 1
    outer loop
      vertex -5.1252 9.99521 4
      vertex -7.59993 2.01061 4
      vertex -7.40093 2.04013 4
    endloop
  endfacet
  facet normal -0 0 1
    outer loop
      vertex -12.8046 8.55578 4
      vertex -7.59993 2.01061 4
      vertex -11.9044 9.76966 4
    endloop
  endfacet
  facet normal 0 0 1
    outer loop
      vertex -7.59993 2.01061 4
      vertex -12.8046 8.55578 4
      vertex -7.79508 1.96173 4
    endloop
  endfacet
  facet normal 0 0 1
    outer loop
      vertex -7.79508 1.96173 4
      vertex -12.8046 8.55578 4
      vertex -7.9845 1.89395 4
    endloop
  endfacet
  facet normal -0 0 1
    outer loop
      vertex -13.5816 7.25951 4
      vertex -7.9845 1.89395 4
      vertex -12.8046 8.55578 4
    endloop
  endfacet
  facet normal 0 0 1
    outer loop
      vertex -7.9845 1.89395 4
      vertex -13.5816 7.25951 4
      vertex -8.16636 1.80794 4
    endloop
  endfacet
  facet normal 0 0 1
    outer loop
      vertex -8.16636 1.80794 4
      vertex -13.5816 7.25951 4
      vertex -8.33892 1.70451 4
    endloop
  endfacet
  facet normal -0 0 1
    outer loop
      vertex -14.2277 5.89332 4
      vertex -8.33892 1.70451 4
      vertex -13.5816 7.25951 4
    endloop
  endfacet
  facet normal 0 0 1
    outer loop
      vertex -8.33892 1.70451 4
      vertex -14.2277 5.89332 4
      vertex -8.50051 1.58467 4
    endloop
  endfacet
  facet normal 0 0 1
    outer loop
      vertex -8.50051 1.58467 4
      vertex -14.2277 5.89332 4
      vertex -8.64957 1.44957 4
    endloop
  endfacet
  facet normal -0 0 1
    outer loop
      vertex -14.7369 4.47038 4
      vertex -8.64957 1.44957 4
      vertex -14.2277 5.89332 4
    endloop
  endfacet
  facet normal 0 0 1
    outer loop
      vertex -8.90451 -1.13892 4
      vertex -9.72687 -2.42217 4
      vertex -9.32677 -2.42217 4
    endloop
  endfacet
  facet normal 0 0 1
    outer loop
      vertex -15.4 0 4
      vertex -9.25 0 4
      vertex -9.24013 0.200934 4
    endloop
  endfacet
  facet normal 0 0 1
    outer loop
      vertex -8.64957 1.44957 4
      vertex -14.7369 4.47038 4
      vertex -8.78467 1.30051 4
    endloop
  endfacet
  facet normal -0 0 1
    outer loop
      vertex -15.1041 3.00439 4
      vertex -8.90451 1.13892 4
      vertex -14.7369 4.47038 4
    endloop
  endfacet
  facet normal 0 0 1
    outer loop
      vertex -8.78467 1.30051 4
      vertex -14.7369 4.47038 4
      vertex -8.90451 1.13892 4
    endloop
  endfacet
  facet normal -0 0 1
    outer loop
      vertex -4.62723 -3.77779 4
      vertex -2.42769 -5.95811 4
      vertex -4.60861 -3.72416 4
    endloop
  endfacet
  facet normal -0 0 1
    outer loop
      vertex -4.6487 -3.82955 4
      vertex -2.42769 -5.95811 4
      vertex -4.62723 -3.77779 4
    endloop
  endfacet
  facet normal -0 0 1
    outer loop
      vertex -4.67304 -3.87946 4
      vertex -2.42769 -5.95811 4
      vertex -4.6487 -3.82955 4
    endloop
  endfacet
  facet normal -0 0 1
    outer loop
      vertex -4.7 -3.92715 4
      vertex -2.42769 -5.95811 4
      vertex -4.67304 -3.87946 4
    endloop
  endfacet
  facet normal 0 0 1
    outer loop
      vertex -2.42769 -5.95811 4
      vertex -4.7 -3.92715 4
      vertex -2.86119 -6.21793 4
    endloop
  endfacet
  facet normal -0 0 1
    outer loop
      vertex -4.72933 -3.97228 4
      vertex -2.86119 -6.21793 4
      vertex -4.7 -3.92715 4
    endloop
  endfacet
  facet normal -0 0 1
    outer loop
      vertex -4.76103 -4.01485 4
      vertex -2.86119 -6.21793 4
      vertex -4.72933 -3.97228 4
    endloop
  endfacet
  facet normal -0 0 1
    outer loop
      vertex -4.79514 -4.05486 4
      vertex -2.86119 -6.21793 4
      vertex -4.76103 -4.01485 4
    endloop
  endfacet
  facet normal -0 0 1
    outer loop
      vertex -4.83161 -4.09231 4
      vertex -2.86119 -6.21793 4
      vertex -4.79514 -4.05486 4
    endloop
  endfacet
  facet normal -0 0 1
    outer loop
      vertex -4.87046 -4.12719 4
      vertex -2.86119 -6.21793 4
      vertex -4.83161 -4.09231 4
    endloop
  endfacet
  facet normal 0 0 1
    outer loop
      vertex -2.86119 -6.21793 4
      vertex -4.87046 -4.12719 4
      vertex -3.26713 -6.519 4
    endloop
  endfacet
  facet normal -0 0 1
    outer loop
      vertex -4.91167 -4.15952 4
      vertex -3.26713 -6.519 4
      vertex -4.87046 -4.12719 4
    endloop
  endfacet
  facet normal -0 0 1
    outer loop
      vertex -4.95528 -4.18928 4
      vertex -3.26713 -6.519 4
      vertex -4.91167 -4.15952 4
    endloop
  endfacet
  facet normal -0 0 1
    outer loop
      vertex -5.00125 -4.21648 4
      vertex -3.26713 -6.519 4
      vertex -4.95528 -4.18928 4
    endloop
  endfacet
  facet normal -0 0 1
    outer loop
      vertex -5.04918 -4.24096 4
      vertex -3.26713 -6.519 4
      vertex -5.00125 -4.21648 4
    endloop
  endfacet
  facet normal 0 0 1
    outer loop
      vertex -3.26713 -6.519 4
      vertex -5.04918 -4.24096 4
      vertex -3.6416 -6.8584 4
    endloop
  endfacet
  facet normal -0 0 1
    outer loop
      vertex -5.09864 -4.26256 4
      vertex -3.6416 -6.8584 4
      vertex -5.04918 -4.24096 4
    endloop
  endfacet
  facet normal -0 0 1
    outer loop
      vertex -5.14962 -4.28127 4
      vertex -3.6416 -6.8584 4
      vertex -5.09864 -4.26256 4
    endloop
  endfacet
  facet normal -0 0 1
    outer loop
      vertex -5.20211 -4.29711 4
      vertex -3.6416 -6.8584 4
      vertex -5.14962 -4.28127 4
    endloop
  endfacet
  facet normal -0 0 1
    outer loop
      vertex -5.25614 -4.31008 4
      vertex -3.6416 -6.8584 4
      vertex -5.20211 -4.29711 4
    endloop
  endfacet
  facet normal -0 0 1
    outer loop
      vertex -5.31168 -4.32015 4
      vertex -3.6416 -6.8584 4
      vertex -5.25614 -4.31008 4
    endloop
  endfacet
  facet normal 0 0 1
    outer loop
      vertex -3.6416 -6.8584 4
      vertex -5.31168 -4.32015 4
      vertex -3.981 -7.23287 4
    endloop
  endfacet
  facet normal -0 0 1
    outer loop
      vertex -5.36876 -4.32735 4
      vertex -3.981 -7.23287 4
      vertex -5.31168 -4.32015 4
    endloop
  endfacet
  facet normal -0 0 1
    outer loop
      vertex -5.42736 -4.33167 4
      vertex -3.981 -7.23287 4
      vertex -5.36876 -4.32735 4
    endloop
  endfacet
  facet normal -0 0 1
    outer loop
      vertex -5.48748 -4.33312 4
      vertex -3.981 -7.23287 4
      vertex -5.42736 -4.33167 4
    endloop
  endfacet
  facet normal 0 0 1
    outer loop
      vertex -3.981 -7.23287 4
      vertex -5.48748 -4.33312 4
      vertex -4.28207 -7.63881 4
    endloop
  endfacet
  facet normal -0 0 1
    outer loop
      vertex -6.26053 -4.33312 4
      vertex -4.28207 -7.63881 4
      vertex -5.48748 -4.33312 4
    endloop
  endfacet
  facet normal 0 0 1
    outer loop
      vertex -2.42769 -15.0419 4
      vertex -3.00439 -15.1041 4
      vertex -1.97258 -15.2571 4
    endloop
  endfacet
  facet normal 0 0 1
    outer loop
      vertex -2.86119 -14.7821 4
      vertex -3.00439 -15.1041 4
      vertex -2.42769 -15.0419 4
    endloop
  endfacet
  facet normal 0 0 1
    outer loop
      vertex -3.26713 -14.481 4
      vertex -3.00439 -15.1041 4
      vertex -2.86119 -14.7821 4
    endloop
  endfacet
  facet normal 0 0 1
    outer loop
      vertex -4.47038 -14.7369 4
      vertex -3.26713 -14.481 4
      vertex -3.6416 -14.1416 4
    endloop
  endfacet
  facet normal 0 0 1
    outer loop
      vertex -4.47038 -14.7369 4
      vertex -3.6416 -14.1416 4
      vertex -3.981 -13.7671 4
    endloop
  endfacet
  facet normal 0 0 1
    outer loop
      vertex -4.47038 -14.7369 4
      vertex -3.981 -13.7671 4
      vertex -4.28207 -13.3612 4
    endloop
  endfacet
  facet normal 0 0 1
    outer loop
      vertex -3.26713 -14.481 4
      vertex -4.47038 -14.7369 4
      vertex -3.00439 -15.1041 4
    endloop
  endfacet
  facet normal 0 0 1
    outer loop
      vertex -5.89332 -14.2277 4
      vertex -4.28207 -13.3612 4
      vertex -4.54189 -12.9277 4
    endloop
  endfacet
  facet normal 0 0 1
    outer loop
      vertex -5.89332 -14.2277 4
      vertex -4.54189 -12.9277 4
      vertex -4.75798 -12.4708 4
    endloop
  endfacet
  facet normal 0 0 1
    outer loop
      vertex -7.25951 -13.5816 4
      vertex -4.75798 -12.4708 4
      vertex -4.92824 -11.995 4
    endloop
  endfacet
  facet normal 0 0 1
    outer loop
      vertex -7.25951 -13.5816 4
      vertex -4.92824 -11.995 4
      vertex -5.05104 -11.5047 4
    endloop
  endfacet
  facet normal 0 0 1
    outer loop
      vertex -4.28207 -7.63881 4
      vertex -6.26053 -4.33312 4
      vertex -4.54189 -8.07231 4
    endloop
  endfacet
  facet normal -0 0 1
    outer loop
      vertex -6.51154 -4.33312 4
      vertex -4.54189 -8.07231 4
      vertex -6.26053 -4.33312 4
    endloop
  endfacet
  facet normal 0 0 1
    outer loop
      vertex -4.54189 -8.07231 4
      vertex -6.51154 -4.33312 4
      vertex -4.75798 -8.52918 4
    endloop
  endfacet
  facet normal -0 0 1
    outer loop
      vertex -8.06986 -4.33312 4
      vertex -4.75798 -8.52918 4
      vertex -6.51154 -4.33312 4
    endloop
  endfacet
  facet normal 0 0 1
    outer loop
      vertex -4.75798 -8.52918 4
      vertex -8.06986 -4.33312 4
      vertex -4.92824 -9.00503 4
    endloop
  endfacet
  facet normal -0 0 1
    outer loop
      vertex -8.30146 -4.33312 4
      vertex -4.92824 -9.00503 4
      vertex -8.06986 -4.33312 4
    endloop
  endfacet
  facet normal 0 0 1
    outer loop
      vertex -4.28207 -13.3612 4
      vertex -5.89332 -14.2277 4
      vertex -4.47038 -14.7369 4
    endloop
  endfacet
  facet normal 0 0 1
    outer loop
      vertex -8.55578 -12.8046 4
      vertex -5.05104 -11.5047 4
      vertex -5.1252 -11.0048 4
    endloop
  endfacet
  facet normal 0 0 1
    outer loop
      vertex -10.8894 -10.8894 4
      vertex -4.92824 -9.00503 4
      vertex -8.30146 -4.33312 4
    endloop
  endfacet
  facet normal 0 0 1
    outer loop
      vertex -4.92824 -9.00503 4
      vertex -10.8894 -10.8894 4
      vertex -5.05104 -9.49528 4
    endloop
  endfacet
  facet normal 0 0 1
    outer loop
      vertex -6.64987 -3.21151 4
      vertex -6.26053 -2.42217 4
      vertex -6.56713 -2.73139 4
    endloop
  endfacet
  facet normal 0 0 1
    outer loop
      vertex -6.26053 -4.33312 4
      vertex -6.51154 -4.0239 4
      vertex -6.51154 -4.33312 4
    endloop
  endfacet
  facet normal 0 0 1
    outer loop
      vertex -5.05104 -9.49528 4
      vertex -9.76966 -11.9044 4
      vertex -5.1252 -9.99521 4
    endloop
  endfacet
  facet normal 0 0 1
    outer loop
      vertex -4.75798 -12.4708 4
      vertex -7.25951 -13.5816 4
      vertex -5.89332 -14.2277 4
    endloop
  endfacet
  facet normal 0 0 1
    outer loop
      vertex -5.1252 -9.99521 4
      vertex -9.76966 -11.9044 4
      vertex -5.15 -10.5 4
    endloop
  endfacet
  facet normal 0 0 1
    outer loop
      vertex -8.06986 -2.42217 4
      vertex -8.30146 -4.0239 4
      vertex -8.06986 -4.33312 4
    endloop
  endfacet
  facet normal 0 0 1
    outer loop
      vertex -8.30146 -4.33312 4
      vertex -8.06986 -4.33312 4
      vertex -8.30146 -4.0239 4
    endloop
  endfacet
  facet normal 0 -0 1
    outer loop
      vertex -9.76966 -11.9044 4
      vertex -5.05104 -9.49528 4
      vertex -10.8894 -10.8894 4
    endloop
  endfacet
  facet normal 0 0 1
    outer loop
      vertex -5.05104 -11.5047 4
      vertex -8.55578 -12.8046 4
      vertex -7.25951 -13.5816 4
    endloop
  endfacet
  facet normal 0 0 1
    outer loop
      vertex -11.9044 -9.76966 4
      vertex -8.30146 -4.33312 4
      vertex -9.72687 -4.33312 4
    endloop
  endfacet
  facet normal 0 0 1
    outer loop
      vertex -5.15 -10.5 4
      vertex -8.55578 -12.8046 4
      vertex -5.1252 -11.0048 4
    endloop
  endfacet
  facet normal 0 0 1
    outer loop
      vertex -8.90451 1.13892 4
      vertex -15.1041 3.00439 4
      vertex -9.00794 0.966363 4
    endloop
  endfacet
  facet normal 0 0 1
    outer loop
      vertex -9.00794 0.966363 4
      vertex -15.1041 3.00439 4
      vertex -9.09395 0.7845 4
    endloop
  endfacet
  facet normal 0 -0 1
    outer loop
      vertex -8.55578 -12.8046 4
      vertex -5.15 -10.5 4
      vertex -9.76966 -11.9044 4
    endloop
  endfacet
  facet normal -0 0 1
    outer loop
      vertex -15.3258 1.50946 4
      vertex -9.09395 0.7845 4
      vertex -15.1041 3.00439 4
    endloop
  endfacet
  facet normal 0 0 1
    outer loop
      vertex -8.30146 -4.33312 4
      vertex -11.9044 -9.76966 4
      vertex -10.8894 -10.8894 4
    endloop
  endfacet
  facet normal 0 0 1
    outer loop
      vertex -9.09395 0.7845 4
      vertex -15.3258 1.50946 4
      vertex -9.16173 0.595083 4
    endloop
  endfacet
  facet normal 0 0 1
    outer loop
      vertex -9.72687 -4.33312 4
      vertex -12.8046 -8.55578 4
      vertex -11.9044 -9.76966 4
    endloop
  endfacet
  facet normal 0 0 1
    outer loop
      vertex -9.16173 0.595083 4
      vertex -15.3258 1.50946 4
      vertex -9.21061 0.399935 4
    endloop
  endfacet
  facet normal 0 0 1
    outer loop
      vertex -9.72687 -4.33312 4
      vertex -13.5816 -7.25951 4
      vertex -12.8046 -8.55578 4
    endloop
  endfacet
  facet normal 0 0 1
    outer loop
      vertex -9.21061 0.399935 4
      vertex -15.3258 1.50946 4
      vertex -9.24013 0.200934 4
    endloop
  endfacet
  facet normal 0 0 1
    outer loop
      vertex -9.72687 -4.33312 4
      vertex -14.2277 -5.89332 4
      vertex -13.5816 -7.25951 4
    endloop
  endfacet
  facet normal 0 0 1
    outer loop
      vertex -15.4 0 4
      vertex -9.24013 0.200934 4
      vertex -15.3258 1.50946 4
    endloop
  endfacet
  facet normal 0 0 1
    outer loop
      vertex -9.72687 -4.33312 4
      vertex -14.7369 -4.47038 4
      vertex -14.2277 -5.89332 4
    endloop
  endfacet
  facet normal 0 0 1
    outer loop
      vertex -9.24013 -0.200934 4
      vertex -15.4 0 4
      vertex -15.3258 -1.50946 4
    endloop
  endfacet
  facet normal 0 0 1
    outer loop
      vertex -9.72687 -2.42217 4
      vertex -14.7369 -4.47038 4
      vertex -9.72687 -4.33312 4
    endloop
  endfacet
  facet normal 0 0 1
    outer loop
      vertex -9.24013 -0.200934 4
      vertex -15.3258 -1.50946 4
      vertex -9.72687 -2.42217 4
    endloop
  endfacet
  facet normal 0 -0 1
    outer loop
      vertex -14.7369 -4.47038 4
      vertex -9.72687 -2.42217 4
      vertex -15.1041 -3.00439 4
    endloop
  endfacet
  facet normal 0 -0 1
    outer loop
      vertex -15.1041 -3.00439 4
      vertex -9.72687 -2.42217 4
      vertex -15.3258 -1.50946 4
    endloop
  endfacet
  facet normal 0 0 1
    outer loop
      vertex -9.32677 -2.42217 4
      vertex -8.16636 -1.80794 4
      vertex -8.33892 -1.70451 4
    endloop
  endfacet
  facet normal 0 0 1
    outer loop
      vertex -9.32677 -2.42217 4
      vertex -8.33892 -1.70451 4
      vertex -8.50051 -1.58467 4
    endloop
  endfacet
  facet normal 0 0 1
    outer loop
      vertex -9.32677 -2.42217 4
      vertex -8.50051 -1.58467 4
      vertex -8.64957 -1.44957 4
    endloop
  endfacet
  facet normal 0 0 1
    outer loop
      vertex -9.32677 -2.42217 4
      vertex -8.64957 -1.44957 4
      vertex -8.78467 -1.30051 4
    endloop
  endfacet
  facet normal 0 0 1
    outer loop
      vertex -9.32677 -2.42217 4
      vertex -8.78467 -1.30051 4
      vertex -8.90451 -1.13892 4
    endloop
  endfacet
  facet normal 0 0 1
    outer loop
      vertex -9.72687 -2.42217 4
      vertex -8.90451 -1.13892 4
      vertex -9.00794 -0.966363 4
    endloop
  endfacet
  facet normal 0 0 1
    outer loop
      vertex -9.72687 -2.42217 4
      vertex -9.00794 -0.966363 4
      vertex -9.09395 -0.7845 4
    endloop
  endfacet
  facet normal 0 0 1
    outer loop
      vertex -9.72687 -2.42217 4
      vertex -9.09395 -0.7845 4
      vertex -9.16173 -0.595083 4
    endloop
  endfacet
  facet normal -0 0 1
    outer loop
      vertex -15.4 0 4
      vertex -9.24013 -0.200934 4
      vertex -9.25 0 4
    endloop
  endfacet
  facet normal 0 0 1
    outer loop
      vertex -9.72687 -2.42217 4
      vertex -9.21061 -0.399935 4
      vertex -9.24013 -0.200934 4
    endloop
  endfacet
  facet normal 0 0 1
    outer loop
      vertex -9.72687 -2.42217 4
      vertex -9.16173 -0.595083 4
      vertex -9.21061 -0.399935 4
    endloop
  endfacet
  facet normal 0 0 1
    outer loop
      vertex -8.16636 -1.80794 4
      vertex -9.32677 -2.42217 4
      vertex -8.30146 -4.0239 4
    endloop
  endfacet
  facet normal 0 0 1
    outer loop
      vertex -8.30146 -4.0239 4
      vertex -9.32677 -2.42217 4
      vertex -9.32677 -4.0239 4
    endloop
  endfacet
  facet normal -0 0 1
    outer loop
      vertex -7.66976 -2.73139 4
      vertex -6.64987 -3.21151 4
      vertex -6.56713 -2.73139 4
    endloop
  endfacet
  facet normal 0 0 1
    outer loop
      vertex -6.64987 -3.21151 4
      vertex -7.66976 -2.73139 4
      vertex -7.66976 -3.21151 4
    endloop
  endfacet
  facet normal 0 0 1
    outer loop
      vertex -6.56713 -2.73139 4
      vertex -6.4155 -1.89395 4
      vertex -6.56713 -2.42217 4
    endloop
  endfacet
  facet normal -0 0 1
    outer loop
      vertex -6.60492 -1.96173 4
      vertex -6.56713 -2.42217 4
      vertex -6.4155 -1.89395 4
    endloop
  endfacet
  facet normal -0 0 1
    outer loop
      vertex -6.80006 -2.01061 4
      vertex -6.56713 -2.42217 4
      vertex -6.60492 -1.96173 4
    endloop
  endfacet
  facet normal -0 0 1
    outer loop
      vertex -6.99906 -2.04013 4
      vertex -6.56713 -2.42217 4
      vertex -6.80006 -2.01061 4
    endloop
  endfacet
  facet normal -0 0 1
    outer loop
      vertex -7.2 -2.05 4
      vertex -6.56713 -2.42217 4
      vertex -6.99906 -2.04013 4
    endloop
  endfacet
  facet normal 0 0 1
    outer loop
      vertex -8.06986 -2.42217 4
      vertex -7.2 -2.05 4
      vertex -7.40093 -2.04013 4
    endloop
  endfacet
  facet normal 0 0 1
    outer loop
      vertex -8.06986 -2.42217 4
      vertex -7.40093 -2.04013 4
      vertex -7.59993 -2.01061 4
    endloop
  endfacet
  facet normal 0 0 1
    outer loop
      vertex -8.06986 -2.42217 4
      vertex -7.59993 -2.01061 4
      vertex -7.79508 -1.96173 4
    endloop
  endfacet
  facet normal 0 0 1
    outer loop
      vertex -8.06986 -2.42217 4
      vertex -7.79508 -1.96173 4
      vertex -7.9845 -1.89395 4
    endloop
  endfacet
  facet normal 0 0 1
    outer loop
      vertex -7.2 -2.05 4
      vertex -8.06986 -2.42217 4
      vertex -6.56713 -2.42217 4
    endloop
  endfacet
  facet normal 0 0 1
    outer loop
      vertex -8.30146 -4.0239 4
      vertex -8.06986 -2.42217 4
      vertex -8.16636 -1.80794 4
    endloop
  endfacet
  facet normal 0 0 1
    outer loop
      vertex -8.16636 -1.80794 4
      vertex -8.06986 -2.42217 4
      vertex -7.9845 -1.89395 4
    endloop
  endfacet
  facet normal 0 0 1
    outer loop
      vertex -6.64987 -3.52071 4
      vertex -6.26053 -2.42217 4
      vertex -6.64987 -3.21151 4
    endloop
  endfacet
  facet normal 0 0 1
    outer loop
      vertex -6.26053 -2.42217 4
      vertex -6.64987 -3.52071 4
      vertex -6.26053 -4.33312 4
    endloop
  endfacet
  facet normal 0 0 1
    outer loop
      vertex -6.26053 -4.33312 4
      vertex -6.64987 -3.52071 4
      vertex -6.51154 -4.0239 4
    endloop
  endfacet
  facet normal 0 0 1
    outer loop
      vertex -7.66976 -4.0239 4
      vertex -6.64987 -3.52071 4
      vertex -7.66976 -3.52071 4
    endloop
  endfacet
  facet normal 0 0 1
    outer loop
      vertex -6.64987 -3.52071 4
      vertex -7.66976 -4.0239 4
      vertex -6.51154 -4.0239 4
    endloop
  endfacet
  facet normal -0 0 1
    outer loop
      vertex -1.69257 3.51135 4
      vertex -1.46057 2.75964 4
      vertex -1.68863 3.56863 4
    endloop
  endfacet
  facet normal -0 0 1
    outer loop
      vertex -1.69913 3.45567 4
      vertex -1.46057 2.75964 4
      vertex -1.69257 3.51135 4
    endloop
  endfacet
  facet normal -0 0 1
    outer loop
      vertex -1.7083 3.40157 4
      vertex -1.46057 2.75964 4
      vertex -1.69913 3.45567 4
    endloop
  endfacet
  facet normal -0 0 1
    outer loop
      vertex -1.72011 3.34908 4
      vertex -1.46057 2.75964 4
      vertex -1.7083 3.40157 4
    endloop
  endfacet
  facet normal -0 0 1
    outer loop
      vertex -1.73453 3.2982 4
      vertex -1.46057 2.75964 4
      vertex -1.72011 3.34908 4
    endloop
  endfacet
  facet normal -0 0 1
    outer loop
      vertex -1.75157 3.24891 4
      vertex -1.46057 2.75964 4
      vertex -1.73453 3.2982 4
    endloop
  endfacet
  facet normal -0 0 1
    outer loop
      vertex -1.77124 3.20121 4
      vertex -1.46057 2.75964 4
      vertex -1.75157 3.24891 4
    endloop
  endfacet
  facet normal -0 0 1
    outer loop
      vertex -1.79352 3.15511 4
      vertex -1.46057 2.75964 4
      vertex -1.77124 3.20121 4
    endloop
  endfacet
  facet normal -0 0 1
    outer loop
      vertex -1.81825 3.111 4
      vertex -1.46057 2.75964 4
      vertex -1.79352 3.15511 4
    endloop
  endfacet
  facet normal -0 0 1
    outer loop
      vertex -1.84523 3.06925 4
      vertex -1.46057 2.75964 4
      vertex -1.81825 3.111 4
    endloop
  endfacet
  facet normal -0 0 1
    outer loop
      vertex -1.87448 3.02987 4
      vertex -1.46057 2.75964 4
      vertex -1.84523 3.06925 4
    endloop
  endfacet
  facet normal -0 0 1
    outer loop
      vertex -1.90599 2.99285 4
      vertex -1.46057 2.75964 4
      vertex -1.87448 3.02987 4
    endloop
  endfacet
  facet normal -0 0 1
    outer loop
      vertex -1.93976 2.9582 4
      vertex -1.46057 2.75964 4
      vertex -1.90599 2.99285 4
    endloop
  endfacet
  facet normal -0 0 1
    outer loop
      vertex -1.9758 2.92591 4
      vertex -1.46057 2.75964 4
      vertex -1.93976 2.9582 4
    endloop
  endfacet
  facet normal -0 0 1
    outer loop
      vertex -2.01408 2.89599 4
      vertex -1.46057 2.75964 4
      vertex -1.9758 2.92591 4
    endloop
  endfacet
  facet normal -0 0 1
    outer loop
      vertex -2.05464 2.86843 4
      vertex -1.46057 2.75964 4
      vertex -2.01408 2.89599 4
    endloop
  endfacet
  facet normal -0 0 1
    outer loop
      vertex -2.09746 2.84324 4
      vertex -1.46057 2.75964 4
      vertex -2.05464 2.86843 4
    endloop
  endfacet
  facet normal -0 0 1
    outer loop
      vertex -2.14221 2.82057 4
      vertex -1.46057 2.75964 4
      vertex -2.09746 2.84324 4
    endloop
  endfacet
  facet normal -0 0 1
    outer loop
      vertex -2.18858 2.80056 4
      vertex -1.46057 2.75964 4
      vertex -2.14221 2.82057 4
    endloop
  endfacet
  facet normal -0 0 1
    outer loop
      vertex -2.2366 2.78323 4
      vertex -1.46057 2.75964 4
      vertex -2.18858 2.80056 4
    endloop
  endfacet
  facet normal 0 0 1
    outer loop
      vertex -1.46057 2.75964 4
      vertex -4.63871 -2.92368 4
      vertex -1.49497 -5.57176 4
    endloop
  endfacet
  facet normal -0 0 1
    outer loop
      vertex -2.28624 2.76856 4
      vertex -1.46057 2.75964 4
      vertex -2.2366 2.78323 4
    endloop
  endfacet
  facet normal 0 0 1
    outer loop
      vertex -2.33751 2.75655 4
      vertex -1.46057 2.75964 4
      vertex -2.28624 2.76856 4
    endloop
  endfacet
  facet normal 0 0 1
    outer loop
      vertex -2.3904 2.74723 4
      vertex -1.46057 2.75964 4
      vertex -2.33751 2.75655 4
    endloop
  endfacet
  facet normal 0 0 1
    outer loop
      vertex -1.46057 2.75964 4
      vertex -2.3904 2.74723 4
      vertex -5.15987 -0.200934 4
    endloop
  endfacet
  facet normal -0 -0 1
    outer loop
      vertex -4.58646 -3.08396 4
      vertex -1.49497 -5.57176 4
      vertex -4.60932 -3.00121 4
    endloop
  endfacet
  facet normal 0 0 1
    outer loop
      vertex -5.15987 -0.200934 4
      vertex -2.3904 2.74723 4
      vertex -2.44492 2.74056 4
    endloop
  endfacet
  facet normal 0 0 1
    outer loop
      vertex -5.15 0 4
      vertex -2.44492 2.74056 4
      vertex -2.50107 2.73655 4
    endloop
  endfacet
  facet normal 0 0 1
    outer loop
      vertex -5.15 0 4
      vertex -2.50107 2.73655 4
      vertex -2.55885 2.73522 4
    endloop
  endfacet
  facet normal 0 0 1
    outer loop
      vertex -5.15987 0.200934 4
      vertex -2.55885 2.73522 4
      vertex -2.64674 2.73817 4
    endloop
  endfacet
  facet normal 0 0 1
    outer loop
      vertex -5.15987 0.200934 4
      vertex -2.64674 2.73817 4
      vertex -2.7303 2.747 4
    endloop
  endfacet
  facet normal 0 0 1
    outer loop
      vertex -5.15987 0.200934 4
      vertex -2.7303 2.747 4
      vertex -2.80954 2.76174 4
    endloop
  endfacet
  facet normal -0 -0 1
    outer loop
      vertex -4.57013 -3.1719 4
      vertex -1.49497 -5.57176 4
      vertex -4.58646 -3.08396 4
    endloop
  endfacet
  facet normal 0 0 1
    outer loop
      vertex -5.15987 0.200934 4
      vertex -2.80954 2.76174 4
      vertex -2.88446 2.78236 4
    endloop
  endfacet
  facet normal 0 0 1
    outer loop
      vertex -5.15987 0.200934 4
      vertex -2.88446 2.78236 4
      vertex -2.95505 2.80888 4
    endloop
  endfacet
  facet normal 0 0 1
    outer loop
      vertex -5.15987 0.200934 4
      vertex -2.95505 2.80888 4
      vertex -3.02132 2.84129 4
    endloop
  endfacet
  facet normal 0 0 1
    outer loop
      vertex -5.15987 0.200934 4
      vertex -3.02132 2.84129 4
      vertex -3.08327 2.87957 4
    endloop
  endfacet
  facet normal 0 0 1
    outer loop
      vertex -5.15987 0.200934 4
      vertex -3.08327 2.87957 4
      vertex -3.14088 2.92378 4
    endloop
  endfacet
  facet normal 0 0 1
    outer loop
      vertex -5.15987 0.200934 4
      vertex -3.14088 2.92378 4
      vertex -3.19417 2.97386 4
    endloop
  endfacet
  facet normal 0 0 1
    outer loop
      vertex -5.15987 0.200934 4
      vertex -3.19417 2.97386 4
      vertex -3.24246 3.02906 4
    endloop
  endfacet
  facet normal -0 -0 1
    outer loop
      vertex -4.55707 -3.36341 4
      vertex -1.49497 -5.57176 4
      vertex -4.56034 -3.26505 4
    endloop
  endfacet
  facet normal 0 0 1
    outer loop
      vertex -5.15987 0.200934 4
      vertex -3.24246 3.02906 4
      vertex -3.28508 3.08862 4
    endloop
  endfacet
  facet normal 0 0 1
    outer loop
      vertex -5.15987 0.200934 4
      vertex -3.28508 3.08862 4
      vertex -3.32201 3.15254 4
    endloop
  endfacet
  facet normal 0 0 1
    outer loop
      vertex -5.15987 0.200934 4
      vertex -3.32201 3.15254 4
      vertex -3.35326 3.2208 4
    endloop
  endfacet
  facet normal 0 0 1
    outer loop
      vertex -5.15987 0.200934 4
      vertex -3.35326 3.2208 4
      vertex -3.37881 3.29344 4
    endloop
  endfacet
  facet normal 0 0 1
    outer loop
      vertex -5.15987 0.200934 4
      vertex -3.37881 3.29344 4
      vertex -3.3987 3.37042 4
    endloop
  endfacet
  facet normal 0 0 1
    outer loop
      vertex -5.15987 0.200934 4
      vertex -3.3987 3.37042 4
      vertex -3.4129 3.45176 4
    endloop
  endfacet
  facet normal 0 0 1
    outer loop
      vertex -5.15987 0.200934 4
      vertex -3.4129 3.45176 4
      vertex -3.42143 3.53745 4
    endloop
  endfacet
  facet normal 0 0 1
    outer loop
      vertex -5.15987 0.200934 4
      vertex -3.42143 3.53745 4
      vertex -3.42427 3.62748 4
    endloop
  endfacet
  facet normal 0 0 1
    outer loop
      vertex -5.15987 0.200934 4
      vertex -3.41293 3.80241 4
      vertex -4.28207 7.63881 4
    endloop
  endfacet
  facet normal -0 0 1
    outer loop
      vertex -4.55851 -3.42817 4
      vertex -1.49497 -5.57176 4
      vertex -4.55707 -3.36341 4
    endloop
  endfacet
  facet normal 0 0 1
    outer loop
      vertex -3.41293 3.80241 4
      vertex -5.15987 0.200934 4
      vertex -3.42143 3.71719 4
    endloop
  endfacet
  facet normal 0 0 1
    outer loop
      vertex -1.49497 -5.57176 4
      vertex -4.56281 -3.49108 4
      vertex -1.97082 -5.74202 4
    endloop
  endfacet
  facet normal 0 0 1
    outer loop
      vertex -5.15987 0.200934 4
      vertex -3.42427 3.62748 4
      vertex -3.42143 3.71719 4
    endloop
  endfacet
  facet normal -0 0 1
    outer loop
      vertex -4.57997 -3.61133 4
      vertex -1.97082 -5.74202 4
      vertex -4.56996 -3.55215 4
    endloop
  endfacet
  facet normal 0 0 1
    outer loop
      vertex -5.15987 0.200934 4
      vertex -4.28207 7.63881 4
      vertex -4.54189 8.07231 4
    endloop
  endfacet
  facet normal -0 0 1
    outer loop
      vertex -4.59287 -3.66868 4
      vertex -1.97082 -5.74202 4
      vertex -4.57997 -3.61133 4
    endloop
  endfacet
  facet normal 0 0 1
    outer loop
      vertex -1.97082 -5.74202 4
      vertex -4.60861 -3.72416 4
      vertex -2.42769 -5.95811 4
    endloop
  endfacet
  facet normal -0 0 1
    outer loop
      vertex -4.60861 -3.72416 4
      vertex -1.97082 -5.74202 4
      vertex -4.59287 -3.66868 4
    endloop
  endfacet
  facet normal -0 0 1
    outer loop
      vertex -4.56996 -3.55215 4
      vertex -1.97082 -5.74202 4
      vertex -4.56281 -3.49108 4
    endloop
  endfacet
  facet normal -0 0 1
    outer loop
      vertex -4.56281 -3.49108 4
      vertex -1.49497 -5.57176 4
      vertex -4.55851 -3.42817 4
    endloop
  endfacet
  facet normal 0 0 1
    outer loop
      vertex -2.44492 2.74056 4
      vertex -5.15 0 4
      vertex -5.15987 -0.200934 4
    endloop
  endfacet
  facet normal -0 -0 1
    outer loop
      vertex -4.56034 -3.26505 4
      vertex -1.49497 -5.57176 4
      vertex -4.57013 -3.1719 4
    endloop
  endfacet
  facet normal 0 0 1
    outer loop
      vertex -1.49497 -5.57176 4
      vertex -4.63871 -2.92368 4
      vertex -4.60932 -3.00121 4
    endloop
  endfacet
  facet normal 0 0 1
    outer loop
      vertex -1.46057 2.75964 4
      vertex -5.15987 -0.200934 4
      vertex -5.18939 -0.399935 4
    endloop
  endfacet
  facet normal 0 0 1
    outer loop
      vertex -5.15987 0.200934 4
      vertex -4.54189 8.07231 4
      vertex -4.75798 8.52918 4
    endloop
  endfacet
  facet normal 0 0 1
    outer loop
      vertex -1.46057 2.75964 4
      vertex -4.67462 -2.85135 4
      vertex -4.63871 -2.92368 4
    endloop
  endfacet
  facet normal 0 0 1
    outer loop
      vertex -1.46057 2.75964 4
      vertex -5.18939 -0.399935 4
      vertex -4.67462 -2.85135 4
    endloop
  endfacet
  facet normal 0 0 1
    outer loop
      vertex -4.67462 -2.85135 4
      vertex -5.18939 -0.399935 4
      vertex -4.71707 -2.78425 4
    endloop
  endfacet
  facet normal 0 0 1
    outer loop
      vertex -5.15987 0.200934 4
      vertex -4.75798 8.52918 4
      vertex -4.92824 9.00503 4
    endloop
  endfacet
  facet normal 0 0 1
    outer loop
      vertex -4.71707 -2.78425 4
      vertex -5.18939 -0.399935 4
      vertex -4.76604 -2.72233 4
    endloop
  endfacet
  facet normal -0 0 1
    outer loop
      vertex -5.23827 -0.595083 4
      vertex -4.76604 -2.72233 4
      vertex -5.18939 -0.399935 4
    endloop
  endfacet
  facet normal 0 0 1
    outer loop
      vertex -5.15987 0.200934 4
      vertex -4.92824 9.00503 4
      vertex -5.05104 9.49528 4
    endloop
  endfacet
  facet normal 0 0 1
    outer loop
      vertex -4.76604 -2.72233 4
      vertex -5.23827 -0.595083 4
      vertex -4.82155 -2.66562 4
    endloop
  endfacet
  facet normal 0 0 1
    outer loop
      vertex -5.15987 0.200934 4
      vertex -5.05104 9.49528 4
      vertex -5.1252 9.99521 4
    endloop
  endfacet
  facet normal 0 0 1
    outer loop
      vertex -9.76966 11.9044 4
      vertex -5.1252 9.99521 4
      vertex -5.15 10.5 4
    endloop
  endfacet
  facet normal -0 0 1
    outer loop
      vertex -5.30605 -0.7845 4
      vertex -4.82155 -2.66562 4
      vertex -5.23827 -0.595083 4
    endloop
  endfacet
  facet normal 0 0 1
    outer loop
      vertex -4.82155 -2.66562 4
      vertex -5.30605 -0.7845 4
      vertex -4.88301 -2.61454 4
    endloop
  endfacet
  facet normal -0 0 1
    outer loop
      vertex -5.39206 -0.966363 4
      vertex -4.88301 -2.61454 4
      vertex -5.30605 -0.7845 4
    endloop
  endfacet
  facet normal 0 0 1
    outer loop
      vertex -4.88301 -2.61454 4
      vertex -5.39206 -0.966363 4
      vertex -4.94988 -2.56945 4
    endloop
  endfacet
  facet normal 0 0 1
    outer loop
      vertex -4.94988 -2.56945 4
      vertex -5.39206 -0.966363 4
      vertex -5.02213 -2.53037 4
    endloop
  endfacet
  facet normal -0 0 1
    outer loop
      vertex -5.49549 -1.13892 4
      vertex -5.02213 -2.53037 4
      vertex -5.39206 -0.966363 4
    endloop
  endfacet
  facet normal 0 0 1
    outer loop
      vertex -5.02213 -2.53037 4
      vertex -5.49549 -1.13892 4
      vertex -5.09976 -2.49732 4
    endloop
  endfacet
  facet normal 0 0 1
    outer loop
      vertex -5.09976 -2.49732 4
      vertex -5.49549 -1.13892 4
      vertex -5.18279 -2.47027 4
    endloop
  endfacet
  facet normal -0 0 1
    outer loop
      vertex -5.61533 -1.30051 4
      vertex -5.18279 -2.47027 4
      vertex -5.49549 -1.13892 4
    endloop
  endfacet
  facet normal 0 0 1
    outer loop
      vertex -5.18279 -2.47027 4
      vertex -5.61533 -1.30051 4
      vertex -5.27121 -2.44922 4
    endloop
  endfacet
  facet normal -0 0 1
    outer loop
      vertex -5.75043 -1.44957 4
      vertex -5.27121 -2.44922 4
      vertex -5.61533 -1.30051 4
    endloop
  endfacet
  facet normal 0 0 1
    outer loop
      vertex -5.27121 -2.44922 4
      vertex -5.75043 -1.44957 4
      vertex -5.36504 -2.43419 4
    endloop
  endfacet
  facet normal 0 0 1
    outer loop
      vertex -5.36504 -2.43419 4
      vertex -5.75043 -1.44957 4
      vertex -5.46424 -2.42518 4
    endloop
  endfacet
  facet normal -0 0 1
    outer loop
      vertex -5.89949 -1.58467 4
      vertex -5.46424 -2.42518 4
      vertex -5.75043 -1.44957 4
    endloop
  endfacet
  facet normal 0 0 1
    outer loop
      vertex -5.46424 -2.42518 4
      vertex -5.89949 -1.58467 4
      vertex -5.56884 -2.42217 4
    endloop
  endfacet
  facet normal -0 0 1
    outer loop
      vertex -6.06108 -1.70451 4
      vertex -5.56884 -2.42217 4
      vertex -5.89949 -1.58467 4
    endloop
  endfacet
  facet normal 0 0 1
    outer loop
      vertex -6.26053 -2.42217 4
      vertex -6.06108 -1.70451 4
      vertex -6.23364 -1.80794 4
    endloop
  endfacet
  facet normal 0 0 1
    outer loop
      vertex -6.06108 -1.70451 4
      vertex -6.26053 -2.42217 4
      vertex -5.56884 -2.42217 4
    endloop
  endfacet
  facet normal 0 0 1
    outer loop
      vertex -6.56713 -2.73139 4
      vertex -6.26053 -2.42217 4
      vertex -6.4155 -1.89395 4
    endloop
  endfacet
  facet normal -0 0 1
    outer loop
      vertex -6.4155 -1.89395 4
      vertex -6.26053 -2.42217 4
      vertex -6.23364 -1.80794 4
    endloop
  endfacet
  facet normal -0 0 1
    outer loop
      vertex 0.662598 4.20118 4
      vertex 1.58051 3.76908 4
      vertex 1.65498 4.20118 4
    endloop
  endfacet
  facet normal 0 0 1
    outer loop
      vertex 1.58051 3.76908 4
      vertex 0.662598 4.20118 4
      vertex 0.662598 3.76908 4
    endloop
  endfacet
  facet normal -0 0 1
    outer loop
      vertex 1.93091 2.75964 4
      vertex 5.15 0 4
      vertex 2.25072 2.75964 4
    endloop
  endfacet
  facet normal 0 0 1
    outer loop
      vertex 5.15 0 4
      vertex 1.97082 -5.74202 4
      vertex 2.42769 -5.95811 4
    endloop
  endfacet
  facet normal -0 0 1
    outer loop
      vertex 1.70502 2.75964 4
      vertex 5.15 0 4
      vertex 1.93091 2.75964 4
    endloop
  endfacet
  facet normal 0 0 1
    outer loop
      vertex 1.70502 2.75964 4
      vertex 1.93091 2.75964 4
      vertex 1.70502 3.03793 4
    endloop
  endfacet
  facet normal 0 0 1
    outer loop
      vertex 0.504787 -5.3748 4
      vertex 5.15 0 4
      vertex 1.70502 2.75964 4
    endloop
  endfacet
  facet normal 0 0 1
    outer loop
      vertex 5.15 0 4
      vertex 1.49497 -5.57176 4
      vertex 1.97082 -5.74202 4
    endloop
  endfacet
  facet normal 0 0 1
    outer loop
      vertex 5.15 0 4
      vertex 1.00471 -5.44896 4
      vertex 1.49497 -5.57176 4
    endloop
  endfacet
  facet normal 0 0 1
    outer loop
      vertex 5.15 0 4
      vertex 0.504787 -5.3748 4
      vertex 1.00471 -5.44896 4
    endloop
  endfacet
  facet normal -0 0 1
    outer loop
      vertex 0.302505 2.75964 4
      vertex 0.504787 -5.3748 4
      vertex 1.70502 2.75964 4
    endloop
  endfacet
  facet normal -0 0 1
    outer loop
      vertex 0.0617981 3.19956 4
      vertex 0.302505 2.75964 4
      vertex 0.0639648 3.25033 4
    endloop
  endfacet
  facet normal -0 0 1
    outer loop
      vertex 0.0552979 3.15141 4
      vertex 0.302505 2.75964 4
      vertex 0.0617981 3.19956 4
    endloop
  endfacet
  facet normal -0 0 1
    outer loop
      vertex 0.0444489 3.10589 4
      vertex 0.302505 2.75964 4
      vertex 0.0552979 3.15141 4
    endloop
  endfacet
  facet normal -0 0 1
    outer loop
      vertex 0.0292511 3.06298 4
      vertex 0.302505 2.75964 4
      vertex 0.0444489 3.10589 4
    endloop
  endfacet
  facet normal -0 0 1
    outer loop
      vertex 0.00971985 3.0227 4
      vertex 0.302505 2.75964 4
      vertex 0.0292511 3.06298 4
    endloop
  endfacet
  facet normal -0 0 1
    outer loop
      vertex -0.0141296 2.98504 4
      vertex 0.302505 2.75964 4
      vertex 0.00971985 3.0227 4
    endloop
  endfacet
  facet normal -0 0 1
    outer loop
      vertex -0.0423431 2.95001 4
      vertex 0.302505 2.75964 4
      vertex -0.0141296 2.98504 4
    endloop
  endfacet
  facet normal -0 0 1
    outer loop
      vertex -0.0748901 2.91758 4
      vertex 0.302505 2.75964 4
      vertex -0.0423431 2.95001 4
    endloop
  endfacet
  facet normal -0 0 1
    outer loop
      vertex -0.111786 2.8878 4
      vertex 0.302505 2.75964 4
      vertex -0.0748901 2.91758 4
    endloop
  endfacet
  facet normal -0 0 1
    outer loop
      vertex -0.152527 2.86089 4
      vertex 0.302505 2.75964 4
      vertex -0.111786 2.8878 4
    endloop
  endfacet
  facet normal -0 0 1
    outer loop
      vertex -0.196655 2.83717 4
      vertex 0.302505 2.75964 4
      vertex -0.152527 2.86089 4
    endloop
  endfacet
  facet normal -0 0 1
    outer loop
      vertex -0.244156 2.8166 4
      vertex 0.302505 2.75964 4
      vertex -0.196655 2.83717 4
    endloop
  endfacet
  facet normal -0 0 1
    outer loop
      vertex -0.295029 2.79919 4
      vertex 0.302505 2.75964 4
      vertex -0.244156 2.8166 4
    endloop
  endfacet
  facet normal -0 0 1
    outer loop
      vertex -0.349274 2.78495 4
      vertex 0.302505 2.75964 4
      vertex -0.295029 2.79919 4
    endloop
  endfacet
  facet normal -0 0 1
    outer loop
      vertex -0.406906 2.77387 4
      vertex 0.302505 2.75964 4
      vertex -0.349274 2.78495 4
    endloop
  endfacet
  facet normal 0 0 1
    outer loop
      vertex 0.302505 2.75964 4
      vertex 0 -5.35 4
      vertex 0.504787 -5.3748 4
    endloop
  endfacet
  facet normal -0 0 1
    outer loop
      vertex -0.467911 2.76595 4
      vertex 0.302505 2.75964 4
      vertex -0.406906 2.77387 4
    endloop
  endfacet
  facet normal 0 0 1
    outer loop
      vertex 0.302505 2.75964 4
      vertex -0.467911 2.76595 4
      vertex 0 -5.35 4
    endloop
  endfacet
  facet normal -0 0 1
    outer loop
      vertex -0.532288 2.76121 4
      vertex 0 -5.35 4
      vertex -0.467911 2.76595 4
    endloop
  endfacet
  facet normal 0 0 1
    outer loop
      vertex 0 -5.35 4
      vertex -0.532288 2.76121 4
      vertex -0.504787 -5.3748 4
    endloop
  endfacet
  facet normal -0 0 1
    outer loop
      vertex -0.600037 2.75964 4
      vertex -0.504787 -5.3748 4
      vertex -0.532288 2.76121 4
    endloop
  endfacet
  facet normal -0 0 1
    outer loop
      vertex -1.46057 2.75964 4
      vertex -0.504787 -5.3748 4
      vertex -0.600037 2.75964 4
    endloop
  endfacet
  facet normal 0 0 1
    outer loop
      vertex -0.504787 -5.3748 4
      vertex -1.46057 2.75964 4
      vertex -1.00471 -5.44896 4
    endloop
  endfacet
  facet normal 0 0 1
    outer loop
      vertex -1.46057 2.75964 4
      vertex -1.49497 -5.57176 4
      vertex -1.00471 -5.44896 4
    endloop
  endfacet
  facet normal 0 -0 1
    outer loop
      vertex -1.68732 3.62748 4
      vertex -1.46057 4.47949 4
      vertex -1.69017 3.7162 4
    endloop
  endfacet
  facet normal -0 0 1
    outer loop
      vertex -1.68863 3.56863 4
      vertex -1.46057 2.75964 4
      vertex -1.68732 3.62748 4
    endloop
  endfacet
  facet normal 0 0 1
    outer loop
      vertex -1.46057 4.47949 4
      vertex -1.68732 3.62748 4
      vertex -1.46057 2.75964 4
    endloop
  endfacet
  facet normal 0 0 1
    outer loop
      vertex -1.49497 5.57176 4
      vertex -1.69868 3.80061 4
      vertex -1.69017 3.7162 4
    endloop
  endfacet
  facet normal 0 0 1
    outer loop
      vertex -1.49497 5.57176 4
      vertex -1.71289 3.8807 4
      vertex -1.69868 3.80061 4
    endloop
  endfacet
  facet normal 0 0 1
    outer loop
      vertex -1.49497 5.57176 4
      vertex -1.73277 3.95648 4
      vertex -1.71289 3.8807 4
    endloop
  endfacet
  facet normal 0 0 1
    outer loop
      vertex -1.49497 5.57176 4
      vertex -1.75835 4.02795 4
      vertex -1.73277 3.95648 4
    endloop
  endfacet
  facet normal 0 0 1
    outer loop
      vertex -1.49497 5.57176 4
      vertex -1.78958 4.09512 4
      vertex -1.75835 4.02795 4
    endloop
  endfacet
  facet normal 0 0 1
    outer loop
      vertex -1.49497 5.57176 4
      vertex -1.82652 4.15797 4
      vertex -1.78958 4.09512 4
    endloop
  endfacet
  facet normal 0 0 1
    outer loop
      vertex -1.49497 5.57176 4
      vertex -1.86913 4.21652 4
      vertex -1.82652 4.15797 4
    endloop
  endfacet
  facet normal 0 0 1
    outer loop
      vertex -1.49497 5.57176 4
      vertex -1.91742 4.27075 4
      vertex -1.86913 4.21652 4
    endloop
  endfacet
  facet normal 0 0 1
    outer loop
      vertex -1.49497 5.57176 4
      vertex -1.97075 4.31994 4
      vertex -1.91742 4.27075 4
    endloop
  endfacet
  facet normal 0 0 1
    outer loop
      vertex -2.15726 4.43278 4
      vertex -1.49497 5.57176 4
      vertex -1.97082 5.74202 4
    endloop
  endfacet
  facet normal 0 0 1
    outer loop
      vertex -1.49497 5.57176 4
      vertex -2.0285 4.36334 4
      vertex -1.97075 4.31994 4
    endloop
  endfacet
  facet normal 0 0 1
    outer loop
      vertex -1.49497 5.57176 4
      vertex -2.09067 4.40095 4
      vertex -2.0285 4.36334 4
    endloop
  endfacet
  facet normal 0 0 1
    outer loop
      vertex -1.49497 5.57176 4
      vertex -2.15726 4.43278 4
      vertex -2.09067 4.40095 4
    endloop
  endfacet
  facet normal 0 0 1
    outer loop
      vertex -1.97082 5.74202 4
      vertex -2.22826 4.45883 4
      vertex -2.15726 4.43278 4
    endloop
  endfacet
  facet normal 0 0 1
    outer loop
      vertex -1.97082 5.74202 4
      vertex -2.30367 4.47907 4
      vertex -2.22826 4.45883 4
    endloop
  endfacet
  facet normal 0 0 1
    outer loop
      vertex -1.97082 5.74202 4
      vertex -2.3835 4.49354 4
      vertex -2.30367 4.47907 4
    endloop
  endfacet
  facet normal 0 0 1
    outer loop
      vertex -2.46774 4.50222 4
      vertex -1.97082 5.74202 4
      vertex -2.42769 5.95811 4
    endloop
  endfacet
  facet normal 0 0 1
    outer loop
      vertex -1.97082 5.74202 4
      vertex -2.46774 4.50222 4
      vertex -2.3835 4.49354 4
    endloop
  endfacet
  facet normal 0 0 1
    outer loop
      vertex -2.42769 5.95811 4
      vertex -2.5564 4.50512 4
      vertex -2.46774 4.50222 4
    endloop
  endfacet
  facet normal 0 0 1
    outer loop
      vertex -2.42769 5.95811 4
      vertex -2.64505 4.50225 4
      vertex -2.5564 4.50512 4
    endloop
  endfacet
  facet normal 0 0 1
    outer loop
      vertex -2.42769 5.95811 4
      vertex -2.72928 4.49366 4
      vertex -2.64505 4.50225 4
    endloop
  endfacet
  facet normal 0 0 1
    outer loop
      vertex -2.42769 5.95811 4
      vertex -2.80907 4.47935 4
      vertex -2.72928 4.49366 4
    endloop
  endfacet
  facet normal 0 0 1
    outer loop
      vertex -2.88443 4.4593 4
      vertex -2.42769 5.95811 4
      vertex -2.86119 6.21793 4
    endloop
  endfacet
  facet normal 0 0 1
    outer loop
      vertex -2.42769 5.95811 4
      vertex -2.88443 4.4593 4
      vertex -2.80907 4.47935 4
    endloop
  endfacet
  facet normal 0 0 1
    outer loop
      vertex -2.86119 6.21793 4
      vertex -2.95537 4.43353 4
      vertex -2.88443 4.4593 4
    endloop
  endfacet
  facet normal 0 0 1
    outer loop
      vertex -2.86119 6.21793 4
      vertex -3.02187 4.40203 4
      vertex -2.95537 4.43353 4
    endloop
  endfacet
  facet normal 0 0 1
    outer loop
      vertex -2.86119 6.21793 4
      vertex -3.08394 4.36482 4
      vertex -3.02187 4.40203 4
    endloop
  endfacet
  facet normal 0 0 1
    outer loop
      vertex -3.26713 6.519 4
      vertex -3.08394 4.36482 4
      vertex -2.86119 6.21793 4
    endloop
  endfacet
  facet normal 0 0 1
    outer loop
      vertex -3.08394 4.36482 4
      vertex -3.26713 6.519 4
      vertex -3.14157 4.32186 4
    endloop
  endfacet
  facet normal 0 0 1
    outer loop
      vertex -3.14157 4.32186 4
      vertex -3.26713 6.519 4
      vertex -3.19479 4.27319 4
    endloop
  endfacet
  facet normal 0 0 1
    outer loop
      vertex -3.19479 4.27319 4
      vertex -3.26713 6.519 4
      vertex -3.24295 4.2194 4
    endloop
  endfacet
  facet normal 0 0 1
    outer loop
      vertex -3.6416 6.8584 4
      vertex -3.24295 4.2194 4
      vertex -3.26713 6.519 4
    endloop
  endfacet
  facet normal 0 0 1
    outer loop
      vertex -3.24295 4.2194 4
      vertex -3.6416 6.8584 4
      vertex -3.28545 4.16113 4
    endloop
  endfacet
  facet normal 0 0 1
    outer loop
      vertex -3.28545 4.16113 4
      vertex -3.6416 6.8584 4
      vertex -3.32228 4.09837 4
    endloop
  endfacet
  facet normal 0 0 1
    outer loop
      vertex -3.32228 4.09837 4
      vertex -3.6416 6.8584 4
      vertex -3.35344 4.03111 4
    endloop
  endfacet
  facet normal 0 0 1
    outer loop
      vertex -3.981 7.23287 4
      vertex -3.35344 4.03111 4
      vertex -3.6416 6.8584 4
    endloop
  endfacet
  facet normal 0 0 1
    outer loop
      vertex -3.35344 4.03111 4
      vertex -3.981 7.23287 4
      vertex -3.37894 3.95937 4
    endloop
  endfacet
  facet normal 0 0 1
    outer loop
      vertex -3.37894 3.95937 4
      vertex -3.981 7.23287 4
      vertex -3.39877 3.88314 4
    endloop
  endfacet
  facet normal 0 0 1
    outer loop
      vertex -3.39877 3.88314 4
      vertex -4.28207 7.63881 4
      vertex -3.41293 3.80241 4
    endloop
  endfacet
  facet normal 0 0 1
    outer loop
      vertex -4.28207 7.63881 4
      vertex -3.39877 3.88314 4
      vertex -3.981 7.23287 4
    endloop
  endfacet
  facet normal 0 0 1
    outer loop
      vertex 1.58051 3.76908 4
      vertex 1.93091 4.47949 4
      vertex 1.65498 4.20118 4
    endloop
  endfacet
  facet normal 0 0 1
    outer loop
      vertex 1.58051 3.49079 4
      vertex 1.93091 4.47949 4
      vertex 1.58051 3.76908 4
    endloop
  endfacet
  facet normal 0 0 1
    outer loop
      vertex 1.93091 4.47949 4
      vertex 1.58051 3.49079 4
      vertex 1.70502 3.03793 4
    endloop
  endfacet
  facet normal 0 0 1
    outer loop
      vertex 0.662598 3.03793 4
      vertex 1.58051 3.49079 4
      vertex 0.662598 3.49079 4
    endloop
  endfacet
  facet normal 0 0 1
    outer loop
      vertex 1.58051 3.49079 4
      vertex 0.662598 3.03793 4
      vertex 1.70502 3.03793 4
    endloop
  endfacet
  facet normal 0 0 1
    outer loop
      vertex 0.0302582 3.42434 4
      vertex -0.0438995 3.95481 4
      vertex 0.0154266 3.45403 4
    endloop
  endfacet
  facet normal -0 0 1
    outer loop
      vertex -0.0509186 3.92622 4
      vertex 0.0154266 3.45403 4
      vertex -0.0438995 3.95481 4
    endloop
  endfacet
  facet normal 0 0 1
    outer loop
      vertex 0.0154266 3.45403 4
      vertex -0.0509186 3.92622 4
      vertex -0.00209045 3.48202 4
    endloop
  endfacet
  facet normal -0 0 1
    outer loop
      vertex -0.0599365 3.89875 4
      vertex -0.00209045 3.48202 4
      vertex -0.0509186 3.92622 4
    endloop
  endfacet
  facet normal 0 0 1
    outer loop
      vertex -0.00209045 3.48202 4
      vertex -0.0599365 3.89875 4
      vertex -0.0223236 3.50831 4
    endloop
  endfacet
  facet normal -0 0 1
    outer loop
      vertex -0.0709686 3.87241 4
      vertex -0.0223236 3.50831 4
      vertex -0.0599365 3.89875 4
    endloop
  endfacet
  facet normal -0 0 1
    outer loop
      vertex -0.0839996 3.84722 4
      vertex -0.0223236 3.50831 4
      vertex -0.0709686 3.87241 4
    endloop
  endfacet
  facet normal 0 0 1
    outer loop
      vertex -0.0223236 3.50831 4
      vertex -0.0839996 3.84722 4
      vertex -0.0452576 3.53289 4
    endloop
  endfacet
  facet normal -0 0 1
    outer loop
      vertex -0.0990295 3.82314 4
      vertex -0.0452576 3.53289 4
      vertex -0.0839996 3.84722 4
    endloop
  endfacet
  facet normal 0 0 1
    outer loop
      vertex -0.0452576 3.53289 4
      vertex -0.0990295 3.82314 4
      vertex -0.070755 3.55561 4
    endloop
  endfacet
  facet normal -0 0 1
    outer loop
      vertex -0.116074 3.80019 4
      vertex -0.070755 3.55561 4
      vertex -0.0990295 3.82314 4
    endloop
  endfacet
  facet normal 0 0 1
    outer loop
      vertex -0.070755 3.55561 4
      vertex -0.116074 3.80019 4
      vertex -0.0987244 3.5763 4
    endloop
  endfacet
  facet normal -0 0 1
    outer loop
      vertex -0.135147 3.77863 4
      vertex -0.0987244 3.5763 4
      vertex -0.116074 3.80019 4
    endloop
  endfacet
  facet normal 0 0 1
    outer loop
      vertex -0.0987244 3.5763 4
      vertex -0.135147 3.77863 4
      vertex -0.129135 3.59495 4
    endloop
  endfacet
  facet normal -0 0 1
    outer loop
      vertex -0.156326 3.75868 4
      vertex -0.129135 3.59495 4
      vertex -0.135147 3.77863 4
    endloop
  endfacet
  facet normal 0 0 1
    outer loop
      vertex -0.156326 3.75868 4
      vertex -0.162018 3.61155 4
      vertex -0.129135 3.59495 4
    endloop
  endfacet
  facet normal -0 0 1
    outer loop
      vertex -0.179596 3.74032 4
      vertex -0.162018 3.61155 4
      vertex -0.156326 3.75868 4
    endloop
  endfacet
  facet normal 0 0 1
    outer loop
      vertex -0.179596 3.74032 4
      vertex -0.197342 3.62612 4
      vertex -0.162018 3.61155 4
    endloop
  endfacet
  facet normal -0 0 1
    outer loop
      vertex -0.204971 3.7236 4
      vertex -0.197342 3.62612 4
      vertex -0.179596 3.74032 4
    endloop
  endfacet
  facet normal -0 0 1
    outer loop
      vertex -0.232437 3.70847 4
      vertex -0.197342 3.62612 4
      vertex -0.204971 3.7236 4
    endloop
  endfacet
  facet normal 0 0 1
    outer loop
      vertex -0.232437 3.70847 4
      vertex -0.235123 3.63867 4
      vertex -0.197342 3.62612 4
    endloop
  endfacet
  facet normal -0 0 1
    outer loop
      vertex -0.261993 3.69495 4
      vertex -0.235123 3.63867 4
      vertex -0.232437 3.70847 4
    endloop
  endfacet
  facet normal 0 0 1
    outer loop
      vertex -0.261993 3.69495 4
      vertex -0.275375 3.64918 4
      vertex -0.235123 3.63867 4
    endloop
  endfacet
  facet normal -0 0 1
    outer loop
      vertex -0.29364 3.68305 4
      vertex -0.275375 3.64918 4
      vertex -0.261993 3.69495 4
    endloop
  endfacet
  facet normal 0 0 1
    outer loop
      vertex -0.29364 3.68305 4
      vertex -0.318069 3.65766 4
      vertex -0.275375 3.64918 4
    endloop
  endfacet
  facet normal -0 0 1
    outer loop
      vertex -0.327377 3.67277 4
      vertex -0.318069 3.65766 4
      vertex -0.29364 3.68305 4
    endloop
  endfacet
  facet normal 0 0 1
    outer loop
      vertex -0.318069 3.65766 4
      vertex -0.327377 3.67277 4
      vertex -0.36322 3.6641 4
    endloop
  endfacet
  facet normal 0 0 1
    outer loop
      vertex 5.15987 0.200934 4
      vertex 2.97821 2.75964 4
      vertex 5.15 0 4
    endloop
  endfacet
  facet normal 0 0 1
    outer loop
      vertex 5.15 0 4
      vertex 3.26713 -6.519 4
      vertex 3.6416 -6.8584 4
    endloop
  endfacet
  facet normal -0 0 1
    outer loop
      vertex 2.25072 2.75964 4
      vertex 5.15 0 4
      vertex 2.97821 2.75964 4
    endloop
  endfacet
  facet normal 0 0 1
    outer loop
      vertex 5.15 0 4
      vertex 2.86119 -6.21793 4
      vertex 3.26713 -6.519 4
    endloop
  endfacet
  facet normal 0 0 1
    outer loop
      vertex 5.15 0 4
      vertex 2.42769 -5.95811 4
      vertex 2.86119 -6.21793 4
    endloop
  endfacet
  facet normal 0 0 1
    outer loop
      vertex 2.25072 2.75964 4
      vertex 2.97821 2.75964 4
      vertex 2.25072 3.77395 4
    endloop
  endfacet
  facet normal 0 0 1
    outer loop
      vertex 2.97821 2.75964 4
      vertex 2.25044 3.80093 4
      vertex 2.25072 3.77395 4
    endloop
  endfacet
  facet normal 0 0 1
    outer loop
      vertex 2.97821 2.75964 4
      vertex 2.24963 3.82977 4
      vertex 2.25044 3.80093 4
    endloop
  endfacet
  facet normal 0 0 1
    outer loop
      vertex 2.97821 2.75964 4
      vertex 2.24828 3.86048 4
      vertex 2.24963 3.82977 4
    endloop
  endfacet
  facet normal 0 0 1
    outer loop
      vertex 2.97821 2.75964 4
      vertex 2.24638 3.89306 4
      vertex 2.24828 3.86048 4
    endloop
  endfacet
  facet normal 0 0 1
    outer loop
      vertex 2.97821 2.75964 4
      vertex 2.24394 3.92751 4
      vertex 2.24638 3.89306 4
    endloop
  endfacet
  facet normal 0 0 1
    outer loop
      vertex 2.97821 2.75964 4
      vertex 2.24097 3.96383 4
      vertex 2.24394 3.92751 4
    endloop
  endfacet
  facet normal 0 0 1
    outer loop
      vertex 2.97821 2.75964 4
      vertex 2.23744 4.00202 4
      vertex 2.24097 3.96383 4
    endloop
  endfacet
  facet normal 0 0 1
    outer loop
      vertex 2.97821 2.75964 4
      vertex 2.23337 4.04208 4
      vertex 2.23744 4.00202 4
    endloop
  endfacet
  facet normal -0 -0 1
    outer loop
      vertex 2.23337 4.04208 4
      vertex 2.97821 2.75964 4
      vertex 2.22876 4.08401 4
    endloop
  endfacet
  facet normal 0 0 1
    outer loop
      vertex 3.08075 4.47949 4
      vertex 2.34227 4.47949 4
      vertex 3.08075 3.47979 4
    endloop
  endfacet
  facet normal 0 0 1
    outer loop
      vertex 3.08075 3.47979 4
      vertex 2.34227 4.47949 4
      vertex 3.08102 3.44575 4
    endloop
  endfacet
  facet normal 0 0 1
    outer loop
      vertex 3.08102 3.44575 4
      vertex 2.34227 4.47949 4
      vertex 3.08183 3.4109 4
    endloop
  endfacet
  facet normal 0 0 1
    outer loop
      vertex 3.08183 3.4109 4
      vertex 2.34227 4.47949 4
      vertex 3.08319 3.37524 4
    endloop
  endfacet
  facet normal 0 0 1
    outer loop
      vertex 3.08319 3.37524 4
      vertex 2.34227 4.47949 4
      vertex 3.0851 3.33875 4
    endloop
  endfacet
  facet normal 0 0 1
    outer loop
      vertex 2.34227 4.47949 4
      vertex 2.86119 6.21793 4
      vertex 2.42769 5.95811 4
    endloop
  endfacet
  facet normal 0 0 1
    outer loop
      vertex 3.0851 3.33875 4
      vertex 2.34227 4.47949 4
      vertex 3.08752 3.30146 4
    endloop
  endfacet
  facet normal 0 0 1
    outer loop
      vertex 3.08752 3.30146 4
      vertex 2.34227 4.47949 4
      vertex 3.09052 3.26334 4
    endloop
  endfacet
  facet normal 0 0 1
    outer loop
      vertex 3.09052 3.26334 4
      vertex 2.34227 4.47949 4
      vertex 3.09404 3.22442 4
    endloop
  endfacet
  facet normal 0 0 1
    outer loop
      vertex 3.09404 3.22442 4
      vertex 2.34227 4.47949 4
      vertex 3.0981 3.18469 4
    endloop
  endfacet
  facet normal 0 0 1
    outer loop
      vertex 3.0981 3.18469 4
      vertex 2.34227 4.47949 4
      vertex 3.10271 3.14413 4
    endloop
  endfacet
  facet normal -0 0 1
    outer loop
      vertex 1.97082 5.74202 4
      vertex 2.34227 4.47949 4
      vertex 2.42769 5.95811 4
    endloop
  endfacet
  facet normal 0 0 1
    outer loop
      vertex 1.97082 5.74202 4
      vertex 1.93091 4.47949 4
      vertex 2.34227 4.47949 4
    endloop
  endfacet
  facet normal 0 0 1
    outer loop
      vertex 1.93091 4.47949 4
      vertex 1.70502 3.03793 4
      vertex 1.93091 2.75964 4
    endloop
  endfacet
  facet normal -0 0 1
    outer loop
      vertex 1.49497 5.57176 4
      vertex 1.93091 4.47949 4
      vertex 1.97082 5.74202 4
    endloop
  endfacet
  facet normal 0 0 1
    outer loop
      vertex 1.65498 4.20118 4
      vertex 1.93091 4.47949 4
      vertex 1.65498 4.47949 4
    endloop
  endfacet
  facet normal 0 0 1
    outer loop
      vertex 1.93091 4.47949 4
      vertex 1.49497 5.57176 4
      vertex 1.65498 4.47949 4
    endloop
  endfacet
  facet normal -0 0 1
    outer loop
      vertex 1.00471 5.44896 4
      vertex 1.65498 4.47949 4
      vertex 1.49497 5.57176 4
    endloop
  endfacet
  facet normal 0 0 1
    outer loop
      vertex 0.302505 4.47949 4
      vertex 1.00471 5.44896 4
      vertex 0.504787 5.3748 4
    endloop
  endfacet
  facet normal 0 0 1
    outer loop
      vertex 1.00471 5.44896 4
      vertex 0.302505 4.47949 4
      vertex 1.65498 4.47949 4
    endloop
  endfacet
  facet normal -0 0 1
    outer loop
      vertex 0.0585785 3.32505 4
      vertex 0.302505 2.75964 4
      vertex 0.302505 4.47949 4
    endloop
  endfacet
  facet normal 0 0 1
    outer loop
      vertex 0.302505 2.75964 4
      vertex 0.0626221 3.28854 4
      vertex 0.0639648 3.25033 4
    endloop
  endfacet
  facet normal 0 0 1
    outer loop
      vertex 0.302505 2.75964 4
      vertex 0.0585785 3.32505 4
      vertex 0.0626221 3.28854 4
    endloop
  endfacet
  facet normal 0 0 1
    outer loop
      vertex 0.302505 4.47949 4
      vertex 0.0518341 3.35984 4
      vertex 0.0585785 3.32505 4
    endloop
  endfacet
  facet normal 0 0 1
    outer loop
      vertex 0.302505 4.47949 4
      vertex 0.0423889 3.39294 4
      vertex 0.0518341 3.35984 4
    endloop
  endfacet
  facet normal -0 0 1
    outer loop
      vertex 0 5.35 4
      vertex 0.302505 4.47949 4
      vertex 0.504787 5.3748 4
    endloop
  endfacet
  facet normal 0 0 1
    outer loop
      vertex -0.0358887 4.01539 4
      vertex 0.302505 4.47949 4
      vertex -0.0348816 4.04737 4
    endloop
  endfacet
  facet normal 0 0 1
    outer loop
      vertex 0.302505 4.47949 4
      vertex 0.0302582 3.42434 4
      vertex 0.0423889 3.39294 4
    endloop
  endfacet
  facet normal 0 0 1
    outer loop
      vertex -0.234451 4.39315 4
      vertex 0.302505 4.47949 4
      vertex 0 5.35 4
    endloop
  endfacet
  facet normal -0 0 1
    outer loop
      vertex -0.0438995 3.95481 4
      vertex 0.0302582 3.42434 4
      vertex 0.302505 4.47949 4
    endloop
  endfacet
  facet normal 0 0 1
    outer loop
      vertex -0.0388947 3.98454 4
      vertex 0.302505 4.47949 4
      vertex -0.0358887 4.01539 4
    endloop
  endfacet
  facet normal 0 0 1
    outer loop
      vertex -0.0438995 3.95481 4
      vertex 0.302505 4.47949 4
      vertex -0.0388947 3.98454 4
    endloop
  endfacet
  facet normal 0 0 1
    outer loop
      vertex 0.302505 4.47949 4
      vertex -0.0368805 4.09354 4
      vertex -0.0348816 4.04737 4
    endloop
  endfacet
  facet normal 0 0 1
    outer loop
      vertex 0.302505 4.47949 4
      vertex -0.0428772 4.13715 4
      vertex -0.0368805 4.09354 4
    endloop
  endfacet
  facet normal 0 0 1
    outer loop
      vertex 0.302505 4.47949 4
      vertex -0.0528564 4.17819 4
      vertex -0.0428772 4.13715 4
    endloop
  endfacet
  facet normal 0 0 1
    outer loop
      vertex 0.302505 4.47949 4
      vertex -0.0668335 4.21662 4
      vertex -0.0528564 4.17819 4
    endloop
  endfacet
  facet normal 0 0 1
    outer loop
      vertex 0.302505 4.47949 4
      vertex -0.0848083 4.2525 4
      vertex -0.0668335 4.21662 4
    endloop
  endfacet
  facet normal 0 0 1
    outer loop
      vertex 0.302505 4.47949 4
      vertex -0.106766 4.28579 4
      vertex -0.0848083 4.2525 4
    endloop
  endfacet
  facet normal 0 0 1
    outer loop
      vertex 0.302505 4.47949 4
      vertex -0.132721 4.31652 4
      vertex -0.106766 4.28579 4
    endloop
  endfacet
  facet normal 0 0 1
    outer loop
      vertex 0.302505 4.47949 4
      vertex -0.162674 4.34466 4
      vertex -0.132721 4.31652 4
    endloop
  endfacet
  facet normal 0 0 1
    outer loop
      vertex 0.302505 4.47949 4
      vertex -0.196609 4.37022 4
      vertex -0.162674 4.34466 4
    endloop
  endfacet
  facet normal 0 0 1
    outer loop
      vertex 0.302505 4.47949 4
      vertex -0.234451 4.39315 4
      vertex -0.196609 4.37022 4
    endloop
  endfacet
  facet normal 0 0 1
    outer loop
      vertex 0 5.35 4
      vertex -0.276062 4.41338 4
      vertex -0.234451 4.39315 4
    endloop
  endfacet
  facet normal 0 0 1
    outer loop
      vertex 0 5.35 4
      vertex -0.321457 4.43092 4
      vertex -0.276062 4.41338 4
    endloop
  endfacet
  facet normal 0 0 1
    outer loop
      vertex 0 5.35 4
      vertex -0.370636 4.44576 4
      vertex -0.321457 4.43092 4
    endloop
  endfacet
  facet normal 0 0 1
    outer loop
      vertex -0.504787 5.3748 4
      vertex -0.370636 4.44576 4
      vertex 0 5.35 4
    endloop
  endfacet
  facet normal 0 0 1
    outer loop
      vertex -0.370636 4.44576 4
      vertex -0.504787 5.3748 4
      vertex -0.423599 4.45789 4
    endloop
  endfacet
  facet normal 0 0 1
    outer loop
      vertex -0.423599 4.45789 4
      vertex -0.504787 5.3748 4
      vertex -0.480347 4.46734 4
    endloop
  endfacet
  facet normal 0 0 1
    outer loop
      vertex -0.504787 5.3748 4
      vertex -0.540878 4.47408 4
      vertex -0.480347 4.46734 4
    endloop
  endfacet
  facet normal 0 0 1
    outer loop
      vertex -0.504787 5.3748 4
      vertex -0.605179 4.47813 4
      vertex -0.540878 4.47408 4
    endloop
  endfacet
  facet normal 0 0 1
    outer loop
      vertex -0.504787 5.3748 4
      vertex -0.673279 4.47949 4
      vertex -0.605179 4.47813 4
    endloop
  endfacet
  facet normal 0 0 1
    outer loop
      vertex -1.00471 5.44896 4
      vertex -0.673279 4.47949 4
      vertex -0.504787 5.3748 4
    endloop
  endfacet
  facet normal 0 0 1
    outer loop
      vertex -1.00471 5.44896 4
      vertex -1.46057 4.47949 4
      vertex -0.673279 4.47949 4
    endloop
  endfacet
  facet normal 0 0 1
    outer loop
      vertex -1.69017 3.7162 4
      vertex -1.46057 4.47949 4
      vertex -1.49497 5.57176 4
    endloop
  endfacet
  facet normal 0 0 1
    outer loop
      vertex -1.49497 5.57176 4
      vertex -1.46057 4.47949 4
      vertex -1.00471 5.44896 4
    endloop
  endfacet
  facet normal 0 0 1
    outer loop
      vertex 5.89949 1.58467 4
      vertex 3.40056 2.75964 4
      vertex 5.75043 1.44957 4
    endloop
  endfacet
  facet normal 0 0 1
    outer loop
      vertex 5.75043 1.44957 4
      vertex 3.40056 2.75964 4
      vertex 5.61533 1.30051 4
    endloop
  endfacet
  facet normal 0 0 1
    outer loop
      vertex 5.61533 1.30051 4
      vertex 3.40056 2.75964 4
      vertex 5.49549 1.13892 4
    endloop
  endfacet
  facet normal 0 0 1
    outer loop
      vertex 5.15 0 4
      vertex 5.1252 -9.99521 4
      vertex 5.15 -10.5 4
    endloop
  endfacet
  facet normal 0 0 1
    outer loop
      vertex 5.49549 1.13892 4
      vertex 3.40056 2.75964 4
      vertex 5.39206 0.966363 4
    endloop
  endfacet
  facet normal 0 0 1
    outer loop
      vertex 5.15 0 4
      vertex 5.05104 -9.49528 4
      vertex 5.1252 -9.99521 4
    endloop
  endfacet
  facet normal 0 0 1
    outer loop
      vertex 5.39206 0.966363 4
      vertex 3.40056 2.75964 4
      vertex 5.30605 0.7845 4
    endloop
  endfacet
  facet normal 0 0 1
    outer loop
      vertex 5.15 0 4
      vertex 4.92824 -9.00503 4
      vertex 5.05104 -9.49528 4
    endloop
  endfacet
  facet normal 0 0 1
    outer loop
      vertex 5.30605 0.7845 4
      vertex 3.40056 2.75964 4
      vertex 5.23827 0.595083 4
    endloop
  endfacet
  facet normal 0 0 1
    outer loop
      vertex 5.15 0 4
      vertex 4.75798 -8.52918 4
      vertex 4.92824 -9.00503 4
    endloop
  endfacet
  facet normal 0 0 1
    outer loop
      vertex 5.23827 0.595083 4
      vertex 3.40056 2.75964 4
      vertex 5.18939 0.399935 4
    endloop
  endfacet
  facet normal 0 0 1
    outer loop
      vertex 5.18939 0.399935 4
      vertex 2.97821 2.75964 4
      vertex 5.15987 0.200934 4
    endloop
  endfacet
  facet normal -0 0 1
    outer loop
      vertex 2.97821 2.75964 4
      vertex 5.18939 0.399935 4
      vertex 3.40056 2.75964 4
    endloop
  endfacet
  facet normal 0 0 1
    outer loop
      vertex 5.15 0 4
      vertex 4.54189 -8.07231 4
      vertex 4.75798 -8.52918 4
    endloop
  endfacet
  facet normal 0 0 1
    outer loop
      vertex 3.40056 4.47949 4
      vertex 4.28207 7.63881 4
      vertex 3.981 7.23287 4
    endloop
  endfacet
  facet normal 0 0 1
    outer loop
      vertex 5.15 0 4
      vertex 4.28207 -7.63881 4
      vertex 4.54189 -8.07231 4
    endloop
  endfacet
  facet normal 0 0 1
    outer loop
      vertex 3.40056 4.47949 4
      vertex 3.981 7.23287 4
      vertex 3.6416 6.8584 4
    endloop
  endfacet
  facet normal 0 0 1
    outer loop
      vertex 5.15 0 4
      vertex 3.981 -7.23287 4
      vertex 4.28207 -7.63881 4
    endloop
  endfacet
  facet normal 0 0 1
    outer loop
      vertex 5.15 0 4
      vertex 3.6416 -6.8584 4
      vertex 3.981 -7.23287 4
    endloop
  endfacet
  facet normal -0 0 1
    outer loop
      vertex 3.26713 6.519 4
      vertex 3.40056 4.47949 4
      vertex 3.6416 6.8584 4
    endloop
  endfacet
  facet normal -0 0 1
    outer loop
      vertex 2.86119 6.21793 4
      vertex 3.40056 4.47949 4
      vertex 3.26713 6.519 4
    endloop
  endfacet
  facet normal 0 0 1
    outer loop
      vertex 2.34227 4.47949 4
      vertex 3.08075 4.47949 4
      vertex 2.86119 6.21793 4
    endloop
  endfacet
  facet normal 0 0 1
    outer loop
      vertex 3.40056 4.47949 4
      vertex 2.86119 6.21793 4
      vertex 3.08075 4.47949 4
    endloop
  endfacet
  facet normal -0 0 1
    outer loop
      vertex 6.12889 -2.73139 4
      vertex 7.10675 -3.32273 4
      vertex 7.13796 -2.73139 4
    endloop
  endfacet
  facet normal 0 0 1
    outer loop
      vertex 7.10675 -3.32273 4
      vertex 6.12889 -2.73139 4
      vertex 6.12889 -3.32273 4
    endloop
  endfacet
  facet normal 0 0 1
    outer loop
      vertex 6.99906 -2.04013 4
      vertex 7.13796 -2.42217 4
      vertex 7.2 -2.05 4
    endloop
  endfacet
  facet normal 0 0 1
    outer loop
      vertex 6.80006 -2.01061 4
      vertex 7.13796 -2.42217 4
      vertex 6.99906 -2.04013 4
    endloop
  endfacet
  facet normal 0 0 1
    outer loop
      vertex 6.60492 -1.96173 4
      vertex 7.13796 -2.42217 4
      vertex 6.80006 -2.01061 4
    endloop
  endfacet
  facet normal 0 0 1
    outer loop
      vertex 5.72879 -2.42217 4
      vertex 6.60492 -1.96173 4
      vertex 6.4155 -1.89395 4
    endloop
  endfacet
  facet normal 0 0 1
    outer loop
      vertex 5.72879 -2.42217 4
      vertex 6.4155 -1.89395 4
      vertex 6.23364 -1.80794 4
    endloop
  endfacet
  facet normal 0 0 1
    outer loop
      vertex 5.72879 -2.42217 4
      vertex 6.23364 -1.80794 4
      vertex 6.06108 -1.70451 4
    endloop
  endfacet
  facet normal 0 0 1
    outer loop
      vertex 6.60492 -1.96173 4
      vertex 5.72879 -2.42217 4
      vertex 7.13796 -2.42217 4
    endloop
  endfacet
  facet normal 0 0 1
    outer loop
      vertex 5.89949 -1.58467 4
      vertex 5.72879 -2.42217 4
      vertex 6.06108 -1.70451 4
    endloop
  endfacet
  facet normal 0 0 1
    outer loop
      vertex 5.75043 -1.44957 4
      vertex 5.72879 -2.42217 4
      vertex 5.89949 -1.58467 4
    endloop
  endfacet
  facet normal 0 0 1
    outer loop
      vertex 5.49549 -1.13892 4
      vertex 5.72879 -2.42217 4
      vertex 5.61533 -1.30051 4
    endloop
  endfacet
  facet normal 0 0 1
    outer loop
      vertex 5.61533 -1.30051 4
      vertex 5.72879 -2.42217 4
      vertex 5.75043 -1.44957 4
    endloop
  endfacet
  facet normal -0 0 1
    outer loop
      vertex 7.10675 -3.63193 4
      vertex 7.84827 -4.33312 4
      vertex 7.84827 -2.73139 4
    endloop
  endfacet
  facet normal 0 0 1
    outer loop
      vertex 7.10675 -3.32273 4
      vertex 7.84827 -2.73139 4
      vertex 7.23119 -2.73139 4
    endloop
  endfacet
  facet normal 0 0 1
    outer loop
      vertex 7.23119 -2.42217 4
      vertex 7.13796 -2.42217 4
      vertex 7.23119 -2.73139 4
    endloop
  endfacet
  facet normal 0 0 1
    outer loop
      vertex 7.23119 -2.73139 4
      vertex 7.13796 -2.42217 4
      vertex 7.13796 -2.73139 4
    endloop
  endfacet
  facet normal 0 0 1
    outer loop
      vertex 7.10675 -3.32273 4
      vertex 7.23119 -2.73139 4
      vertex 7.13796 -2.73139 4
    endloop
  endfacet
  facet normal 0 0 1
    outer loop
      vertex 7.84827 -2.73139 4
      vertex 7.10675 -3.32273 4
      vertex 7.10675 -3.63193 4
    endloop
  endfacet
  facet normal 0 0 1
    outer loop
      vertex 6.12889 -4.33312 4
      vertex 7.84827 -4.33312 4
      vertex 7.10675 -3.63193 4
    endloop
  endfacet
  facet normal 0 0 1
    outer loop
      vertex 6.12889 -4.33312 4
      vertex 7.10675 -3.63193 4
      vertex 6.12889 -3.63193 4
    endloop
  endfacet
  facet normal 0 0 1
    outer loop
      vertex 7.84827 -4.33312 4
      vertex 6.12889 -4.33312 4
      vertex 5.15 -10.5 4
    endloop
  endfacet
  facet normal 0 0 1
    outer loop
      vertex 7.84827 -4.33312 4
      vertex 5.15 -10.5 4
      vertex 7.25951 -13.5816 4
    endloop
  endfacet
  facet normal 0 0 1
    outer loop
      vertex 5.15 -10.5 4
      vertex 6.12889 -4.33312 4
      vertex 5.72879 -4.33312 4
    endloop
  endfacet
  facet normal 0 0 1
    outer loop
      vertex 5.39206 -0.966363 4
      vertex 5.72879 -2.42217 4
      vertex 5.49549 -1.13892 4
    endloop
  endfacet
  facet normal 0 0 1
    outer loop
      vertex 5.30605 -0.7845 4
      vertex 5.72879 -2.42217 4
      vertex 5.39206 -0.966363 4
    endloop
  endfacet
  facet normal 0 0 1
    outer loop
      vertex 5.72879 -2.42217 4
      vertex 5.30605 -0.7845 4
      vertex 5.72879 -4.33312 4
    endloop
  endfacet
  facet normal 0 0 1
    outer loop
      vertex 5.23827 -0.595083 4
      vertex 5.72879 -4.33312 4
      vertex 5.30605 -0.7845 4
    endloop
  endfacet
  facet normal 0 0 1
    outer loop
      vertex 5.18939 -0.399935 4
      vertex 5.72879 -4.33312 4
      vertex 5.23827 -0.595083 4
    endloop
  endfacet
  facet normal 0 0 1
    outer loop
      vertex 5.72879 -4.33312 4
      vertex 5.18939 -0.399935 4
      vertex 5.15 -10.5 4
    endloop
  endfacet
  facet normal 0 0 1
    outer loop
      vertex 5.15 -10.5 4
      vertex 5.18939 -0.399935 4
      vertex 5.15987 -0.200934 4
    endloop
  endfacet
  facet normal 0 0 1
    outer loop
      vertex 5.15 -10.5 4
      vertex 5.15987 -0.200934 4
      vertex 5.15 0 4
    endloop
  endfacet
  facet normal -0 0 1
    outer loop
      vertex 5.1252 -11.0048 4
      vertex 7.25951 -13.5816 4
      vertex 5.15 -10.5 4
    endloop
  endfacet
  facet normal -0 0 1
    outer loop
      vertex 5.05104 -11.5047 4
      vertex 7.25951 -13.5816 4
      vertex 5.1252 -11.0048 4
    endloop
  endfacet
  facet normal -0 0 1
    outer loop
      vertex 4.92824 -11.995 4
      vertex 7.25951 -13.5816 4
      vertex 5.05104 -11.5047 4
    endloop
  endfacet
  facet normal -0 0 1
    outer loop
      vertex 4.75798 -12.4708 4
      vertex 7.25951 -13.5816 4
      vertex 4.92824 -11.995 4
    endloop
  endfacet
  facet normal 0 0 1
    outer loop
      vertex 7.25951 -13.5816 4
      vertex 4.75798 -12.4708 4
      vertex 5.89332 -14.2277 4
    endloop
  endfacet
  facet normal -0 0 1
    outer loop
      vertex 4.54189 -12.9277 4
      vertex 5.89332 -14.2277 4
      vertex 4.75798 -12.4708 4
    endloop
  endfacet
  facet normal -0 0 1
    outer loop
      vertex 4.28207 -13.3612 4
      vertex 5.89332 -14.2277 4
      vertex 4.54189 -12.9277 4
    endloop
  endfacet
  facet normal 0 0 1
    outer loop
      vertex 5.89332 -14.2277 4
      vertex 4.28207 -13.3612 4
      vertex 4.47038 -14.7369 4
    endloop
  endfacet
  facet normal -0 0 1
    outer loop
      vertex 3.981 -13.7671 4
      vertex 4.47038 -14.7369 4
      vertex 4.28207 -13.3612 4
    endloop
  endfacet
  facet normal -0 0 1
    outer loop
      vertex 3.6416 -14.1416 4
      vertex 4.47038 -14.7369 4
      vertex 3.981 -13.7671 4
    endloop
  endfacet
  facet normal -0 0 1
    outer loop
      vertex 3.26713 -14.481 4
      vertex 4.47038 -14.7369 4
      vertex 3.6416 -14.1416 4
    endloop
  endfacet
  facet normal 0 0 1
    outer loop
      vertex 3.26713 -14.481 4
      vertex 3.00439 -15.1041 4
      vertex 4.47038 -14.7369 4
    endloop
  endfacet
  facet normal -0 0 1
    outer loop
      vertex 2.86119 -14.7821 4
      vertex 3.00439 -15.1041 4
      vertex 3.26713 -14.481 4
    endloop
  endfacet
  facet normal -0 0 1
    outer loop
      vertex 2.42769 -15.0419 4
      vertex 3.00439 -15.1041 4
      vertex 2.86119 -14.7821 4
    endloop
  endfacet
  facet normal 0 0 1
    outer loop
      vertex 3.00439 -15.1041 4
      vertex 2.42769 -15.0419 4
      vertex 1.97258 -15.2571 4
    endloop
  endfacet
  facet normal -0 0 1
    outer loop
      vertex 8.78467 -1.30051 4
      vertex 8.86684 -2.42217 4
      vertex 8.90451 -1.13892 4
    endloop
  endfacet
  facet normal -0 0 1
    outer loop
      vertex 8.64957 -1.44957 4
      vertex 8.86684 -2.42217 4
      vertex 8.78467 -1.30051 4
    endloop
  endfacet
  facet normal -0 0 1
    outer loop
      vertex 8.50051 -1.58467 4
      vertex 8.86684 -2.42217 4
      vertex 8.64957 -1.44957 4
    endloop
  endfacet
  facet normal -0 0 1
    outer loop
      vertex 8.33892 -1.70451 4
      vertex 8.86684 -2.42217 4
      vertex 8.50051 -1.58467 4
    endloop
  endfacet
  facet normal -0 0 1
    outer loop
      vertex 8.16636 -1.80794 4
      vertex 8.86684 -2.42217 4
      vertex 8.33892 -1.70451 4
    endloop
  endfacet
  facet normal -0 0 1
    outer loop
      vertex 7.9845 -1.89395 4
      vertex 8.86684 -2.42217 4
      vertex 8.16636 -1.80794 4
    endloop
  endfacet
  facet normal -0 0 1
    outer loop
      vertex 7.79508 -1.96173 4
      vertex 8.86684 -2.42217 4
      vertex 7.9845 -1.89395 4
    endloop
  endfacet
  facet normal 0 0 1
    outer loop
      vertex 7.23119 -2.42217 4
      vertex 7.79508 -1.96173 4
      vertex 7.59993 -2.01061 4
    endloop
  endfacet
  facet normal 0 0 1
    outer loop
      vertex 7.23119 -2.42217 4
      vertex 7.59993 -2.01061 4
      vertex 7.40093 -2.04013 4
    endloop
  endfacet
  facet normal 0 0 1
    outer loop
      vertex 7.79508 -1.96173 4
      vertex 7.23119 -2.42217 4
      vertex 8.86684 -2.42217 4
    endloop
  endfacet
  facet normal 0 0 1
    outer loop
      vertex 7.13796 -2.42217 4
      vertex 7.23119 -2.42217 4
      vertex 7.2 -2.05 4
    endloop
  endfacet
  facet normal -0 0 1
    outer loop
      vertex 7.2 -2.05 4
      vertex 7.23119 -2.42217 4
      vertex 7.40093 -2.04013 4
    endloop
  endfacet
  facet normal -0 0 1
    outer loop
      vertex 9.24013 0.200934 4
      vertex 15.4 0 4
      vertex 15.3258 1.50946 4
    endloop
  endfacet
  facet normal 0 0 1
    outer loop
      vertex 9.09395 0.7845 4
      vertex 15.3258 1.50946 4
      vertex 15.1041 3.00439 4
    endloop
  endfacet
  facet normal 0 0 1
    outer loop
      vertex 15.4 0 4
      vertex 9.24013 0.200934 4
      vertex 9.25 0 4
    endloop
  endfacet
  facet normal 0 0 1
    outer loop
      vertex 8.90451 1.13892 4
      vertex 15.1041 3.00439 4
      vertex 14.7369 4.47038 4
    endloop
  endfacet
  facet normal 0 0 1
    outer loop
      vertex 9.24013 -0.200934 4
      vertex 15.4 0 4
      vertex 9.25 0 4
    endloop
  endfacet
  facet normal 0 0 1
    outer loop
      vertex 8.64957 1.44957 4
      vertex 14.7369 4.47038 4
      vertex 14.2277 5.89332 4
    endloop
  endfacet
  facet normal 0 0 1
    outer loop
      vertex 15.4 0 4
      vertex 9.24013 -0.200934 4
      vertex 15.3258 -1.50946 4
    endloop
  endfacet
  facet normal 0 0 1
    outer loop
      vertex 8.33892 1.70451 4
      vertex 14.2277 5.89332 4
      vertex 13.5816 7.25951 4
    endloop
  endfacet
  facet normal -0 0 1
    outer loop
      vertex 9.21061 -0.399935 4
      vertex 15.3258 -1.50946 4
      vertex 9.24013 -0.200934 4
    endloop
  endfacet
  facet normal 0 0 1
    outer loop
      vertex 7.9845 1.89395 4
      vertex 13.5816 7.25951 4
      vertex 12.8046 8.55578 4
    endloop
  endfacet
  facet normal -0 0 1
    outer loop
      vertex 9.16173 -0.595083 4
      vertex 15.3258 -1.50946 4
      vertex 9.21061 -0.399935 4
    endloop
  endfacet
  facet normal 0 0 1
    outer loop
      vertex 4.75798 8.52918 4
      vertex 12.8046 8.55578 4
      vertex 11.9044 9.76966 4
    endloop
  endfacet
  facet normal -0 0 1
    outer loop
      vertex 9.09395 -0.7845 4
      vertex 15.3258 -1.50946 4
      vertex 9.16173 -0.595083 4
    endloop
  endfacet
  facet normal 0 0 1
    outer loop
      vertex 5.05104 9.49528 4
      vertex 9.76966 11.9044 4
      vertex 5.1252 9.99521 4
    endloop
  endfacet
  facet normal 0 0 1
    outer loop
      vertex 15.3258 -1.50946 4
      vertex 9.09395 -0.7845 4
      vertex 15.1041 -3.00439 4
    endloop
  endfacet
  facet normal 0 0 1
    outer loop
      vertex 5.1252 9.99521 4
      vertex 9.76966 11.9044 4
      vertex 5.15 10.5 4
    endloop
  endfacet
  facet normal -0 0 1
    outer loop
      vertex 8.86684 -2.73139 4
      vertex 15.1041 -3.00439 4
      vertex 8.86684 -2.42217 4
    endloop
  endfacet
  facet normal 0 0 1
    outer loop
      vertex 14.7369 -4.47038 4
      vertex 8.86684 -2.73139 4
      vertex 14.2277 -5.89332 4
    endloop
  endfacet
  facet normal -0 0 1
    outer loop
      vertex 8.86684 -2.42217 4
      vertex 15.1041 -3.00439 4
      vertex 9.09395 -0.7845 4
    endloop
  endfacet
  facet normal 0 0 1
    outer loop
      vertex 15.3258 1.50946 4
      vertex 9.21061 0.399935 4
      vertex 9.24013 0.200934 4
    endloop
  endfacet
  facet normal 0 0 1
    outer loop
      vertex 15.3258 1.50946 4
      vertex 9.16173 0.595083 4
      vertex 9.21061 0.399935 4
    endloop
  endfacet
  facet normal 0 0 1
    outer loop
      vertex 15.3258 1.50946 4
      vertex 9.09395 0.7845 4
      vertex 9.16173 0.595083 4
    endloop
  endfacet
  facet normal 0 0 1
    outer loop
      vertex 15.1041 3.00439 4
      vertex 9.00794 0.966363 4
      vertex 9.09395 0.7845 4
    endloop
  endfacet
  facet normal 0 0 1
    outer loop
      vertex 15.1041 3.00439 4
      vertex 8.90451 1.13892 4
      vertex 9.00794 0.966363 4
    endloop
  endfacet
  facet normal 0 0 1
    outer loop
      vertex 14.7369 4.47038 4
      vertex 8.78467 1.30051 4
      vertex 8.90451 1.13892 4
    endloop
  endfacet
  facet normal 0 0 1
    outer loop
      vertex 14.7369 4.47038 4
      vertex 8.64957 1.44957 4
      vertex 8.78467 1.30051 4
    endloop
  endfacet
  facet normal 0 0 1
    outer loop
      vertex 5.15 10.5 4
      vertex 9.76966 11.9044 4
      vertex 8.55578 12.8046 4
    endloop
  endfacet
  facet normal 0 0 1
    outer loop
      vertex 14.2277 5.89332 4
      vertex 8.50051 1.58467 4
      vertex 8.64957 1.44957 4
    endloop
  endfacet
  facet normal 0 0 1
    outer loop
      vertex 14.2277 5.89332 4
      vertex 8.33892 1.70451 4
      vertex 8.50051 1.58467 4
    endloop
  endfacet
  facet normal 0 0 1
    outer loop
      vertex 13.5816 7.25951 4
      vertex 8.16636 1.80794 4
      vertex 8.33892 1.70451 4
    endloop
  endfacet
  facet normal 0 0 1
    outer loop
      vertex 13.5816 7.25951 4
      vertex 7.9845 1.89395 4
      vertex 8.16636 1.80794 4
    endloop
  endfacet
  facet normal 0 0 1
    outer loop
      vertex 12.8046 8.55578 4
      vertex 7.79508 1.96173 4
      vertex 7.9845 1.89395 4
    endloop
  endfacet
  facet normal 0 0 1
    outer loop
      vertex 9.76966 11.9044 4
      vertex 5.05104 9.49528 4
      vertex 10.8894 10.8894 4
    endloop
  endfacet
  facet normal 0 0 1
    outer loop
      vertex 12.8046 8.55578 4
      vertex 7.59993 2.01061 4
      vertex 7.79508 1.96173 4
    endloop
  endfacet
  facet normal 0 0 1
    outer loop
      vertex 5.05104 11.5047 4
      vertex 8.55578 12.8046 4
      vertex 7.25951 13.5816 4
    endloop
  endfacet
  facet normal 0 0 1
    outer loop
      vertex 4.92824 9.00503 4
      vertex 10.8894 10.8894 4
      vertex 5.05104 9.49528 4
    endloop
  endfacet
  facet normal 0 0 1
    outer loop
      vertex 10.8894 10.8894 4
      vertex 4.92824 9.00503 4
      vertex 11.9044 9.76966 4
    endloop
  endfacet
  facet normal 0 0 1
    outer loop
      vertex 4.75798 8.52918 4
      vertex 11.9044 9.76966 4
      vertex 4.92824 9.00503 4
    endloop
  endfacet
  facet normal 0 0 1
    outer loop
      vertex 12.8046 8.55578 4
      vertex 4.75798 8.52918 4
      vertex 7.59993 2.01061 4
    endloop
  endfacet
  facet normal -0 0 1
    outer loop
      vertex 4.54189 8.07231 4
      vertex 7.59993 2.01061 4
      vertex 4.75798 8.52918 4
    endloop
  endfacet
  facet normal 0 0 1
    outer loop
      vertex 7.59993 2.01061 4
      vertex 4.54189 8.07231 4
      vertex 7.40093 2.04013 4
    endloop
  endfacet
  facet normal -0 0 1
    outer loop
      vertex 4.28207 7.63881 4
      vertex 7.40093 2.04013 4
      vertex 4.54189 8.07231 4
    endloop
  endfacet
  facet normal 0 0 1
    outer loop
      vertex 7.40093 2.04013 4
      vertex 4.28207 7.63881 4
      vertex 7.2 2.05 4
    endloop
  endfacet
  facet normal 0 0 1
    outer loop
      vertex 4.75798 12.4708 4
      vertex 7.25951 13.5816 4
      vertex 5.89332 14.2277 4
    endloop
  endfacet
  facet normal 0 0 1
    outer loop
      vertex 7.2 2.05 4
      vertex 4.28207 7.63881 4
      vertex 6.99906 2.04013 4
    endloop
  endfacet
  facet normal -0 0 1
    outer loop
      vertex 3.40056 4.47949 4
      vertex 6.99906 2.04013 4
      vertex 4.28207 7.63881 4
    endloop
  endfacet
  facet normal 0 0 1
    outer loop
      vertex 6.99906 2.04013 4
      vertex 3.40056 4.47949 4
      vertex 6.80006 2.01061 4
    endloop
  endfacet
  facet normal 0 0 1
    outer loop
      vertex 6.80006 2.01061 4
      vertex 3.40056 4.47949 4
      vertex 6.60492 1.96173 4
    endloop
  endfacet
  facet normal 0 0 1
    outer loop
      vertex 6.60492 1.96173 4
      vertex 3.40056 4.47949 4
      vertex 6.4155 1.89395 4
    endloop
  endfacet
  facet normal 0 0 1
    outer loop
      vertex 6.4155 1.89395 4
      vertex 3.40056 4.47949 4
      vertex 6.23364 1.80794 4
    endloop
  endfacet
  facet normal -0 0 1
    outer loop
      vertex 3.40056 2.75964 4
      vertex 6.23364 1.80794 4
      vertex 3.40056 4.47949 4
    endloop
  endfacet
  facet normal 0 0 1
    outer loop
      vertex 6.23364 1.80794 4
      vertex 3.40056 2.75964 4
      vertex 6.06108 1.70451 4
    endloop
  endfacet
  facet normal 0 0 1
    outer loop
      vertex 6.06108 1.70451 4
      vertex 3.40056 2.75964 4
      vertex 5.89949 1.58467 4
    endloop
  endfacet
  facet normal 0 0 1
    outer loop
      vertex 8.55578 12.8046 4
      vertex 5.1252 11.0048 4
      vertex 5.15 10.5 4
    endloop
  endfacet
  facet normal 0 0 1
    outer loop
      vertex 8.55578 12.8046 4
      vertex 5.05104 11.5047 4
      vertex 5.1252 11.0048 4
    endloop
  endfacet
  facet normal 0 0 1
    outer loop
      vertex 7.25951 13.5816 4
      vertex 4.92824 11.995 4
      vertex 5.05104 11.5047 4
    endloop
  endfacet
  facet normal 0 0 1
    outer loop
      vertex 7.25951 13.5816 4
      vertex 4.75798 12.4708 4
      vertex 4.92824 11.995 4
    endloop
  endfacet
  facet normal 0 0 1
    outer loop
      vertex 5.89332 14.2277 4
      vertex 4.54189 12.9277 4
      vertex 4.75798 12.4708 4
    endloop
  endfacet
  facet normal 0 0 1
    outer loop
      vertex 4.28207 13.3612 4
      vertex 5.89332 14.2277 4
      vertex 4.47038 14.7369 4
    endloop
  endfacet
  facet normal 0 0 1
    outer loop
      vertex 5.89332 14.2277 4
      vertex 4.28207 13.3612 4
      vertex 4.54189 12.9277 4
    endloop
  endfacet
  facet normal 0 0 1
    outer loop
      vertex 4.47038 14.7369 4
      vertex 3.981 13.7671 4
      vertex 4.28207 13.3612 4
    endloop
  endfacet
  facet normal 0 0 1
    outer loop
      vertex 4.47038 14.7369 4
      vertex 3.6416 14.1416 4
      vertex 3.981 13.7671 4
    endloop
  endfacet
  facet normal 0 0 1
    outer loop
      vertex 4.47038 14.7369 4
      vertex 3.26713 14.481 4
      vertex 3.6416 14.1416 4
    endloop
  endfacet
  facet normal 0 0 1
    outer loop
      vertex 3.00439 15.1041 4
      vertex 3.26713 14.481 4
      vertex 4.47038 14.7369 4
    endloop
  endfacet
  facet normal 0 0 1
    outer loop
      vertex 3.00439 15.1041 4
      vertex 2.86119 14.7821 4
      vertex 3.26713 14.481 4
    endloop
  endfacet
  facet normal 0 0 1
    outer loop
      vertex 3.00439 15.1041 4
      vertex 2.42769 15.0419 4
      vertex 2.86119 14.7821 4
    endloop
  endfacet
  facet normal 0 -0 1
    outer loop
      vertex 2.42769 15.0419 4
      vertex 3.00439 15.1041 4
      vertex 1.97258 15.2571 4
    endloop
  endfacet
  facet normal 0 0 1
    outer loop
      vertex 14.2277 -5.89332 4
      vertex 8.24837 -4.33312 4
      vertex 13.5816 -7.25951 4
    endloop
  endfacet
  facet normal 0 0 1
    outer loop
      vertex 12.8046 -8.55578 4
      vertex 8.24837 -4.33312 4
      vertex 11.9044 -9.76966 4
    endloop
  endfacet
  facet normal 0 0 1
    outer loop
      vertex 13.5816 -7.25951 4
      vertex 8.24837 -4.33312 4
      vertex 12.8046 -8.55578 4
    endloop
  endfacet
  facet normal 0 0 1
    outer loop
      vertex 15.1041 -3.00439 4
      vertex 8.86684 -2.73139 4
      vertex 14.7369 -4.47038 4
    endloop
  endfacet
  facet normal 0 0 1
    outer loop
      vertex 8.86684 -2.42217 4
      vertex 9.09395 -0.7845 4
      vertex 9.00794 -0.966363 4
    endloop
  endfacet
  facet normal 0 0 1
    outer loop
      vertex 8.86684 -2.42217 4
      vertex 9.00794 -0.966363 4
      vertex 8.90451 -1.13892 4
    endloop
  endfacet
  facet normal -0 0 1
    outer loop
      vertex 8.24837 -4.33312 4
      vertex 14.2277 -5.89332 4
      vertex 8.86684 -2.73139 4
    endloop
  endfacet
  facet normal 0 0 1
    outer loop
      vertex 11.9044 -9.76966 4
      vertex 8.24837 -4.33312 4
      vertex 10.8894 -10.8894 4
    endloop
  endfacet
  facet normal -0 0 1
    outer loop
      vertex 7.84827 -4.33312 4
      vertex 10.8894 -10.8894 4
      vertex 8.24837 -4.33312 4
    endloop
  endfacet
  facet normal 0 0 1
    outer loop
      vertex 8.24837 -4.33312 4
      vertex 8.86684 -2.73139 4
      vertex 8.24837 -2.73139 4
    endloop
  endfacet
  facet normal 0 0 1
    outer loop
      vertex 10.8894 -10.8894 4
      vertex 7.84827 -4.33312 4
      vertex 9.76966 -11.9044 4
    endloop
  endfacet
  facet normal 0 0 1
    outer loop
      vertex 9.76966 -11.9044 4
      vertex 7.84827 -4.33312 4
      vertex 8.55578 -12.8046 4
    endloop
  endfacet
  facet normal 0 0 1
    outer loop
      vertex 8.55578 -12.8046 4
      vertex 7.84827 -4.33312 4
      vertex 7.25951 -13.5816 4
    endloop
  endfacet
  facet normal 0 0 1
    outer loop
      vertex -5.57697 -2.73139 4
      vertex -4.95987 -3.36341 4
      vertex -4.96186 -3.2968 4
    endloop
  endfacet
  facet normal 0 0 1
    outer loop
      vertex -4.95987 -3.36341 4
      vertex -5.57697 -2.73139 4
      vertex -4.96175 -3.42963 4
    endloop
  endfacet
  facet normal 0 0 1
    outer loop
      vertex -5.51267 -2.73339 4
      vertex -4.96186 -3.2968 4
      vertex -4.96778 -3.23379 4
    endloop
  endfacet
  facet normal 0 -0 1
    outer loop
      vertex -5.52138 -4.0239 4
      vertex -4.96175 -3.42963 4
      vertex -5.57697 -2.73139 4
    endloop
  endfacet
  facet normal 0 0 1
    outer loop
      vertex -5.45172 -2.7394 4
      vertex -4.96778 -3.23379 4
      vertex -4.97766 -3.17437 4
    endloop
  endfacet
  facet normal 0 0 1
    outer loop
      vertex -4.96175 -3.42963 4
      vertex -5.52138 -4.0239 4
      vertex -4.96738 -3.49273 4
    endloop
  endfacet
  facet normal 0 0 1
    outer loop
      vertex -5.39418 -2.7494 4
      vertex -4.97766 -3.17437 4
      vertex -4.99149 -3.11855 4
    endloop
  endfacet
  facet normal 0 0 1
    outer loop
      vertex -4.96738 -3.49273 4
      vertex -5.52138 -4.0239 4
      vertex -4.97675 -3.55268 4
    endloop
  endfacet
  facet normal 0 0 1
    outer loop
      vertex -5.34001 -2.7634 4
      vertex -4.99149 -3.11855 4
      vertex -5.00926 -3.06634 4
    endloop
  endfacet
  facet normal 0 0 1
    outer loop
      vertex -4.97675 -3.55268 4
      vertex -5.52138 -4.0239 4
      vertex -4.98989 -3.60947 4
    endloop
  endfacet
  facet normal 0 0 1
    outer loop
      vertex -5.34001 -2.7634 4
      vertex -5.00926 -3.06634 4
      vertex -5.03101 -3.01772 4
    endloop
  endfacet
  facet normal 0 0 1
    outer loop
      vertex -4.96186 -3.2968 4
      vertex -5.51267 -2.73339 4
      vertex -5.57697 -2.73139 4
    endloop
  endfacet
  facet normal 0 0 1
    outer loop
      vertex -5.34001 -2.7634 4
      vertex -5.03101 -3.01772 4
      vertex -5.05669 -2.97271 4
    endloop
  endfacet
  facet normal 0 0 1
    outer loop
      vertex -4.98989 -3.60947 4
      vertex -5.52138 -4.0239 4
      vertex -5.00676 -3.66312 4
    endloop
  endfacet
  facet normal 0 0 1
    outer loop
      vertex -5.34001 -2.7634 4
      vertex -5.05669 -2.97271 4
      vertex -5.08632 -2.9313 4
    endloop
  endfacet
  facet normal 0 0 1
    outer loop
      vertex -5.00676 -3.66312 4
      vertex -5.52138 -4.0239 4
      vertex -5.02739 -3.71361 4
    endloop
  endfacet
  facet normal 0 0 1
    outer loop
      vertex -5.34001 -2.7634 4
      vertex -5.08632 -2.9313 4
      vertex -5.11992 -2.89347 4
    endloop
  endfacet
  facet normal 0 0 1
    outer loop
      vertex -4.96778 -3.23379 4
      vertex -5.45172 -2.7394 4
      vertex -5.51267 -2.73339 4
    endloop
  endfacet
  facet normal 0 0 1
    outer loop
      vertex -5.34001 -2.7634 4
      vertex -5.11992 -2.89347 4
      vertex -5.15717 -2.85946 4
    endloop
  endfacet
  facet normal 0 0 1
    outer loop
      vertex -5.02739 -3.71361 4
      vertex -5.46541 -4.0217 4
      vertex -5.05176 -3.76098 4
    endloop
  endfacet
  facet normal 0 0 1
    outer loop
      vertex -5.34001 -2.7634 4
      vertex -5.15717 -2.85946 4
      vertex -5.1978 -2.82944 4
    endloop
  endfacet
  facet normal 0 0 1
    outer loop
      vertex -4.97766 -3.17437 4
      vertex -5.39418 -2.7494 4
      vertex -5.45172 -2.7394 4
    endloop
  endfacet
  facet normal 0 0 1
    outer loop
      vertex -5.34001 -2.7634 4
      vertex -5.1978 -2.82944 4
      vertex -5.24182 -2.80343 4
    endloop
  endfacet
  facet normal 0 0 1
    outer loop
      vertex -4.99149 -3.11855 4
      vertex -5.34001 -2.7634 4
      vertex -5.39418 -2.7494 4
    endloop
  endfacet
  facet normal 0 0 1
    outer loop
      vertex -5.34001 -2.7634 4
      vertex -5.24182 -2.80343 4
      vertex -5.28923 -2.78142 4
    endloop
  endfacet
  facet normal 0 0 1
    outer loop
      vertex -5.0799 -3.80518 4
      vertex -5.46541 -4.0217 4
      vertex -5.11177 -3.84624 4
    endloop
  endfacet
  facet normal 0 0 1
    outer loop
      vertex -5.11177 -3.84624 4
      vertex -5.41207 -4.01513 4
      vertex -5.14684 -3.88352 4
    endloop
  endfacet
  facet normal 0 0 1
    outer loop
      vertex -5.2677 -3.96906 4
      vertex -5.36133 -4.00416 4
      vertex -5.3132 -3.98881 4
    endloop
  endfacet
  facet normal 0 0 1
    outer loop
      vertex -5.14684 -3.88352 4
      vertex -5.41207 -4.01513 4
      vertex -5.18451 -3.91642 4
    endloop
  endfacet
  facet normal 0 0 1
    outer loop
      vertex -5.2677 -3.96906 4
      vertex -5.41207 -4.01513 4
      vertex -5.36133 -4.00416 4
    endloop
  endfacet
  facet normal 0 -0 1
    outer loop
      vertex -5.41207 -4.01513 4
      vertex -5.11177 -3.84624 4
      vertex -5.46541 -4.0217 4
    endloop
  endfacet
  facet normal 0 0 1
    outer loop
      vertex -5.2248 -3.94494 4
      vertex -5.41207 -4.01513 4
      vertex -5.2677 -3.96906 4
    endloop
  endfacet
  facet normal 0 0 1
    outer loop
      vertex -5.05176 -3.76098 4
      vertex -5.46541 -4.0217 4
      vertex -5.0799 -3.80518 4
    endloop
  endfacet
  facet normal 0 0 1
    outer loop
      vertex -5.18451 -3.91642 4
      vertex -5.41207 -4.01513 4
      vertex -5.2248 -3.94494 4
    endloop
  endfacet
  facet normal 0 -0 1
    outer loop
      vertex -5.46541 -4.0217 4
      vertex -5.02739 -3.71361 4
      vertex -5.52138 -4.0239 4
    endloop
  endfacet
  facet normal 0 0 1
    outer loop
      vertex -5.86043 -4.0239 4
      vertex -5.57697 -2.73139 4
      vertex -5.86043 -2.73139 4
    endloop
  endfacet
  facet normal 0 0 1
    outer loop
      vertex -5.57697 -2.73139 4
      vertex -5.86043 -4.0239 4
      vertex -5.52138 -4.0239 4
    endloop
  endfacet
  facet normal 0 0 1
    outer loop
      vertex -3.06174 3.62748 4
      vertex -2.05472 3.62748 4
      vertex -2.05635 3.68784 4
    endloop
  endfacet
  facet normal 0 0 1
    outer loop
      vertex -2.05472 3.62748 4
      vertex -3.06174 3.62748 4
      vertex -2.05634 3.56431 4
    endloop
  endfacet
  facet normal -0 0 1
    outer loop
      vertex -3.0601 3.68835 4
      vertex -2.05635 3.68784 4
      vertex -2.06123 3.74523 4
    endloop
  endfacet
  facet normal -0 -0 1
    outer loop
      vertex -3.06006 3.56605 4
      vertex -2.05634 3.56431 4
      vertex -3.06174 3.62748 4
    endloop
  endfacet
  facet normal -0 0 1
    outer loop
      vertex -3.05522 3.74615 4
      vertex -2.06123 3.74523 4
      vertex -2.06937 3.79966 4
    endloop
  endfacet
  facet normal 0 0 1
    outer loop
      vertex -2.05634 3.56431 4
      vertex -3.06006 3.56605 4
      vertex -2.0612 3.50442 4
    endloop
  endfacet
  facet normal -0 0 1
    outer loop
      vertex -3.04709 3.80088 4
      vertex -2.06937 3.79966 4
      vertex -2.08076 3.85111 4
    endloop
  endfacet
  facet normal -0 -0 1
    outer loop
      vertex -3.05507 3.50758 4
      vertex -2.0612 3.50442 4
      vertex -3.06006 3.56605 4
    endloop
  endfacet
  facet normal -0 0 1
    outer loop
      vertex -3.03569 3.85256 4
      vertex -2.08076 3.85111 4
      vertex -2.09541 3.89959 4
    endloop
  endfacet
  facet normal 0 -0 1
    outer loop
      vertex -3.04674 3.45207 4
      vertex -2.0612 3.50442 4
      vertex -3.05507 3.50758 4
    endloop
  endfacet
  facet normal 0 0 1
    outer loop
      vertex -2.50482 4.21996 4
      vertex -2.09541 3.89959 4
      vertex -2.11331 3.94511 4
    endloop
  endfacet
  facet normal 0 0 1
    outer loop
      vertex -2.0612 3.50442 4
      vertex -3.04674 3.45207 4
      vertex -2.06931 3.44779 4
    endloop
  endfacet
  facet normal 0 0 1
    outer loop
      vertex -2.50482 4.21996 4
      vertex -2.11331 3.94511 4
      vertex -2.13448 3.98766 4
    endloop
  endfacet
  facet normal 0 -0 1
    outer loop
      vertex -3.0351 3.39953 4
      vertex -2.06931 3.44779 4
      vertex -3.04674 3.45207 4
    endloop
  endfacet
  facet normal 0 0 1
    outer loop
      vertex -2.45586 4.21412 4
      vertex -2.13448 3.98766 4
      vertex -2.15889 4.02723 4
    endloop
  endfacet
  facet normal 0 0 1
    outer loop
      vertex -2.06931 3.44779 4
      vertex -3.0351 3.39953 4
      vertex -2.08064 3.39446 4
    endloop
  endfacet
  facet normal 0 0 1
    outer loop
      vertex -2.45586 4.21412 4
      vertex -2.15889 4.02723 4
      vertex -2.18655 4.06384 4
    endloop
  endfacet
  facet normal 0 -0 1
    outer loop
      vertex -3.0201 3.34995 4
      vertex -2.08064 3.39446 4
      vertex -3.0351 3.39953 4
    endloop
  endfacet
  facet normal 0 0 1
    outer loop
      vertex -2.40952 4.20435 4
      vertex -2.18655 4.06384 4
      vertex -2.21716 4.09702 4
    endloop
  endfacet
  facet normal 0 0 1
    outer loop
      vertex -2.08064 3.39446 4
      vertex -3.0201 3.34995 4
      vertex -2.09521 3.34443 4
    endloop
  endfacet
  facet normal 0 0 1
    outer loop
      vertex -2.40952 4.20435 4
      vertex -2.21716 4.09702 4
      vertex -2.25038 4.12629 4
    endloop
  endfacet
  facet normal 0 -0 1
    outer loop
      vertex -2.55885 3.0184 4
      vertex -2.09521 3.34443 4
      vertex -3.0201 3.34995 4
    endloop
  endfacet
  facet normal 0 0 1
    outer loop
      vertex -2.40952 4.20435 4
      vertex -2.25038 4.12629 4
      vertex -2.28624 4.15167 4
    endloop
  endfacet
  facet normal 0 0 1
    outer loop
      vertex -2.11304 3.29766 4
      vertex -2.5065 3.02036 4
      vertex -2.13409 3.25419 4
    endloop
  endfacet
  facet normal 0 0 1
    outer loop
      vertex -2.40952 4.20435 4
      vertex -2.28624 4.15167 4
      vertex -2.32471 4.17313 4
    endloop
  endfacet
  facet normal 0 0 1
    outer loop
      vertex -2.40952 4.20435 4
      vertex -2.32471 4.17313 4
      vertex -2.3658 4.1907 4
    endloop
  endfacet
  facet normal 0 -0 1
    outer loop
      vertex -2.45688 3.02624 4
      vertex -2.13409 3.25419 4
      vertex -2.5065 3.02036 4
    endloop
  endfacet
  facet normal 0 0 1
    outer loop
      vertex -2.18655 4.06384 4
      vertex -2.40952 4.20435 4
      vertex -2.45586 4.21412 4
    endloop
  endfacet
  facet normal 0 0 1
    outer loop
      vertex -2.13409 3.25419 4
      vertex -2.45688 3.02624 4
      vertex -2.1584 3.214 4
    endloop
  endfacet
  facet normal 0 0 1
    outer loop
      vertex -2.13448 3.98766 4
      vertex -2.45586 4.21412 4
      vertex -2.50482 4.21996 4
    endloop
  endfacet
  facet normal 0 -0 1
    outer loop
      vertex -2.41 3.03603 4
      vertex -2.1584 3.214 4
      vertex -2.45688 3.02624 4
    endloop
  endfacet
  facet normal 0 0 1
    outer loop
      vertex -2.09541 3.89959 4
      vertex -2.50482 4.21996 4
      vertex -2.5564 4.22192 4
    endloop
  endfacet
  facet normal 0 0 1
    outer loop
      vertex -2.1584 3.214 4
      vertex -2.41 3.03603 4
      vertex -2.18594 3.17709 4
    endloop
  endfacet
  facet normal 0 0 1
    outer loop
      vertex -2.09541 3.89959 4
      vertex -2.5564 4.22192 4
      vertex -3.03569 3.85256 4
    endloop
  endfacet
  facet normal 0 0 1
    outer loop
      vertex -2.28569 3.08892 4
      vertex -2.41 3.03603 4
      vertex -2.3244 3.06738 4
    endloop
  endfacet
  facet normal 0 0 1
    outer loop
      vertex -3.03569 3.85256 4
      vertex -2.5564 4.22192 4
      vertex -2.60875 4.21998 4
    endloop
  endfacet
  facet normal 0 0 1
    outer loop
      vertex -2.3244 3.06738 4
      vertex -2.41 3.03603 4
      vertex -2.36583 3.04975 4
    endloop
  endfacet
  facet normal 0 0 1
    outer loop
      vertex -2.24971 3.1144 4
      vertex -2.41 3.03603 4
      vertex -2.28569 3.08892 4
    endloop
  endfacet
  facet normal 0 0 1
    outer loop
      vertex -3.02104 3.90118 4
      vertex -2.60875 4.21998 4
      vertex -2.65839 4.21417 4
    endloop
  endfacet
  facet normal 0 0 1
    outer loop
      vertex -2.21646 3.14378 4
      vertex -2.41 3.03603 4
      vertex -2.24971 3.1144 4
    endloop
  endfacet
  facet normal 0 0 1
    outer loop
      vertex -3.00314 3.94674 4
      vertex -2.65839 4.21417 4
      vertex -2.70532 4.20449 4
    endloop
  endfacet
  facet normal 0 0 1
    outer loop
      vertex -2.18594 3.17709 4
      vertex -2.41 3.03603 4
      vertex -2.21646 3.14378 4
    endloop
  endfacet
  facet normal 0 0 1
    outer loop
      vertex -2.98199 3.98925 4
      vertex -2.70532 4.20449 4
      vertex -2.74953 4.19094 4
    endloop
  endfacet
  facet normal 0 0 1
    outer loop
      vertex -2.09521 3.34443 4
      vertex -2.5065 3.02036 4
      vertex -2.11304 3.29766 4
    endloop
  endfacet
  facet normal 0 0 1
    outer loop
      vertex -2.95758 4.02868 4
      vertex -2.74953 4.19094 4
      vertex -2.79103 4.1735 4
    endloop
  endfacet
  facet normal 0 -0 1
    outer loop
      vertex -2.5065 3.02036 4
      vertex -2.09521 3.34443 4
      vertex -2.55885 3.0184 4
    endloop
  endfacet
  facet normal 0 0 1
    outer loop
      vertex -2.95758 4.02868 4
      vertex -2.79103 4.1735 4
      vertex -2.82982 4.1522 4
    endloop
  endfacet
  facet normal -0 -0 1
    outer loop
      vertex -3.00179 3.30335 4
      vertex -2.55885 3.0184 4
      vertex -3.0201 3.34995 4
    endloop
  endfacet
  facet normal 0 0 1
    outer loop
      vertex -2.89926 4.09799 4
      vertex -2.82982 4.1522 4
      vertex -2.86591 4.12704 4
    endloop
  endfacet
  facet normal 0 0 1
    outer loop
      vertex -2.55885 3.0184 4
      vertex -3.00179 3.30335 4
      vertex -2.60944 3.02041 4
    endloop
  endfacet
  facet normal 0 0 1
    outer loop
      vertex -2.92992 4.06507 4
      vertex -2.82982 4.1522 4
      vertex -2.89926 4.09799 4
    endloop
  endfacet
  facet normal -0 -0 1
    outer loop
      vertex -2.98013 3.25971 4
      vertex -2.60944 3.02041 4
      vertex -3.00179 3.30335 4
    endloop
  endfacet
  facet normal 0 0 1
    outer loop
      vertex -2.95758 4.02868 4
      vertex -2.82982 4.1522 4
      vertex -2.92992 4.06507 4
    endloop
  endfacet
  facet normal -0 -0 1
    outer loop
      vertex -2.95517 3.21905 4
      vertex -2.65761 3.02645 4
      vertex -2.98013 3.25971 4
    endloop
  endfacet
  facet normal 0 0 1
    outer loop
      vertex -2.74953 4.19094 4
      vertex -2.95758 4.02868 4
      vertex -2.98199 3.98925 4
    endloop
  endfacet
  facet normal 0 0 1
    outer loop
      vertex -2.65761 3.02645 4
      vertex -2.95517 3.21905 4
      vertex -2.70335 3.03651 4
    endloop
  endfacet
  facet normal 0 0 1
    outer loop
      vertex -2.70532 4.20449 4
      vertex -2.98199 3.98925 4
      vertex -3.00314 3.94674 4
    endloop
  endfacet
  facet normal -0 -0 1
    outer loop
      vertex -2.92686 3.18136 4
      vertex -2.70335 3.03651 4
      vertex -2.95517 3.21905 4
    endloop
  endfacet
  facet normal 0 0 1
    outer loop
      vertex -2.65839 4.21417 4
      vertex -3.00314 3.94674 4
      vertex -3.02104 3.90118 4
    endloop
  endfacet
  facet normal 0 0 1
    outer loop
      vertex -2.82602 3.09083 4
      vertex -2.89568 3.14715 4
      vertex -2.86206 3.11698 4
    endloop
  endfacet
  facet normal 0 0 1
    outer loop
      vertex -2.60875 4.21998 4
      vertex -3.02104 3.90118 4
      vertex -3.03569 3.85256 4
    endloop
  endfacet
  facet normal 0 0 1
    outer loop
      vertex -2.82602 3.09083 4
      vertex -2.92686 3.18136 4
      vertex -2.89568 3.14715 4
    endloop
  endfacet
  facet normal 0 0 1
    outer loop
      vertex -2.08076 3.85111 4
      vertex -3.03569 3.85256 4
      vertex -3.04709 3.80088 4
    endloop
  endfacet
  facet normal 0 0 1
    outer loop
      vertex -2.70335 3.03651 4
      vertex -2.92686 3.18136 4
      vertex -2.74667 3.05059 4
    endloop
  endfacet
  facet normal 0 0 1
    outer loop
      vertex -2.06937 3.79966 4
      vertex -3.04709 3.80088 4
      vertex -3.05522 3.74615 4
    endloop
  endfacet
  facet normal 0 0 1
    outer loop
      vertex -2.78755 3.06869 4
      vertex -2.92686 3.18136 4
      vertex -2.82602 3.09083 4
    endloop
  endfacet
  facet normal 0 0 1
    outer loop
      vertex -2.06123 3.74523 4
      vertex -3.05522 3.74615 4
      vertex -3.0601 3.68835 4
    endloop
  endfacet
  facet normal 0 0 1
    outer loop
      vertex -2.74667 3.05059 4
      vertex -2.92686 3.18136 4
      vertex -2.78755 3.06869 4
    endloop
  endfacet
  facet normal 0 0 1
    outer loop
      vertex -2.05635 3.68784 4
      vertex -3.0601 3.68835 4
      vertex -3.06174 3.62748 4
    endloop
  endfacet
  facet normal 0 0 1
    outer loop
      vertex -2.60944 3.02041 4
      vertex -2.98013 3.25971 4
      vertex -2.65761 3.02645 4
    endloop
  endfacet
  facet normal 0 0 1
    outer loop
      vertex -0.550995 4.19709 4
      vertex -0.3974 3.99856 4
      vertex -0.398315 4.02349 4
    endloop
  endfacet
  facet normal 0 0 1
    outer loop
      vertex -0.3974 3.99856 4
      vertex -0.544189 3.80254 4
      vertex -0.398254 3.97561 4
    endloop
  endfacet
  facet normal 0 0 1
    outer loop
      vertex -0.528427 4.19045 4
      vertex -0.398315 4.02349 4
      vertex -0.401047 4.04678 4
    endloop
  endfacet
  facet normal 0 -0 1
    outer loop
      vertex -0.521652 3.80976 4
      vertex -0.398254 3.97561 4
      vertex -0.544189 3.80254 4
    endloop
  endfacet
  facet normal 0 0 1
    outer loop
      vertex -0.507599 4.18263 4
      vertex -0.401047 4.04678 4
      vertex -0.405609 4.0684 4
    endloop
  endfacet
  facet normal 0 0 1
    outer loop
      vertex -0.398315 4.02349 4
      vertex -0.528427 4.19045 4
      vertex -0.550995 4.19709 4
    endloop
  endfacet
  facet normal 0 0 1
    outer loop
      vertex -0.488556 4.17358 4
      vertex -0.405609 4.0684 4
      vertex -0.412003 4.08837 4
    endloop
  endfacet
  facet normal 0 0 1
    outer loop
      vertex -0.398254 3.97561 4
      vertex -0.521652 3.80976 4
      vertex -0.400818 3.95397 4
    endloop
  endfacet
  facet normal 0 0 1
    outer loop
      vertex -0.488556 4.17358 4
      vertex -0.412003 4.08837 4
      vertex -0.420197 4.10667 4
    endloop
  endfacet
  facet normal 0 0 1
    outer loop
      vertex -0.401047 4.04678 4
      vertex -0.507599 4.18263 4
      vertex -0.528427 4.19045 4
    endloop
  endfacet
  facet normal 0 0 1
    outer loop
      vertex -0.471268 4.16332 4
      vertex -0.420197 4.10667 4
      vertex -0.430237 4.12333 4
    endloop
  endfacet
  facet normal 0 -0 1
    outer loop
      vertex -0.50116 3.81828 4
      vertex -0.405075 3.93366 4
      vertex -0.521652 3.80976 4
    endloop
  endfacet
  facet normal 0 0 1
    outer loop
      vertex -0.471268 4.16332 4
      vertex -0.430237 4.12333 4
      vertex -0.442078 4.13831 4
    endloop
  endfacet
  facet normal 0 0 1
    outer loop
      vertex -0.405609 4.0684 4
      vertex -0.488556 4.17358 4
      vertex -0.507599 4.18263 4
    endloop
  endfacet
  facet normal 0 0 1
    outer loop
      vertex -0.471268 4.16332 4
      vertex -0.442078 4.13831 4
      vertex -0.455765 4.15165 4
    endloop
  endfacet
  facet normal 0 0 1
    outer loop
      vertex -0.420197 4.10667 4
      vertex -0.471268 4.16332 4
      vertex -0.488556 4.17358 4
    endloop
  endfacet
  facet normal 0 0 1
    outer loop
      vertex -0.405075 3.93366 4
      vertex -0.50116 3.81828 4
      vertex -0.411026 3.91465 4
    endloop
  endfacet
  facet normal 0 0 1
    outer loop
      vertex -0.418701 3.89695 4
      vertex -0.482742 3.82812 4
      vertex -0.42807 3.88056 4
    endloop
  endfacet
  facet normal 0 0 1
    outer loop
      vertex -0.42807 3.88056 4
      vertex -0.482742 3.82812 4
      vertex -0.439133 3.86547 4
    endloop
  endfacet
  facet normal 0 0 1
    outer loop
      vertex -0.451904 3.85171 4
      vertex -0.482742 3.82812 4
      vertex -0.466385 3.83926 4
    endloop
  endfacet
  facet normal 0 0 1
    outer loop
      vertex -0.439133 3.86547 4
      vertex -0.482742 3.82812 4
      vertex -0.451904 3.85171 4
    endloop
  endfacet
  facet normal 0 0 1
    outer loop
      vertex -0.411026 3.91465 4
      vertex -0.482742 3.82812 4
      vertex -0.418701 3.89695 4
    endloop
  endfacet
  facet normal 0 -0 1
    outer loop
      vertex -0.482742 3.82812 4
      vertex -0.411026 3.91465 4
      vertex -0.50116 3.81828 4
    endloop
  endfacet
  facet normal 0 0 1
    outer loop
      vertex -0.400818 3.95397 4
      vertex -0.521652 3.80976 4
      vertex -0.405075 3.93366 4
    endloop
  endfacet
  facet normal 0 0 1
    outer loop
      vertex -0.3974 3.99856 4
      vertex -0.550995 4.19709 4
      vertex -0.544189 3.80254 4
    endloop
  endfacet
  facet normal 0 0 1
    outer loop
      vertex -0.550995 4.19709 4
      vertex -0.568802 3.79664 4
      vertex -0.544189 3.80254 4
    endloop
  endfacet
  facet normal 0 0 1
    outer loop
      vertex -0.575348 4.20252 4
      vertex -0.568802 3.79664 4
      vertex -0.550995 4.19709 4
    endloop
  endfacet
  facet normal 0 0 1
    outer loop
      vertex -0.575348 4.20252 4
      vertex -0.59549 3.79206 4
      vertex -0.568802 3.79664 4
    endloop
  endfacet
  facet normal 0 0 1
    outer loop
      vertex -0.601456 4.20673 4
      vertex -0.59549 3.79206 4
      vertex -0.575348 4.20252 4
    endloop
  endfacet
  facet normal 0 0 1
    outer loop
      vertex -0.601456 4.20673 4
      vertex -0.624237 3.78878 4
      vertex -0.59549 3.79206 4
    endloop
  endfacet
  facet normal 0 0 1
    outer loop
      vertex -0.629318 4.20976 4
      vertex -0.624237 3.78878 4
      vertex -0.601456 4.20673 4
    endloop
  endfacet
  facet normal 0 0 1
    outer loop
      vertex -0.629318 4.20976 4
      vertex -0.655045 3.78681 4
      vertex -0.624237 3.78878 4
    endloop
  endfacet
  facet normal 0 0 1
    outer loop
      vertex -0.658966 4.21156 4
      vertex -0.655045 3.78681 4
      vertex -0.629318 4.20976 4
    endloop
  endfacet
  facet normal 0 0 1
    outer loop
      vertex -0.658966 4.21156 4
      vertex -0.687912 3.78616 4
      vertex -0.655045 3.78681 4
    endloop
  endfacet
  facet normal 0 0 1
    outer loop
      vertex -0.690353 4.21217 4
      vertex -0.687912 3.78616 4
      vertex -0.658966 4.21156 4
    endloop
  endfacet
  facet normal -0 0 1
    outer loop
      vertex -1.10049 4.21217 4
      vertex -0.687912 3.78616 4
      vertex -0.690353 4.21217 4
    endloop
  endfacet
  facet normal 0 0 1
    outer loop
      vertex -0.687912 3.78616 4
      vertex -1.10049 4.21217 4
      vertex -1.10049 3.78616 4
    endloop
  endfacet
  facet normal 0 0 1
    outer loop
      vertex -0.466782 3.04635 4
      vertex -0.298294 3.25123 4
      vertex -0.297302 3.27839 4
    endloop
  endfacet
  facet normal 0 0 1
    outer loop
      vertex -0.451385 3.49322 4
      vertex -0.297302 3.27839 4
      vertex -0.30159 3.32911 4
    endloop
  endfacet
  facet normal 0 0 1
    outer loop
      vertex -0.466782 3.04635 4
      vertex -0.297302 3.27839 4
      vertex -0.451385 3.49322 4
    endloop
  endfacet
  facet normal 0 0 1
    outer loop
      vertex -0.298294 3.25123 4
      vertex -0.466782 3.04635 4
      vertex -0.301254 3.22563 4
    endloop
  endfacet
  facet normal 0 0 1
    outer loop
      vertex -0.404297 3.47234 4
      vertex -0.30159 3.32911 4
      vertex -0.314423 3.37388 4
    endloop
  endfacet
  facet normal 0 -0 1
    outer loop
      vertex -0.440948 3.05488 4
      vertex -0.301254 3.22563 4
      vertex -0.466782 3.04635 4
    endloop
  endfacet
  facet normal 0 0 1
    outer loop
      vertex -0.30159 3.32911 4
      vertex -0.404297 3.47234 4
      vertex -0.451385 3.49322 4
    endloop
  endfacet
  facet normal 0 0 1
    outer loop
      vertex -0.365784 3.44549 4
      vertex -0.314423 3.37388 4
      vertex -0.335831 3.41267 4
    endloop
  endfacet
  facet normal 0 -0 1
    outer loop
      vertex -0.417404 3.06498 4
      vertex -0.306198 3.20156 4
      vertex -0.440948 3.05488 4
    endloop
  endfacet
  facet normal 0 0 1
    outer loop
      vertex -0.31311 3.17906 4
      vertex -0.417404 3.06498 4
      vertex -0.321991 3.1581 4
    endloop
  endfacet
  facet normal 0 0 1
    outer loop
      vertex -0.314423 3.37388 4
      vertex -0.365784 3.44549 4
      vertex -0.404297 3.47234 4
    endloop
  endfacet
  facet normal 0 0 1
    outer loop
      vertex -0.33284 3.13871 4
      vertex -0.417404 3.06498 4
      vertex -0.345673 3.12086 4
    endloop
  endfacet
  facet normal 0 0 1
    outer loop
      vertex -0.345673 3.12086 4
      vertex -0.417404 3.06498 4
      vertex -0.360489 3.10455 4
    endloop
  endfacet
  facet normal 0 0 1
    outer loop
      vertex -0.360489 3.10455 4
      vertex -0.396179 3.07661 4
      vertex -0.377258 3.08981 4
    endloop
  endfacet
  facet normal 0 0 1
    outer loop
      vertex -0.360489 3.10455 4
      vertex -0.417404 3.06498 4
      vertex -0.396179 3.07661 4
    endloop
  endfacet
  facet normal 0 0 1
    outer loop
      vertex -0.321991 3.1581 4
      vertex -0.417404 3.06498 4
      vertex -0.33284 3.13871 4
    endloop
  endfacet
  facet normal 0 0 1
    outer loop
      vertex -0.306198 3.20156 4
      vertex -0.417404 3.06498 4
      vertex -0.31311 3.17906 4
    endloop
  endfacet
  facet normal 0 0 1
    outer loop
      vertex -0.301254 3.22563 4
      vertex -0.440948 3.05488 4
      vertex -0.306198 3.20156 4
    endloop
  endfacet
  facet normal 0 0 1
    outer loop
      vertex -0.451385 3.49322 4
      vertex -0.494919 3.03936 4
      vertex -0.466782 3.04635 4
    endloop
  endfacet
  facet normal 0 0 1
    outer loop
      vertex -0.507019 3.50814 4
      vertex -0.494919 3.03936 4
      vertex -0.451385 3.49322 4
    endloop
  endfacet
  facet normal 0 0 1
    outer loop
      vertex -0.507019 3.50814 4
      vertex -0.525375 3.03393 4
      vertex -0.494919 3.03936 4
    endloop
  endfacet
  facet normal 0 0 1
    outer loop
      vertex -0.507019 3.50814 4
      vertex -0.558121 3.03005 4
      vertex -0.525375 3.03393 4
    endloop
  endfacet
  facet normal 0 0 1
    outer loop
      vertex -0.571213 3.5171 4
      vertex -0.558121 3.03005 4
      vertex -0.507019 3.50814 4
    endloop
  endfacet
  facet normal 0 0 1
    outer loop
      vertex -0.571213 3.5171 4
      vertex -0.593185 3.02772 4
      vertex -0.558121 3.03005 4
    endloop
  endfacet
  facet normal 0 0 1
    outer loop
      vertex -0.571213 3.5171 4
      vertex -0.630539 3.02696 4
      vertex -0.593185 3.02772 4
    endloop
  endfacet
  facet normal 0 0 1
    outer loop
      vertex -0.643967 3.52007 4
      vertex -0.630539 3.02696 4
      vertex -0.571213 3.5171 4
    endloop
  endfacet
  facet normal 0 0 1
    outer loop
      vertex -1.10049 3.02696 4
      vertex -0.643967 3.52007 4
      vertex -1.10049 3.52007 4
    endloop
  endfacet
  facet normal 0 0 1
    outer loop
      vertex -0.643967 3.52007 4
      vertex -1.10049 3.02696 4
      vertex -0.630539 3.02696 4
    endloop
  endfacet
  facet normal -1 0 0
    outer loop
      vertex 3.5 14.9799 12
      vertex 3.5 16.6274 16
      vertex 3.5 16.6274 12
    endloop
  endfacet
  facet normal -1 -0 0
    outer loop
      vertex 3.5 16.6274 16
      vertex 3.5 14.9799 12
      vertex 3.5 14.9799 16
    endloop
  endfacet
  facet normal 0 0 1
    outer loop
      vertex 3.00439 15.1041 12
      vertex 3.5 16.6274 12
      vertex 3.31653 16.6733 12
    endloop
  endfacet
  facet normal 0 0 1
    outer loop
      vertex 3.5 16.6274 12
      vertex 3.00439 15.1041 12
      vertex 3.5 14.9799 12
    endloop
  endfacet
  facet normal 0 0 1
    outer loop
      vertex 1.66629 16.9181 12
      vertex 3.00439 15.1041 12
      vertex 3.31653 16.6733 12
    endloop
  endfacet
  facet normal 0 0 1
    outer loop
      vertex 1.66629 16.9181 12
      vertex 1.50946 15.3258 12
      vertex 3.00439 15.1041 12
    endloop
  endfacet
  facet normal 0 0 1
    outer loop
      vertex 0 17 12
      vertex 1.50946 15.3258 12
      vertex 1.66629 16.9181 12
    endloop
  endfacet
  facet normal 0 0 1
    outer loop
      vertex 0 17 12
      vertex 0 15.4 12
      vertex 1.50946 15.3258 12
    endloop
  endfacet
  facet normal 0 0 1
    outer loop
      vertex 0 17 12
      vertex -1.50946 15.3258 12
      vertex 0 15.4 12
    endloop
  endfacet
  facet normal -0 0 1
    outer loop
      vertex -1.66629 16.9181 12
      vertex -1.50946 15.3258 12
      vertex 0 17 12
    endloop
  endfacet
  facet normal 0 0 1
    outer loop
      vertex -1.66629 16.9181 12
      vertex -3.00439 15.1041 12
      vertex -1.50946 15.3258 12
    endloop
  endfacet
  facet normal -0 0 1
    outer loop
      vertex -3.31653 16.6733 12
      vertex -3.00439 15.1041 12
      vertex -1.66629 16.9181 12
    endloop
  endfacet
  facet normal -0 0 1
    outer loop
      vertex -3.5 16.6274 12
      vertex -3.00439 15.1041 12
      vertex -3.31653 16.6733 12
    endloop
  endfacet
  facet normal 0 0 1
    outer loop
      vertex -3.00439 15.1041 12
      vertex -3.5 16.6274 12
      vertex -3.5 14.9799 12
    endloop
  endfacet
  facet normal 1 -0 0
    outer loop
      vertex -3.5 14.9799 16
      vertex -3.5 16.6274 12
      vertex -3.5 16.6274 16
    endloop
  endfacet
  facet normal 1 0 0
    outer loop
      vertex -3.5 16.6274 12
      vertex -3.5 14.9799 16
      vertex -3.5 14.9799 12
    endloop
  endfacet
  facet normal 0 0 1
    outer loop
      vertex -9.32677 -2.42217 3.6
      vertex -9.72687 -2.42217 3.6
      vertex -9.32677 -4.0239 3.6
    endloop
  endfacet
  facet normal -0 0 1
    outer loop
      vertex -9.32677 -4.0239 3.6
      vertex -8.30146 -4.33312 3.6
      vertex -8.30146 -4.0239 3.6
    endloop
  endfacet
  facet normal 0 0 1
    outer loop
      vertex -9.32677 -4.0239 3.6
      vertex -9.72687 -4.33312 3.6
      vertex -8.30146 -4.33312 3.6
    endloop
  endfacet
  facet normal 0 0 1
    outer loop
      vertex -9.72687 -4.33312 3.6
      vertex -9.32677 -4.0239 3.6
      vertex -9.72687 -2.42217 3.6
    endloop
  endfacet
  facet normal 0 0 1
    outer loop
      vertex -6.56713 -2.42217 3.6
      vertex -7.66976 -2.73139 3.6
      vertex -6.56713 -2.73139 3.6
    endloop
  endfacet
  facet normal 0 0 1
    outer loop
      vertex -8.06986 -2.42217 3.6
      vertex -7.66976 -3.21151 3.6
      vertex -7.66976 -2.73139 3.6
    endloop
  endfacet
  facet normal 0 0 1
    outer loop
      vertex -7.66976 -3.21151 3.6
      vertex -8.06986 -2.42217 3.6
      vertex -7.66976 -3.52071 3.6
    endloop
  endfacet
  facet normal 0 0 1
    outer loop
      vertex -8.06986 -4.33312 3.6
      vertex -7.66976 -3.52071 3.6
      vertex -8.06986 -2.42217 3.6
    endloop
  endfacet
  facet normal -0 0 1
    outer loop
      vertex -8.06986 -2.42217 3.6
      vertex -7.66976 -2.73139 3.6
      vertex -6.56713 -2.42217 3.6
    endloop
  endfacet
  facet normal -0 0 1
    outer loop
      vertex -7.66976 -3.21151 3.6
      vertex -6.64987 -3.52071 3.6
      vertex -6.64987 -3.21151 3.6
    endloop
  endfacet
  facet normal 0 0 1
    outer loop
      vertex -6.64987 -3.52071 3.6
      vertex -7.66976 -3.21151 3.6
      vertex -7.66976 -3.52071 3.6
    endloop
  endfacet
  facet normal -0 0 1
    outer loop
      vertex -7.66976 -4.0239 3.6
      vertex -6.51154 -4.33312 3.6
      vertex -6.51154 -4.0239 3.6
    endloop
  endfacet
  facet normal 0 0 1
    outer loop
      vertex -7.66976 -4.0239 3.6
      vertex -8.06986 -4.33312 3.6
      vertex -6.51154 -4.33312 3.6
    endloop
  endfacet
  facet normal 0 0 1
    outer loop
      vertex -7.66976 -3.52071 3.6
      vertex -8.06986 -4.33312 3.6
      vertex -7.66976 -4.0239 3.6
    endloop
  endfacet
  facet normal -0 0 1
    outer loop
      vertex -4.96186 -3.2968 3.6
      vertex -4.55707 -3.36341 3.6
      vertex -4.56034 -3.26505 3.6
    endloop
  endfacet
  facet normal 0 0 1
    outer loop
      vertex -4.55707 -3.36341 3.6
      vertex -4.95987 -3.36341 3.6
      vertex -4.55851 -3.42817 3.6
    endloop
  endfacet
  facet normal 0 0 1
    outer loop
      vertex -4.96175 -3.42963 3.6
      vertex -4.55851 -3.42817 3.6
      vertex -4.95987 -3.36341 3.6
    endloop
  endfacet
  facet normal -0 0 1
    outer loop
      vertex -4.96778 -3.23379 3.6
      vertex -4.56034 -3.26505 3.6
      vertex -4.57013 -3.1719 3.6
    endloop
  endfacet
  facet normal 0 0 1
    outer loop
      vertex -4.55851 -3.42817 3.6
      vertex -4.96175 -3.42963 3.6
      vertex -4.56281 -3.49108 3.6
    endloop
  endfacet
  facet normal 0 0 1
    outer loop
      vertex -4.97766 -3.17437 3.6
      vertex -4.57013 -3.1719 3.6
      vertex -4.58646 -3.08396 3.6
    endloop
  endfacet
  facet normal 0 0 1
    outer loop
      vertex -4.96738 -3.49273 3.6
      vertex -4.56281 -3.49108 3.6
      vertex -4.96175 -3.42963 3.6
    endloop
  endfacet
  facet normal 0 0 1
    outer loop
      vertex -4.56281 -3.49108 3.6
      vertex -4.96738 -3.49273 3.6
      vertex -4.56996 -3.55215 3.6
    endloop
  endfacet
  facet normal 0 0 1
    outer loop
      vertex -4.99149 -3.11855 3.6
      vertex -4.58646 -3.08396 3.6
      vertex -4.60932 -3.00121 3.6
    endloop
  endfacet
  facet normal 0 0 1
    outer loop
      vertex -4.56996 -3.55215 3.6
      vertex -4.96738 -3.49273 3.6
      vertex -4.57997 -3.61133 3.6
    endloop
  endfacet
  facet normal 0 0 1
    outer loop
      vertex -4.99149 -3.11855 3.6
      vertex -4.60932 -3.00121 3.6
      vertex -4.63871 -2.92368 3.6
    endloop
  endfacet
  facet normal -0 0 1
    outer loop
      vertex -4.97675 -3.55268 3.6
      vertex -4.57997 -3.61133 3.6
      vertex -4.96738 -3.49273 3.6
    endloop
  endfacet
  facet normal 0 0 1
    outer loop
      vertex -4.57997 -3.61133 3.6
      vertex -4.97675 -3.55268 3.6
      vertex -4.59287 -3.66868 3.6
    endloop
  endfacet
  facet normal 0 0 1
    outer loop
      vertex -5.00926 -3.06634 3.6
      vertex -4.63871 -2.92368 3.6
      vertex -4.67462 -2.85135 3.6
    endloop
  endfacet
  facet normal -0 0 1
    outer loop
      vertex -4.98989 -3.60947 3.6
      vertex -4.59287 -3.66868 3.6
      vertex -4.97675 -3.55268 3.6
    endloop
  endfacet
  facet normal 0 0 1
    outer loop
      vertex -5.03101 -3.01772 3.6
      vertex -4.67462 -2.85135 3.6
      vertex -4.71707 -2.78425 3.6
    endloop
  endfacet
  facet normal 0 0 1
    outer loop
      vertex -4.59287 -3.66868 3.6
      vertex -4.98989 -3.60947 3.6
      vertex -4.60861 -3.72416 3.6
    endloop
  endfacet
  facet normal 0 0 1
    outer loop
      vertex -4.60861 -3.72416 3.6
      vertex -4.98989 -3.60947 3.6
      vertex -4.62723 -3.77779 3.6
    endloop
  endfacet
  facet normal 0 0 1
    outer loop
      vertex -5.05669 -2.97271 3.6
      vertex -4.71707 -2.78425 3.6
      vertex -4.76604 -2.72233 3.6
    endloop
  endfacet
  facet normal -0 0 1
    outer loop
      vertex -5.00676 -3.66312 3.6
      vertex -4.62723 -3.77779 3.6
      vertex -4.98989 -3.60947 3.6
    endloop
  endfacet
  facet normal 0 0 1
    outer loop
      vertex -5.08632 -2.9313 3.6
      vertex -4.76604 -2.72233 3.6
      vertex -4.82155 -2.66562 3.6
    endloop
  endfacet
  facet normal 0 0 1
    outer loop
      vertex -4.62723 -3.77779 3.6
      vertex -5.00676 -3.66312 3.6
      vertex -4.6487 -3.82955 3.6
    endloop
  endfacet
  facet normal -0 0 1
    outer loop
      vertex -5.02739 -3.71361 3.6
      vertex -4.6487 -3.82955 3.6
      vertex -5.00676 -3.66312 3.6
    endloop
  endfacet
  facet normal 0 0 1
    outer loop
      vertex -5.11992 -2.89347 3.6
      vertex -4.82155 -2.66562 3.6
      vertex -4.88301 -2.61454 3.6
    endloop
  endfacet
  facet normal 0 0 1
    outer loop
      vertex -4.6487 -3.82955 3.6
      vertex -5.02739 -3.71361 3.6
      vertex -4.67304 -3.87946 3.6
    endloop
  endfacet
  facet normal 0 0 1
    outer loop
      vertex -5.11992 -2.89347 3.6
      vertex -4.88301 -2.61454 3.6
      vertex -4.94988 -2.56945 3.6
    endloop
  endfacet
  facet normal 0 0 1
    outer loop
      vertex -4.67304 -3.87946 3.6
      vertex -5.02739 -3.71361 3.6
      vertex -4.7 -3.92715 3.6
    endloop
  endfacet
  facet normal -0 0 1
    outer loop
      vertex -5.05176 -3.76098 3.6
      vertex -4.7 -3.92715 3.6
      vertex -5.02739 -3.71361 3.6
    endloop
  endfacet
  facet normal 0 0 1
    outer loop
      vertex -4.55707 -3.36341 3.6
      vertex -4.96186 -3.2968 3.6
      vertex -4.95987 -3.36341 3.6
    endloop
  endfacet
  facet normal 0 0 1
    outer loop
      vertex -4.56034 -3.26505 3.6
      vertex -4.96778 -3.23379 3.6
      vertex -4.96186 -3.2968 3.6
    endloop
  endfacet
  facet normal 0 0 1
    outer loop
      vertex -4.57013 -3.1719 3.6
      vertex -4.97766 -3.17437 3.6
      vertex -4.96778 -3.23379 3.6
    endloop
  endfacet
  facet normal 0 0 1
    outer loop
      vertex -4.58646 -3.08396 3.6
      vertex -4.99149 -3.11855 3.6
      vertex -4.97766 -3.17437 3.6
    endloop
  endfacet
  facet normal 0 0 1
    outer loop
      vertex -4.63871 -2.92368 3.6
      vertex -5.00926 -3.06634 3.6
      vertex -4.99149 -3.11855 3.6
    endloop
  endfacet
  facet normal 0 0 1
    outer loop
      vertex -5.15717 -2.85946 3.6
      vertex -4.94988 -2.56945 3.6
      vertex -5.02213 -2.53037 3.6
    endloop
  endfacet
  facet normal 0 0 1
    outer loop
      vertex -4.67462 -2.85135 3.6
      vertex -5.03101 -3.01772 3.6
      vertex -5.00926 -3.06634 3.6
    endloop
  endfacet
  facet normal 0 0 1
    outer loop
      vertex -4.71707 -2.78425 3.6
      vertex -5.05669 -2.97271 3.6
      vertex -5.03101 -3.01772 3.6
    endloop
  endfacet
  facet normal 0 0 1
    outer loop
      vertex -4.76604 -2.72233 3.6
      vertex -5.08632 -2.9313 3.6
      vertex -5.05669 -2.97271 3.6
    endloop
  endfacet
  facet normal 0 0 1
    outer loop
      vertex -5.1978 -2.82944 3.6
      vertex -5.02213 -2.53037 3.6
      vertex -5.09976 -2.49732 3.6
    endloop
  endfacet
  facet normal 0 0 1
    outer loop
      vertex -4.82155 -2.66562 3.6
      vertex -5.11992 -2.89347 3.6
      vertex -5.08632 -2.9313 3.6
    endloop
  endfacet
  facet normal 0 0 1
    outer loop
      vertex -4.94988 -2.56945 3.6
      vertex -5.15717 -2.85946 3.6
      vertex -5.11992 -2.89347 3.6
    endloop
  endfacet
  facet normal 0 0 1
    outer loop
      vertex -5.24182 -2.80343 3.6
      vertex -5.09976 -2.49732 3.6
      vertex -5.18279 -2.47027 3.6
    endloop
  endfacet
  facet normal 0 0 1
    outer loop
      vertex -5.02213 -2.53037 3.6
      vertex -5.1978 -2.82944 3.6
      vertex -5.15717 -2.85946 3.6
    endloop
  endfacet
  facet normal 0 0 1
    outer loop
      vertex -5.09976 -2.49732 3.6
      vertex -5.24182 -2.80343 3.6
      vertex -5.1978 -2.82944 3.6
    endloop
  endfacet
  facet normal 0 0 1
    outer loop
      vertex -5.34001 -2.7634 3.6
      vertex -5.18279 -2.47027 3.6
      vertex -5.27121 -2.44922 3.6
    endloop
  endfacet
  facet normal 0 0 1
    outer loop
      vertex -5.18279 -2.47027 3.6
      vertex -5.28923 -2.78142 3.6
      vertex -5.24182 -2.80343 3.6
    endloop
  endfacet
  facet normal 0 0 1
    outer loop
      vertex -5.18279 -2.47027 3.6
      vertex -5.34001 -2.7634 3.6
      vertex -5.28923 -2.78142 3.6
    endloop
  endfacet
  facet normal 0 0 1
    outer loop
      vertex -5.39418 -2.7494 3.6
      vertex -5.27121 -2.44922 3.6
      vertex -5.36504 -2.43419 3.6
    endloop
  endfacet
  facet normal 0 0 1
    outer loop
      vertex -5.27121 -2.44922 3.6
      vertex -5.39418 -2.7494 3.6
      vertex -5.34001 -2.7634 3.6
    endloop
  endfacet
  facet normal 0 0 1
    outer loop
      vertex -5.36504 -2.43419 3.6
      vertex -5.45172 -2.7394 3.6
      vertex -5.39418 -2.7494 3.6
    endloop
  endfacet
  facet normal 0 0 1
    outer loop
      vertex -5.46424 -2.42518 3.6
      vertex -5.45172 -2.7394 3.6
      vertex -5.36504 -2.43419 3.6
    endloop
  endfacet
  facet normal 0 0 1
    outer loop
      vertex -5.46424 -2.42518 3.6
      vertex -5.51267 -2.73339 3.6
      vertex -5.45172 -2.7394 3.6
    endloop
  endfacet
  facet normal 0 0 1
    outer loop
      vertex -5.56884 -2.42217 3.6
      vertex -5.51267 -2.73339 3.6
      vertex -5.46424 -2.42518 3.6
    endloop
  endfacet
  facet normal 0 0 1
    outer loop
      vertex -5.56884 -2.42217 3.6
      vertex -5.57697 -2.73139 3.6
      vertex -5.51267 -2.73339 3.6
    endloop
  endfacet
  facet normal 0 0 1
    outer loop
      vertex -5.56884 -2.42217 3.6
      vertex -5.86043 -2.73139 3.6
      vertex -5.57697 -2.73139 3.6
    endloop
  endfacet
  facet normal 0 0 1
    outer loop
      vertex -5.86043 -2.73139 3.6
      vertex -6.26053 -2.42217 3.6
      vertex -5.86043 -4.0239 3.6
    endloop
  endfacet
  facet normal -0 0 1
    outer loop
      vertex -6.26053 -2.42217 3.6
      vertex -5.86043 -2.73139 3.6
      vertex -5.56884 -2.42217 3.6
    endloop
  endfacet
  facet normal 0 0 1
    outer loop
      vertex -4.7 -3.92715 3.6
      vertex -5.05176 -3.76098 3.6
      vertex -4.72933 -3.97228 3.6
    endloop
  endfacet
  facet normal 0 0 1
    outer loop
      vertex -4.72933 -3.97228 3.6
      vertex -5.05176 -3.76098 3.6
      vertex -4.76103 -4.01485 3.6
    endloop
  endfacet
  facet normal -0 0 1
    outer loop
      vertex -5.0799 -3.80518 3.6
      vertex -4.76103 -4.01485 3.6
      vertex -5.05176 -3.76098 3.6
    endloop
  endfacet
  facet normal 0 0 1
    outer loop
      vertex -4.76103 -4.01485 3.6
      vertex -5.0799 -3.80518 3.6
      vertex -4.79514 -4.05486 3.6
    endloop
  endfacet
  facet normal 0 0 1
    outer loop
      vertex -4.79514 -4.05486 3.6
      vertex -5.0799 -3.80518 3.6
      vertex -4.83161 -4.09231 3.6
    endloop
  endfacet
  facet normal -0 0 1
    outer loop
      vertex -5.11177 -3.84624 3.6
      vertex -4.83161 -4.09231 3.6
      vertex -5.0799 -3.80518 3.6
    endloop
  endfacet
  facet normal 0 0 1
    outer loop
      vertex -4.83161 -4.09231 3.6
      vertex -5.11177 -3.84624 3.6
      vertex -4.87046 -4.12719 3.6
    endloop
  endfacet
  facet normal -0 0 1
    outer loop
      vertex -5.14684 -3.88352 3.6
      vertex -4.87046 -4.12719 3.6
      vertex -5.11177 -3.84624 3.6
    endloop
  endfacet
  facet normal 0 0 1
    outer loop
      vertex -4.87046 -4.12719 3.6
      vertex -5.14684 -3.88352 3.6
      vertex -4.91167 -4.15952 3.6
    endloop
  endfacet
  facet normal 0 0 1
    outer loop
      vertex -4.91167 -4.15952 3.6
      vertex -5.14684 -3.88352 3.6
      vertex -4.95528 -4.18928 3.6
    endloop
  endfacet
  facet normal -0 0 1
    outer loop
      vertex -5.18451 -3.91642 3.6
      vertex -4.95528 -4.18928 3.6
      vertex -5.14684 -3.88352 3.6
    endloop
  endfacet
  facet normal 0 0 1
    outer loop
      vertex -4.95528 -4.18928 3.6
      vertex -5.18451 -3.91642 3.6
      vertex -5.00125 -4.21648 3.6
    endloop
  endfacet
  facet normal 0 0 1
    outer loop
      vertex -5.00125 -4.21648 3.6
      vertex -5.18451 -3.91642 3.6
      vertex -5.04918 -4.24096 3.6
    endloop
  endfacet
  facet normal -0 0 1
    outer loop
      vertex -5.2248 -3.94494 3.6
      vertex -5.04918 -4.24096 3.6
      vertex -5.18451 -3.91642 3.6
    endloop
  endfacet
  facet normal 0 0 1
    outer loop
      vertex -5.04918 -4.24096 3.6
      vertex -5.2248 -3.94494 3.6
      vertex -5.09864 -4.26256 3.6
    endloop
  endfacet
  facet normal -0 0 1
    outer loop
      vertex -5.2677 -3.96906 3.6
      vertex -5.09864 -4.26256 3.6
      vertex -5.2248 -3.94494 3.6
    endloop
  endfacet
  facet normal 0 0 1
    outer loop
      vertex -5.09864 -4.26256 3.6
      vertex -5.2677 -3.96906 3.6
      vertex -5.14962 -4.28127 3.6
    endloop
  endfacet
  facet normal 0 0 1
    outer loop
      vertex -5.14962 -4.28127 3.6
      vertex -5.2677 -3.96906 3.6
      vertex -5.20211 -4.29711 3.6
    endloop
  endfacet
  facet normal -0 0 1
    outer loop
      vertex -5.3132 -3.98881 3.6
      vertex -5.20211 -4.29711 3.6
      vertex -5.2677 -3.96906 3.6
    endloop
  endfacet
  facet normal 0 0 1
    outer loop
      vertex -5.20211 -4.29711 3.6
      vertex -5.3132 -3.98881 3.6
      vertex -5.25614 -4.31008 3.6
    endloop
  endfacet
  facet normal -0 0 1
    outer loop
      vertex -5.36133 -4.00416 3.6
      vertex -5.25614 -4.31008 3.6
      vertex -5.3132 -3.98881 3.6
    endloop
  endfacet
  facet normal 0 0 1
    outer loop
      vertex -5.25614 -4.31008 3.6
      vertex -5.36133 -4.00416 3.6
      vertex -5.31168 -4.32015 3.6
    endloop
  endfacet
  facet normal -0 0 1
    outer loop
      vertex -5.41207 -4.01513 3.6
      vertex -5.31168 -4.32015 3.6
      vertex -5.36133 -4.00416 3.6
    endloop
  endfacet
  facet normal 0 0 1
    outer loop
      vertex -5.31168 -4.32015 3.6
      vertex -5.41207 -4.01513 3.6
      vertex -5.36876 -4.32735 3.6
    endloop
  endfacet
  facet normal 0 0 1
    outer loop
      vertex -5.41207 -4.01513 3.6
      vertex -5.42736 -4.33167 3.6
      vertex -5.36876 -4.32735 3.6
    endloop
  endfacet
  facet normal -0 0 1
    outer loop
      vertex -5.46541 -4.0217 3.6
      vertex -5.42736 -4.33167 3.6
      vertex -5.41207 -4.01513 3.6
    endloop
  endfacet
  facet normal 0 0 1
    outer loop
      vertex -5.46541 -4.0217 3.6
      vertex -5.48748 -4.33312 3.6
      vertex -5.42736 -4.33167 3.6
    endloop
  endfacet
  facet normal -0 0 1
    outer loop
      vertex -5.52138 -4.0239 3.6
      vertex -5.48748 -4.33312 3.6
      vertex -5.46541 -4.0217 3.6
    endloop
  endfacet
  facet normal -0 0 1
    outer loop
      vertex -5.86043 -4.0239 3.6
      vertex -5.48748 -4.33312 3.6
      vertex -5.52138 -4.0239 3.6
    endloop
  endfacet
  facet normal 0 0 1
    outer loop
      vertex -5.86043 -4.0239 3.6
      vertex -6.26053 -4.33312 3.6
      vertex -5.48748 -4.33312 3.6
    endloop
  endfacet
  facet normal 0 0 1
    outer loop
      vertex -6.26053 -4.33312 3.6
      vertex -5.86043 -4.0239 3.6
      vertex -6.26053 -2.42217 3.6
    endloop
  endfacet
  facet normal 0 -1 0
    outer loop
      vertex -9.32677 -4.0239 3.6
      vertex -8.30146 -4.0239 4
      vertex -9.32677 -4.0239 4
    endloop
  endfacet
  facet normal 0 -1 -0
    outer loop
      vertex -8.30146 -4.0239 4
      vertex -9.32677 -4.0239 3.6
      vertex -8.30146 -4.0239 3.6
    endloop
  endfacet
  facet normal -1 0 0
    outer loop
      vertex -9.32677 -4.0239 3.6
      vertex -9.32677 -2.42217 4
      vertex -9.32677 -2.42217 3.6
    endloop
  endfacet
  facet normal -1 -0 0
    outer loop
      vertex -9.32677 -2.42217 4
      vertex -9.32677 -4.0239 3.6
      vertex -9.32677 -4.0239 4
    endloop
  endfacet
  facet normal 0 -1 0
    outer loop
      vertex -9.72687 -2.42217 3.6
      vertex -9.32677 -2.42217 4
      vertex -9.72687 -2.42217 4
    endloop
  endfacet
  facet normal 0 -1 -0
    outer loop
      vertex -9.32677 -2.42217 4
      vertex -9.72687 -2.42217 3.6
      vertex -9.32677 -2.42217 3.6
    endloop
  endfacet
  facet normal 1 -0 0
    outer loop
      vertex -9.72687 -4.33312 4
      vertex -9.72687 -2.42217 3.6
      vertex -9.72687 -2.42217 4
    endloop
  endfacet
  facet normal 1 0 0
    outer loop
      vertex -9.72687 -2.42217 3.6
      vertex -9.72687 -4.33312 4
      vertex -9.72687 -4.33312 3.6
    endloop
  endfacet
  facet normal 0 1 -0
    outer loop
      vertex -8.30146 -4.33312 3.6
      vertex -9.72687 -4.33312 4
      vertex -8.30146 -4.33312 4
    endloop
  endfacet
  facet normal 0 1 0
    outer loop
      vertex -9.72687 -4.33312 4
      vertex -8.30146 -4.33312 3.6
      vertex -9.72687 -4.33312 3.6
    endloop
  endfacet
  facet normal -1 0 0
    outer loop
      vertex -8.30146 -4.33312 3.6
      vertex -8.30146 -4.0239 4
      vertex -8.30146 -4.0239 3.6
    endloop
  endfacet
  facet normal -1 -0 0
    outer loop
      vertex -8.30146 -4.0239 4
      vertex -8.30146 -4.33312 3.6
      vertex -8.30146 -4.33312 4
    endloop
  endfacet
  facet normal 0 -1 0
    outer loop
      vertex -7.66976 -4.0239 3.6
      vertex -6.51154 -4.0239 4
      vertex -7.66976 -4.0239 4
    endloop
  endfacet
  facet normal 0 -1 -0
    outer loop
      vertex -6.51154 -4.0239 4
      vertex -7.66976 -4.0239 3.6
      vertex -6.51154 -4.0239 3.6
    endloop
  endfacet
  facet normal -1 0 0
    outer loop
      vertex -7.66976 -4.0239 3.6
      vertex -7.66976 -3.52071 4
      vertex -7.66976 -3.52071 3.6
    endloop
  endfacet
  facet normal -1 -0 0
    outer loop
      vertex -7.66976 -3.52071 4
      vertex -7.66976 -4.0239 3.6
      vertex -7.66976 -4.0239 4
    endloop
  endfacet
  facet normal 0 1 -0
    outer loop
      vertex -6.64987 -3.52071 3.6
      vertex -7.66976 -3.52071 4
      vertex -6.64987 -3.52071 4
    endloop
  endfacet
  facet normal 0 1 0
    outer loop
      vertex -7.66976 -3.52071 4
      vertex -6.64987 -3.52071 3.6
      vertex -7.66976 -3.52071 3.6
    endloop
  endfacet
  facet normal -1 0 0
    outer loop
      vertex -6.64987 -3.52071 3.6
      vertex -6.64987 -3.21151 4
      vertex -6.64987 -3.21151 3.6
    endloop
  endfacet
  facet normal -1 -0 0
    outer loop
      vertex -6.64987 -3.21151 4
      vertex -6.64987 -3.52071 3.6
      vertex -6.64987 -3.52071 4
    endloop
  endfacet
  facet normal 0 -1 0
    outer loop
      vertex -7.66976 -3.21151 3.6
      vertex -6.64987 -3.21151 4
      vertex -7.66976 -3.21151 4
    endloop
  endfacet
  facet normal 0 -1 -0
    outer loop
      vertex -6.64987 -3.21151 4
      vertex -7.66976 -3.21151 3.6
      vertex -6.64987 -3.21151 3.6
    endloop
  endfacet
  facet normal -1 0 0
    outer loop
      vertex -7.66976 -3.21151 3.6
      vertex -7.66976 -2.73139 4
      vertex -7.66976 -2.73139 3.6
    endloop
  endfacet
  facet normal -1 -0 0
    outer loop
      vertex -7.66976 -2.73139 4
      vertex -7.66976 -3.21151 3.6
      vertex -7.66976 -3.21151 4
    endloop
  endfacet
  facet normal 0 1 -0
    outer loop
      vertex -6.56713 -2.73139 3.6
      vertex -7.66976 -2.73139 4
      vertex -6.56713 -2.73139 4
    endloop
  endfacet
  facet normal 0 1 0
    outer loop
      vertex -7.66976 -2.73139 4
      vertex -6.56713 -2.73139 3.6
      vertex -7.66976 -2.73139 3.6
    endloop
  endfacet
  facet normal -1 0 0
    outer loop
      vertex -6.56713 -2.73139 3.6
      vertex -6.56713 -2.42217 4
      vertex -6.56713 -2.42217 3.6
    endloop
  endfacet
  facet normal -1 -0 0
    outer loop
      vertex -6.56713 -2.42217 4
      vertex -6.56713 -2.73139 3.6
      vertex -6.56713 -2.73139 4
    endloop
  endfacet
  facet normal 0 -1 0
    outer loop
      vertex -8.06986 -2.42217 3.6
      vertex -6.56713 -2.42217 4
      vertex -8.06986 -2.42217 4
    endloop
  endfacet
  facet normal 0 -1 -0
    outer loop
      vertex -6.56713 -2.42217 4
      vertex -8.06986 -2.42217 3.6
      vertex -6.56713 -2.42217 3.6
    endloop
  endfacet
  facet normal 1 -0 0
    outer loop
      vertex -8.06986 -4.33312 4
      vertex -8.06986 -2.42217 3.6
      vertex -8.06986 -2.42217 4
    endloop
  endfacet
  facet normal 1 0 0
    outer loop
      vertex -8.06986 -2.42217 3.6
      vertex -8.06986 -4.33312 4
      vertex -8.06986 -4.33312 3.6
    endloop
  endfacet
  facet normal 0 1 -0
    outer loop
      vertex -6.51154 -4.33312 3.6
      vertex -8.06986 -4.33312 4
      vertex -6.51154 -4.33312 4
    endloop
  endfacet
  facet normal 0 1 0
    outer loop
      vertex -8.06986 -4.33312 4
      vertex -6.51154 -4.33312 3.6
      vertex -8.06986 -4.33312 3.6
    endloop
  endfacet
  facet normal -1 0 0
    outer loop
      vertex -6.51154 -4.33312 3.6
      vertex -6.51154 -4.0239 4
      vertex -6.51154 -4.0239 3.6
    endloop
  endfacet
  facet normal -1 -0 0
    outer loop
      vertex -6.51154 -4.0239 4
      vertex -6.51154 -4.33312 3.6
      vertex -6.51154 -4.33312 4
    endloop
  endfacet
  facet normal -0.0735206 0.997294 0
    outer loop
      vertex -5.36876 -4.32735 3.6
      vertex -5.42736 -4.33167 4
      vertex -5.36876 -4.32735 4
    endloop
  endfacet
  facet normal -0.0735206 0.997294 0
    outer loop
      vertex -5.42736 -4.33167 4
      vertex -5.36876 -4.32735 3.6
      vertex -5.42736 -4.33167 3.6
    endloop
  endfacet
  facet normal -0.125147 0.992138 0
    outer loop
      vertex -5.31168 -4.32015 3.6
      vertex -5.36876 -4.32735 4
      vertex -5.31168 -4.32015 4
    endloop
  endfacet
  facet normal -0.125147 0.992138 0
    outer loop
      vertex -5.36876 -4.32735 4
      vertex -5.31168 -4.32015 3.6
      vertex -5.36876 -4.32735 3.6
    endloop
  endfacet
  facet normal -0.178402 0.983958 0
    outer loop
      vertex -5.25614 -4.31008 3.6
      vertex -5.31168 -4.32015 4
      vertex -5.25614 -4.31008 4
    endloop
  endfacet
  facet normal -0.178402 0.983958 0
    outer loop
      vertex -5.31168 -4.32015 4
      vertex -5.25614 -4.31008 3.6
      vertex -5.31168 -4.32015 3.6
    endloop
  endfacet
  facet normal -0.233421 0.972376 0
    outer loop
      vertex -5.20211 -4.29711 3.6
      vertex -5.25614 -4.31008 4
      vertex -5.20211 -4.29711 4
    endloop
  endfacet
  facet normal -0.233421 0.972376 0
    outer loop
      vertex -5.25614 -4.31008 4
      vertex -5.20211 -4.29711 3.6
      vertex -5.25614 -4.31008 3.6
    endloop
  endfacet
  facet normal -0.288904 0.957358 0
    outer loop
      vertex -5.14962 -4.28127 3.6
      vertex -5.20211 -4.29711 4
      vertex -5.14962 -4.28127 4
    endloop
  endfacet
  facet normal -0.288904 0.957358 0
    outer loop
      vertex -5.20211 -4.29711 4
      vertex -5.14962 -4.28127 3.6
      vertex -5.20211 -4.29711 3.6
    endloop
  endfacet
  facet normal -0.344536 0.938773 0
    outer loop
      vertex -5.09864 -4.26256 3.6
      vertex -5.14962 -4.28127 4
      vertex -5.09864 -4.26256 4
    endloop
  endfacet
  facet normal -0.344536 0.938773 0
    outer loop
      vertex -5.14962 -4.28127 4
      vertex -5.09864 -4.26256 3.6
      vertex -5.14962 -4.28127 3.6
    endloop
  endfacet
  facet normal -0.400216 0.916421 0
    outer loop
      vertex -5.04918 -4.24096 3.6
      vertex -5.09864 -4.26256 4
      vertex -5.04918 -4.24096 4
    endloop
  endfacet
  facet normal -0.400216 0.916421 0
    outer loop
      vertex -5.09864 -4.26256 4
      vertex -5.04918 -4.24096 3.6
      vertex -5.09864 -4.26256 3.6
    endloop
  endfacet
  facet normal -0.454852 0.890567 0
    outer loop
      vertex -5.00125 -4.21648 3.6
      vertex -5.04918 -4.24096 4
      vertex -5.00125 -4.21648 4
    endloop
  endfacet
  facet normal -0.454852 0.890567 0
    outer loop
      vertex -5.04918 -4.24096 4
      vertex -5.00125 -4.21648 3.6
      vertex -5.04918 -4.24096 3.6
    endloop
  endfacet
  facet normal -0.509228 0.860632 0
    outer loop
      vertex -4.95528 -4.18928 3.6
      vertex -5.00125 -4.21648 4
      vertex -4.95528 -4.18928 4
    endloop
  endfacet
  facet normal -0.509228 0.860632 0
    outer loop
      vertex -5.00125 -4.21648 4
      vertex -4.95528 -4.18928 3.6
      vertex -5.00125 -4.21648 3.6
    endloop
  endfacet
  facet normal -0.563672 0.825999 0
    outer loop
      vertex -4.91167 -4.15952 3.6
      vertex -4.95528 -4.18928 4
      vertex -4.91167 -4.15952 4
    endloop
  endfacet
  facet normal -0.563672 0.825999 0
    outer loop
      vertex -4.95528 -4.18928 4
      vertex -4.91167 -4.15952 3.6
      vertex -4.95528 -4.18928 3.6
    endloop
  endfacet
  facet normal -0.61724 0.786775 0
    outer loop
      vertex -4.87046 -4.12719 3.6
      vertex -4.91167 -4.15952 4
      vertex -4.87046 -4.12719 4
    endloop
  endfacet
  facet normal -0.61724 0.786775 0
    outer loop
      vertex -4.91167 -4.15952 4
      vertex -4.87046 -4.12719 3.6
      vertex -4.91167 -4.15952 3.6
    endloop
  endfacet
  facet normal -0.668065 0.744103 0
    outer loop
      vertex -4.83161 -4.09231 3.6
      vertex -4.87046 -4.12719 4
      vertex -4.83161 -4.09231 4
    endloop
  endfacet
  facet normal -0.668065 0.744103 0
    outer loop
      vertex -4.87046 -4.12719 4
      vertex -4.83161 -4.09231 3.6
      vertex -4.87046 -4.12719 3.6
    endloop
  endfacet
  facet normal -0.716418 0.697671 0
    outer loop
      vertex -4.83161 -4.09231 3.6
      vertex -4.79514 -4.05486 4
      vertex -4.79514 -4.05486 3.6
    endloop
  endfacet
  facet normal -0.716418 0.697671 0
    outer loop
      vertex -4.79514 -4.05486 4
      vertex -4.83161 -4.09231 3.6
      vertex -4.83161 -4.09231 4
    endloop
  endfacet
  facet normal -0.760986 0.648768 0
    outer loop
      vertex -4.79514 -4.05486 3.6
      vertex -4.76103 -4.01485 4
      vertex -4.76103 -4.01485 3.6
    endloop
  endfacet
  facet normal -0.760986 0.648768 0
    outer loop
      vertex -4.76103 -4.01485 4
      vertex -4.79514 -4.05486 3.6
      vertex -4.79514 -4.05486 4
    endloop
  endfacet
  facet normal -0.802053 0.597253 0
    outer loop
      vertex -4.76103 -4.01485 3.6
      vertex -4.72933 -3.97228 4
      vertex -4.72933 -3.97228 3.6
    endloop
  endfacet
  facet normal -0.802053 0.597253 0
    outer loop
      vertex -4.72933 -3.97228 4
      vertex -4.76103 -4.01485 3.6
      vertex -4.76103 -4.01485 4
    endloop
  endfacet
  facet normal -0.838482 0.54493 0
    outer loop
      vertex -4.72933 -3.97228 3.6
      vertex -4.7 -3.92715 4
      vertex -4.7 -3.92715 3.6
    endloop
  endfacet
  facet normal -0.838482 0.54493 0
    outer loop
      vertex -4.7 -3.92715 4
      vertex -4.72933 -3.97228 3.6
      vertex -4.72933 -3.97228 4
    endloop
  endfacet
  facet normal -0.870525 0.492123 0
    outer loop
      vertex -4.7 -3.92715 3.6
      vertex -4.67304 -3.87946 4
      vertex -4.67304 -3.87946 3.6
    endloop
  endfacet
  facet normal -0.870525 0.492123 0
    outer loop
      vertex -4.67304 -3.87946 4
      vertex -4.7 -3.92715 3.6
      vertex -4.7 -3.92715 4
    endloop
  endfacet
  facet normal -0.898813 0.438331 0
    outer loop
      vertex -4.67304 -3.87946 3.6
      vertex -4.6487 -3.82955 4
      vertex -4.6487 -3.82955 3.6
    endloop
  endfacet
  facet normal -0.898813 0.438331 0
    outer loop
      vertex -4.6487 -3.82955 4
      vertex -4.67304 -3.87946 3.6
      vertex -4.67304 -3.87946 4
    endloop
  endfacet
  facet normal -0.923688 0.383145 0
    outer loop
      vertex -4.6487 -3.82955 3.6
      vertex -4.62723 -3.77779 4
      vertex -4.62723 -3.77779 3.6
    endloop
  endfacet
  facet normal -0.923688 0.383145 0
    outer loop
      vertex -4.62723 -3.77779 4
      vertex -4.6487 -3.82955 3.6
      vertex -4.6487 -3.82955 4
    endloop
  endfacet
  facet normal -0.944682 0.327988 0
    outer loop
      vertex -4.62723 -3.77779 3.6
      vertex -4.60861 -3.72416 4
      vertex -4.60861 -3.72416 3.6
    endloop
  endfacet
  facet normal -0.944682 0.327988 0
    outer loop
      vertex -4.60861 -3.72416 4
      vertex -4.62723 -3.77779 3.6
      vertex -4.62723 -3.77779 4
    endloop
  endfacet
  facet normal -0.962033 0.272934 0
    outer loop
      vertex -4.60861 -3.72416 3.6
      vertex -4.59287 -3.66868 4
      vertex -4.59287 -3.66868 3.6
    endloop
  endfacet
  facet normal -0.962033 0.272934 0
    outer loop
      vertex -4.59287 -3.66868 4
      vertex -4.60861 -3.72416 3.6
      vertex -4.60861 -3.72416 4
    endloop
  endfacet
  facet normal -0.975623 0.219451 0
    outer loop
      vertex -4.59287 -3.66868 3.6
      vertex -4.57997 -3.61133 4
      vertex -4.57997 -3.61133 3.6
    endloop
  endfacet
  facet normal -0.975623 0.219451 0
    outer loop
      vertex -4.57997 -3.61133 4
      vertex -4.59287 -3.66868 3.6
      vertex -4.59287 -3.66868 4
    endloop
  endfacet
  facet normal -0.985995 0.166776 0
    outer loop
      vertex -4.57997 -3.61133 3.6
      vertex -4.56996 -3.55215 4
      vertex -4.56996 -3.55215 3.6
    endloop
  endfacet
  facet normal -0.985995 0.166776 0
    outer loop
      vertex -4.56996 -3.55215 4
      vertex -4.57997 -3.61133 3.6
      vertex -4.57997 -3.61133 4
    endloop
  endfacet
  facet normal -0.993216 0.116284 0
    outer loop
      vertex -4.56996 -3.55215 3.6
      vertex -4.56281 -3.49108 4
      vertex -4.56281 -3.49108 3.6
    endloop
  endfacet
  facet normal -0.993216 0.116284 0
    outer loop
      vertex -4.56281 -3.49108 4
      vertex -4.56996 -3.55215 3.6
      vertex -4.56996 -3.55215 4
    endloop
  endfacet
  facet normal -0.997672 0.0681925 0
    outer loop
      vertex -4.56281 -3.49108 3.6
      vertex -4.55851 -3.42817 4
      vertex -4.55851 -3.42817 3.6
    endloop
  endfacet
  facet normal -0.997672 0.0681925 0
    outer loop
      vertex -4.55851 -3.42817 4
      vertex -4.56281 -3.49108 3.6
      vertex -4.56281 -3.49108 4
    endloop
  endfacet
  facet normal -0.999753 0.0222305 0
    outer loop
      vertex -4.55851 -3.42817 3.6
      vertex -4.55707 -3.36341 4
      vertex -4.55707 -3.36341 3.6
    endloop
  endfacet
  facet normal -0.999753 0.0222305 0
    outer loop
      vertex -4.55707 -3.36341 4
      vertex -4.55851 -3.42817 3.6
      vertex -4.55851 -3.42817 4
    endloop
  endfacet
  facet normal -0.999448 -0.0332269 0
    outer loop
      vertex -4.55707 -3.36341 3.6
      vertex -4.56034 -3.26505 4
      vertex -4.56034 -3.26505 3.6
    endloop
  endfacet
  facet normal -0.999448 -0.0332269 0
    outer loop
      vertex -4.56034 -3.26505 4
      vertex -4.55707 -3.36341 3.6
      vertex -4.55707 -3.36341 4
    endloop
  endfacet
  facet normal -0.994522 -0.104524 0
    outer loop
      vertex -4.56034 -3.26505 3.6
      vertex -4.57013 -3.1719 4
      vertex -4.57013 -3.1719 3.6
    endloop
  endfacet
  facet normal -0.994522 -0.104524 0
    outer loop
      vertex -4.57013 -3.1719 4
      vertex -4.56034 -3.26505 3.6
      vertex -4.56034 -3.26505 4
    endloop
  endfacet
  facet normal -0.983192 -0.182574 0
    outer loop
      vertex -4.57013 -3.1719 3.6
      vertex -4.58646 -3.08396 4
      vertex -4.58646 -3.08396 3.6
    endloop
  endfacet
  facet normal -0.983192 -0.182574 0
    outer loop
      vertex -4.58646 -3.08396 4
      vertex -4.57013 -3.1719 3.6
      vertex -4.57013 -3.1719 4
    endloop
  endfacet
  facet normal -0.963896 -0.26628 0
    outer loop
      vertex -4.58646 -3.08396 3.6
      vertex -4.60932 -3.00121 4
      vertex -4.60932 -3.00121 3.6
    endloop
  endfacet
  facet normal -0.963896 -0.26628 0
    outer loop
      vertex -4.60932 -3.00121 4
      vertex -4.58646 -3.08396 3.6
      vertex -4.58646 -3.08396 4
    endloop
  endfacet
  facet normal -0.935069 -0.354465 0
    outer loop
      vertex -4.60932 -3.00121 3.6
      vertex -4.63871 -2.92368 4
      vertex -4.63871 -2.92368 3.6
    endloop
  endfacet
  facet normal -0.935069 -0.354465 0
    outer loop
      vertex -4.63871 -2.92368 4
      vertex -4.60932 -3.00121 3.6
      vertex -4.60932 -3.00121 4
    endloop
  endfacet
  facet normal -0.895687 -0.444686 0
    outer loop
      vertex -4.63871 -2.92368 3.6
      vertex -4.67462 -2.85135 4
      vertex -4.67462 -2.85135 3.6
    endloop
  endfacet
  facet normal -0.895687 -0.444686 0
    outer loop
      vertex -4.67462 -2.85135 4
      vertex -4.63871 -2.92368 3.6
      vertex -4.63871 -2.92368 4
    endloop
  endfacet
  facet normal -0.845085 -0.534633 0
    outer loop
      vertex -4.67462 -2.85135 3.6
      vertex -4.71707 -2.78425 4
      vertex -4.71707 -2.78425 3.6
    endloop
  endfacet
  facet normal -0.845085 -0.534633 0
    outer loop
      vertex -4.71707 -2.78425 4
      vertex -4.67462 -2.85135 3.6
      vertex -4.67462 -2.85135 4
    endloop
  endfacet
  facet normal -0.784354 -0.620314 0
    outer loop
      vertex -4.71707 -2.78425 3.6
      vertex -4.76604 -2.72233 4
      vertex -4.76604 -2.72233 3.6
    endloop
  endfacet
  facet normal -0.784354 -0.620314 0
    outer loop
      vertex -4.76604 -2.72233 4
      vertex -4.71707 -2.78425 3.6
      vertex -4.71707 -2.78425 4
    endloop
  endfacet
  facet normal -0.714627 -0.699505 0
    outer loop
      vertex -4.76604 -2.72233 3.6
      vertex -4.82155 -2.66562 4
      vertex -4.82155 -2.66562 3.6
    endloop
  endfacet
  facet normal -0.714627 -0.699505 0
    outer loop
      vertex -4.82155 -2.66562 4
      vertex -4.76604 -2.72233 3.6
      vertex -4.76604 -2.72233 4
    endloop
  endfacet
  facet normal -0.639175 -0.769062 0
    outer loop
      vertex -4.88301 -2.61454 3.6
      vertex -4.82155 -2.66562 4
      vertex -4.88301 -2.61454 4
    endloop
  endfacet
  facet normal -0.639175 -0.769062 -0
    outer loop
      vertex -4.82155 -2.66562 4
      vertex -4.88301 -2.61454 3.6
      vertex -4.82155 -2.66562 3.6
    endloop
  endfacet
  facet normal -0.55907 -0.82912 0
    outer loop
      vertex -4.94988 -2.56945 3.6
      vertex -4.88301 -2.61454 4
      vertex -4.94988 -2.56945 4
    endloop
  endfacet
  facet normal -0.55907 -0.82912 -0
    outer loop
      vertex -4.88301 -2.61454 4
      vertex -4.94988 -2.56945 3.6
      vertex -4.88301 -2.61454 3.6
    endloop
  endfacet
  facet normal -0.475761 -0.879574 0
    outer loop
      vertex -5.02213 -2.53037 3.6
      vertex -4.94988 -2.56945 4
      vertex -5.02213 -2.53037 4
    endloop
  endfacet
  facet normal -0.475761 -0.879574 -0
    outer loop
      vertex -4.94988 -2.56945 4
      vertex -5.02213 -2.53037 3.6
      vertex -4.94988 -2.56945 3.6
    endloop
  endfacet
  facet normal -0.391715 -0.920086 0
    outer loop
      vertex -5.09976 -2.49732 3.6
      vertex -5.02213 -2.53037 4
      vertex -5.09976 -2.49732 4
    endloop
  endfacet
  facet normal -0.391715 -0.920086 -0
    outer loop
      vertex -5.02213 -2.53037 4
      vertex -5.09976 -2.49732 3.6
      vertex -5.02213 -2.53037 3.6
    endloop
  endfacet
  facet normal -0.309762 -0.950814 0
    outer loop
      vertex -5.18279 -2.47027 3.6
      vertex -5.09976 -2.49732 4
      vertex -5.18279 -2.47027 4
    endloop
  endfacet
  facet normal -0.309762 -0.950814 -0
    outer loop
      vertex -5.09976 -2.49732 4
      vertex -5.18279 -2.47027 3.6
      vertex -5.09976 -2.49732 3.6
    endloop
  endfacet
  facet normal -0.231596 -0.972812 0
    outer loop
      vertex -5.27121 -2.44922 3.6
      vertex -5.18279 -2.47027 4
      vertex -5.27121 -2.44922 4
    endloop
  endfacet
  facet normal -0.231596 -0.972812 -0
    outer loop
      vertex -5.18279 -2.47027 4
      vertex -5.27121 -2.44922 3.6
      vertex -5.18279 -2.47027 3.6
    endloop
  endfacet
  facet normal -0.158167 -0.987412 0
    outer loop
      vertex -5.36504 -2.43419 3.6
      vertex -5.27121 -2.44922 4
      vertex -5.36504 -2.43419 4
    endloop
  endfacet
  facet normal -0.158167 -0.987412 -0
    outer loop
      vertex -5.27121 -2.44922 4
      vertex -5.36504 -2.43419 3.6
      vertex -5.27121 -2.44922 3.6
    endloop
  endfacet
  facet normal -0.0904543 -0.995901 0
    outer loop
      vertex -5.46424 -2.42518 3.6
      vertex -5.36504 -2.43419 4
      vertex -5.46424 -2.42518 4
    endloop
  endfacet
  facet normal -0.0904543 -0.995901 -0
    outer loop
      vertex -5.36504 -2.43419 4
      vertex -5.46424 -2.42518 3.6
      vertex -5.36504 -2.43419 3.6
    endloop
  endfacet
  facet normal -0.0287644 -0.999586 0
    outer loop
      vertex -5.56884 -2.42217 3.6
      vertex -5.46424 -2.42518 4
      vertex -5.56884 -2.42217 4
    endloop
  endfacet
  facet normal -0.0287644 -0.999586 -0
    outer loop
      vertex -5.46424 -2.42518 4
      vertex -5.56884 -2.42217 3.6
      vertex -5.46424 -2.42518 3.6
    endloop
  endfacet
  facet normal 0 -1 0
    outer loop
      vertex -6.26053 -2.42217 3.6
      vertex -5.56884 -2.42217 4
      vertex -6.26053 -2.42217 4
    endloop
  endfacet
  facet normal 0 -1 -0
    outer loop
      vertex -5.56884 -2.42217 4
      vertex -6.26053 -2.42217 3.6
      vertex -5.56884 -2.42217 3.6
    endloop
  endfacet
  facet normal 1 -0 0
    outer loop
      vertex -6.26053 -4.33312 4
      vertex -6.26053 -2.42217 3.6
      vertex -6.26053 -2.42217 4
    endloop
  endfacet
  facet normal 1 0 0
    outer loop
      vertex -6.26053 -2.42217 3.6
      vertex -6.26053 -4.33312 4
      vertex -6.26053 -4.33312 3.6
    endloop
  endfacet
  facet normal 0 1 -0
    outer loop
      vertex -5.48748 -4.33312 3.6
      vertex -6.26053 -4.33312 4
      vertex -5.48748 -4.33312 4
    endloop
  endfacet
  facet normal 0 1 0
    outer loop
      vertex -6.26053 -4.33312 4
      vertex -5.48748 -4.33312 3.6
      vertex -6.26053 -4.33312 3.6
    endloop
  endfacet
  facet normal -0.0241114 0.999709 0
    outer loop
      vertex -5.42736 -4.33167 3.6
      vertex -5.48748 -4.33312 4
      vertex -5.42736 -4.33167 4
    endloop
  endfacet
  facet normal -0.0241114 0.999709 0
    outer loop
      vertex -5.48748 -4.33312 4
      vertex -5.42736 -4.33167 3.6
      vertex -5.48748 -4.33312 3.6
    endloop
  endfacet
  facet normal -1 0 0
    outer loop
      vertex -5.86043 -4.0239 3.6
      vertex -5.86043 -2.73139 4
      vertex -5.86043 -2.73139 3.6
    endloop
  endfacet
  facet normal -1 -0 0
    outer loop
      vertex -5.86043 -2.73139 4
      vertex -5.86043 -4.0239 3.6
      vertex -5.86043 -4.0239 4
    endloop
  endfacet
  facet normal 0 1 -0
    outer loop
      vertex -5.57697 -2.73139 3.6
      vertex -5.86043 -2.73139 4
      vertex -5.57697 -2.73139 4
    endloop
  endfacet
  facet normal 0 1 0
    outer loop
      vertex -5.86043 -2.73139 4
      vertex -5.57697 -2.73139 3.6
      vertex -5.86043 -2.73139 3.6
    endloop
  endfacet
  facet normal 0.0310892 0.999517 -0
    outer loop
      vertex -5.51267 -2.73339 3.6
      vertex -5.57697 -2.73139 4
      vertex -5.51267 -2.73339 4
    endloop
  endfacet
  facet normal 0.0310892 0.999517 0
    outer loop
      vertex -5.57697 -2.73139 4
      vertex -5.51267 -2.73339 3.6
      vertex -5.57697 -2.73139 3.6
    endloop
  endfacet
  facet normal 0.0981295 0.995174 -0
    outer loop
      vertex -5.45172 -2.7394 3.6
      vertex -5.51267 -2.73339 4
      vertex -5.45172 -2.7394 4
    endloop
  endfacet
  facet normal 0.0981295 0.995174 0
    outer loop
      vertex -5.51267 -2.73339 4
      vertex -5.45172 -2.7394 3.6
      vertex -5.51267 -2.73339 3.6
    endloop
  endfacet
  facet normal 0.171226 0.985232 -0
    outer loop
      vertex -5.39418 -2.7494 3.6
      vertex -5.45172 -2.7394 4
      vertex -5.39418 -2.7494 4
    endloop
  endfacet
  facet normal 0.171226 0.985232 0
    outer loop
      vertex -5.45172 -2.7394 4
      vertex -5.39418 -2.7494 3.6
      vertex -5.45172 -2.7394 3.6
    endloop
  endfacet
  facet normal 0.250224 0.968188 -0
    outer loop
      vertex -5.34001 -2.7634 3.6
      vertex -5.39418 -2.7494 4
      vertex -5.34001 -2.7634 4
    endloop
  endfacet
  facet normal 0.250224 0.968188 0
    outer loop
      vertex -5.39418 -2.7494 4
      vertex -5.34001 -2.7634 3.6
      vertex -5.39418 -2.7494 3.6
    endloop
  endfacet
  facet normal 0.334431 0.94242 -0
    outer loop
      vertex -5.28923 -2.78142 3.6
      vertex -5.34001 -2.7634 4
      vertex -5.28923 -2.78142 4
    endloop
  endfacet
  facet normal 0.334431 0.94242 0
    outer loop
      vertex -5.34001 -2.7634 4
      vertex -5.28923 -2.78142 3.6
      vertex -5.34001 -2.7634 3.6
    endloop
  endfacet
  facet normal 0.421083 0.907022 -0
    outer loop
      vertex -5.24182 -2.80343 3.6
      vertex -5.28923 -2.78142 4
      vertex -5.24182 -2.80343 4
    endloop
  endfacet
  facet normal 0.421083 0.907022 0
    outer loop
      vertex -5.28923 -2.78142 4
      vertex -5.24182 -2.80343 3.6
      vertex -5.28923 -2.78142 3.6
    endloop
  endfacet
  facet normal 0.508703 0.860942 -0
    outer loop
      vertex -5.1978 -2.82944 3.6
      vertex -5.24182 -2.80343 4
      vertex -5.1978 -2.82944 4
    endloop
  endfacet
  facet normal 0.508703 0.860942 0
    outer loop
      vertex -5.24182 -2.80343 4
      vertex -5.1978 -2.82944 3.6
      vertex -5.24182 -2.80343 3.6
    endloop
  endfacet
  facet normal 0.594252 0.804279 -0
    outer loop
      vertex -5.15717 -2.85946 3.6
      vertex -5.1978 -2.82944 4
      vertex -5.15717 -2.85946 4
    endloop
  endfacet
  facet normal 0.594252 0.804279 0
    outer loop
      vertex -5.1978 -2.82944 4
      vertex -5.15717 -2.85946 3.6
      vertex -5.1978 -2.82944 3.6
    endloop
  endfacet
  facet normal 0.67426 0.738494 -0
    outer loop
      vertex -5.11992 -2.89347 3.6
      vertex -5.15717 -2.85946 4
      vertex -5.11992 -2.89347 4
    endloop
  endfacet
  facet normal 0.67426 0.738494 0
    outer loop
      vertex -5.15717 -2.85946 4
      vertex -5.11992 -2.89347 3.6
      vertex -5.15717 -2.85946 3.6
    endloop
  endfacet
  facet normal 0.747671 0.664069 0
    outer loop
      vertex -5.08632 -2.9313 4
      vertex -5.11992 -2.89347 3.6
      vertex -5.11992 -2.89347 4
    endloop
  endfacet
  facet normal 0.747671 0.664069 0
    outer loop
      vertex -5.11992 -2.89347 3.6
      vertex -5.08632 -2.9313 4
      vertex -5.08632 -2.9313 3.6
    endloop
  endfacet
  facet normal 0.813255 0.581907 0
    outer loop
      vertex -5.05669 -2.97271 4
      vertex -5.08632 -2.9313 3.6
      vertex -5.08632 -2.9313 4
    endloop
  endfacet
  facet normal 0.813255 0.581907 0
    outer loop
      vertex -5.08632 -2.9313 3.6
      vertex -5.05669 -2.97271 4
      vertex -5.05669 -2.97271 3.6
    endloop
  endfacet
  facet normal 0.868575 0.495557 0
    outer loop
      vertex -5.03101 -3.01772 4
      vertex -5.05669 -2.97271 3.6
      vertex -5.05669 -2.97271 4
    endloop
  endfacet
  facet normal 0.868575 0.495557 0
    outer loop
      vertex -5.05669 -2.97271 3.6
      vertex -5.03101 -3.01772 4
      vertex -5.03101 -3.01772 3.6
    endloop
  endfacet
  facet normal 0.912826 0.40835 0
    outer loop
      vertex -5.00926 -3.06634 4
      vertex -5.03101 -3.01772 3.6
      vertex -5.03101 -3.01772 4
    endloop
  endfacet
  facet normal 0.912826 0.40835 0
    outer loop
      vertex -5.03101 -3.01772 3.6
      vertex -5.00926 -3.06634 4
      vertex -5.00926 -3.06634 3.6
    endloop
  endfacet
  facet normal 0.94667 0.322205 0
    outer loop
      vertex -4.99149 -3.11855 4
      vertex -5.00926 -3.06634 3.6
      vertex -5.00926 -3.06634 4
    endloop
  endfacet
  facet normal 0.94667 0.322205 0
    outer loop
      vertex -5.00926 -3.06634 3.6
      vertex -4.99149 -3.11855 4
      vertex -4.99149 -3.11855 3.6
    endloop
  endfacet
  facet normal 0.970652 0.240489 0
    outer loop
      vertex -4.97766 -3.17437 4
      vertex -4.99149 -3.11855 3.6
      vertex -4.99149 -3.11855 4
    endloop
  endfacet
  facet normal 0.970652 0.240489 0
    outer loop
      vertex -4.99149 -3.11855 3.6
      vertex -4.97766 -3.17437 4
      vertex -4.97766 -3.17437 3.6
    endloop
  endfacet
  facet normal 0.986457 0.164022 0
    outer loop
      vertex -4.96778 -3.23379 4
      vertex -4.97766 -3.17437 3.6
      vertex -4.97766 -3.17437 4
    endloop
  endfacet
  facet normal 0.986457 0.164022 0
    outer loop
      vertex -4.97766 -3.17437 3.6
      vertex -4.96778 -3.23379 4
      vertex -4.96778 -3.23379 3.6
    endloop
  endfacet
  facet normal 0.995615 0.0935414 0
    outer loop
      vertex -4.96186 -3.2968 4
      vertex -4.96778 -3.23379 3.6
      vertex -4.96778 -3.23379 4
    endloop
  endfacet
  facet normal 0.995615 0.0935414 0
    outer loop
      vertex -4.96778 -3.23379 3.6
      vertex -4.96186 -3.2968 4
      vertex -4.96186 -3.2968 3.6
    endloop
  endfacet
  facet normal 0.999554 0.0298621 0
    outer loop
      vertex -4.95987 -3.36341 4
      vertex -4.96186 -3.2968 3.6
      vertex -4.96186 -3.2968 4
    endloop
  endfacet
  facet normal 0.999554 0.0298621 0
    outer loop
      vertex -4.96186 -3.2968 3.6
      vertex -4.95987 -3.36341 4
      vertex -4.95987 -3.36341 3.6
    endloop
  endfacet
  facet normal 0.999597 -0.0283788 0
    outer loop
      vertex -4.96175 -3.42963 4
      vertex -4.95987 -3.36341 3.6
      vertex -4.95987 -3.36341 4
    endloop
  endfacet
  facet normal 0.999597 -0.0283788 0
    outer loop
      vertex -4.95987 -3.36341 3.6
      vertex -4.96175 -3.42963 4
      vertex -4.96175 -3.42963 3.6
    endloop
  endfacet
  facet normal 0.996043 -0.0888704 0
    outer loop
      vertex -4.96738 -3.49273 4
      vertex -4.96175 -3.42963 3.6
      vertex -4.96175 -3.42963 4
    endloop
  endfacet
  facet normal 0.996043 -0.0888704 0
    outer loop
      vertex -4.96175 -3.42963 3.6
      vertex -4.96738 -3.49273 4
      vertex -4.96738 -3.49273 3.6
    endloop
  endfacet
  facet normal 0.988005 -0.154422 0
    outer loop
      vertex -4.97675 -3.55268 4
      vertex -4.96738 -3.49273 3.6
      vertex -4.96738 -3.49273 4
    endloop
  endfacet
  facet normal 0.988005 -0.154422 0
    outer loop
      vertex -4.96738 -3.49273 3.6
      vertex -4.97675 -3.55268 4
      vertex -4.97675 -3.55268 3.6
    endloop
  endfacet
  facet normal 0.974261 -0.225423 0
    outer loop
      vertex -4.98989 -3.60947 4
      vertex -4.97675 -3.55268 3.6
      vertex -4.97675 -3.55268 4
    endloop
  endfacet
  facet normal 0.974261 -0.225423 0
    outer loop
      vertex -4.97675 -3.55268 3.6
      vertex -4.98989 -3.60947 4
      vertex -4.98989 -3.60947 3.6
    endloop
  endfacet
  facet normal 0.95395 -0.299965 0
    outer loop
      vertex -5.00676 -3.66312 4
      vertex -4.98989 -3.60947 3.6
      vertex -4.98989 -3.60947 4
    endloop
  endfacet
  facet normal 0.95395 -0.299965 0
    outer loop
      vertex -4.98989 -3.60947 3.6
      vertex -5.00676 -3.66312 4
      vertex -5.00676 -3.66312 3.6
    endloop
  endfacet
  facet normal 0.925708 -0.37824 0
    outer loop
      vertex -5.02739 -3.71361 4
      vertex -5.00676 -3.66312 3.6
      vertex -5.00676 -3.66312 4
    endloop
  endfacet
  facet normal 0.925708 -0.37824 0
    outer loop
      vertex -5.00676 -3.66312 3.6
      vertex -5.02739 -3.71361 4
      vertex -5.02739 -3.71361 3.6
    endloop
  endfacet
  facet normal 0.889225 -0.457471 0
    outer loop
      vertex -5.05176 -3.76098 4
      vertex -5.02739 -3.71361 3.6
      vertex -5.02739 -3.71361 4
    endloop
  endfacet
  facet normal 0.889225 -0.457471 0
    outer loop
      vertex -5.02739 -3.71361 3.6
      vertex -5.05176 -3.76098 4
      vertex -5.05176 -3.76098 3.6
    endloop
  endfacet
  facet normal 0.843551 -0.537048 0
    outer loop
      vertex -5.0799 -3.80518 4
      vertex -5.05176 -3.76098 3.6
      vertex -5.05176 -3.76098 4
    endloop
  endfacet
  facet normal 0.843551 -0.537048 0
    outer loop
      vertex -5.05176 -3.76098 3.6
      vertex -5.0799 -3.80518 4
      vertex -5.0799 -3.80518 3.6
    endloop
  endfacet
  facet normal 0.789963 -0.613154 0
    outer loop
      vertex -5.11177 -3.84624 4
      vertex -5.0799 -3.80518 3.6
      vertex -5.0799 -3.80518 4
    endloop
  endfacet
  facet normal 0.789963 -0.613154 0
    outer loop
      vertex -5.0799 -3.80518 3.6
      vertex -5.11177 -3.84624 4
      vertex -5.11177 -3.84624 3.6
    endloop
  endfacet
  facet normal 0.728366 -0.685188 0
    outer loop
      vertex -5.14684 -3.88352 4
      vertex -5.11177 -3.84624 3.6
      vertex -5.11177 -3.84624 4
    endloop
  endfacet
  facet normal 0.728366 -0.685188 0
    outer loop
      vertex -5.11177 -3.84624 3.6
      vertex -5.14684 -3.88352 4
      vertex -5.14684 -3.88352 3.6
    endloop
  endfacet
  facet normal 0.657811 -0.753183 0
    outer loop
      vertex -5.18451 -3.91642 3.6
      vertex -5.14684 -3.88352 4
      vertex -5.18451 -3.91642 4
    endloop
  endfacet
  facet normal 0.657811 -0.753183 0
    outer loop
      vertex -5.14684 -3.88352 4
      vertex -5.18451 -3.91642 3.6
      vertex -5.14684 -3.88352 3.6
    endloop
  endfacet
  facet normal 0.577764 -0.816204 0
    outer loop
      vertex -5.2248 -3.94494 3.6
      vertex -5.18451 -3.91642 4
      vertex -5.2248 -3.94494 4
    endloop
  endfacet
  facet normal 0.577764 -0.816204 0
    outer loop
      vertex -5.18451 -3.91642 4
      vertex -5.2248 -3.94494 3.6
      vertex -5.18451 -3.91642 3.6
    endloop
  endfacet
  facet normal 0.490088 -0.871673 0
    outer loop
      vertex -5.2677 -3.96906 3.6
      vertex -5.2248 -3.94494 4
      vertex -5.2677 -3.96906 4
    endloop
  endfacet
  facet normal 0.490088 -0.871673 0
    outer loop
      vertex -5.2248 -3.94494 4
      vertex -5.2677 -3.96906 3.6
      vertex -5.2248 -3.94494 3.6
    endloop
  endfacet
  facet normal 0.398173 -0.91731 0
    outer loop
      vertex -5.3132 -3.98881 3.6
      vertex -5.2677 -3.96906 4
      vertex -5.3132 -3.98881 4
    endloop
  endfacet
  facet normal 0.398173 -0.91731 0
    outer loop
      vertex -5.2677 -3.96906 4
      vertex -5.3132 -3.98881 3.6
      vertex -5.2677 -3.96906 3.6
    endloop
  endfacet
  facet normal 0.303849 -0.95272 0
    outer loop
      vertex -5.36133 -4.00416 3.6
      vertex -5.3132 -3.98881 4
      vertex -5.36133 -4.00416 4
    endloop
  endfacet
  facet normal 0.303849 -0.95272 0
    outer loop
      vertex -5.3132 -3.98881 4
      vertex -5.36133 -4.00416 3.6
      vertex -5.3132 -3.98881 3.6
    endloop
  endfacet
  facet normal 0.211318 -0.977417 0
    outer loop
      vertex -5.41207 -4.01513 3.6
      vertex -5.36133 -4.00416 4
      vertex -5.41207 -4.01513 4
    endloop
  endfacet
  facet normal 0.211318 -0.977417 0
    outer loop
      vertex -5.36133 -4.00416 4
      vertex -5.41207 -4.01513 3.6
      vertex -5.36133 -4.00416 3.6
    endloop
  endfacet
  facet normal 0.122248 -0.9925 0
    outer loop
      vertex -5.46541 -4.0217 3.6
      vertex -5.41207 -4.01513 4
      vertex -5.46541 -4.0217 4
    endloop
  endfacet
  facet normal 0.122248 -0.9925 0
    outer loop
      vertex -5.41207 -4.01513 4
      vertex -5.46541 -4.0217 3.6
      vertex -5.41207 -4.01513 3.6
    endloop
  endfacet
  facet normal 0.0392764 -0.999228 0
    outer loop
      vertex -5.52138 -4.0239 3.6
      vertex -5.46541 -4.0217 4
      vertex -5.52138 -4.0239 4
    endloop
  endfacet
  facet normal 0.0392764 -0.999228 0
    outer loop
      vertex -5.46541 -4.0217 4
      vertex -5.52138 -4.0239 3.6
      vertex -5.46541 -4.0217 3.6
    endloop
  endfacet
  facet normal 0 -1 0
    outer loop
      vertex -5.86043 -4.0239 3.6
      vertex -5.52138 -4.0239 4
      vertex -5.86043 -4.0239 4
    endloop
  endfacet
  facet normal 0 -1 -0
    outer loop
      vertex -5.52138 -4.0239 4
      vertex -5.86043 -4.0239 3.6
      vertex -5.52138 -4.0239 3.6
    endloop
  endfacet
  facet normal 0 0 1
    outer loop
      vertex 7.13796 -2.42217 3.6
      vertex 6.12889 -2.73139 3.6
      vertex 7.13796 -2.73139 3.6
    endloop
  endfacet
  facet normal 0 0 1
    outer loop
      vertex 5.72879 -2.42217 3.6
      vertex 6.12889 -3.32273 3.6
      vertex 6.12889 -2.73139 3.6
    endloop
  endfacet
  facet normal 0 0 1
    outer loop
      vertex 5.72879 -4.33312 3.6
      vertex 6.12889 -3.32273 3.6
      vertex 5.72879 -2.42217 3.6
    endloop
  endfacet
  facet normal -0 0 1
    outer loop
      vertex 5.72879 -2.42217 3.6
      vertex 6.12889 -2.73139 3.6
      vertex 7.13796 -2.42217 3.6
    endloop
  endfacet
  facet normal 0 0 1
    outer loop
      vertex 6.12889 -3.32273 3.6
      vertex 5.72879 -4.33312 3.6
      vertex 6.12889 -3.63193 3.6
    endloop
  endfacet
  facet normal 0 0 1
    outer loop
      vertex 6.12889 -3.63193 3.6
      vertex 5.72879 -4.33312 3.6
      vertex 6.12889 -4.33312 3.6
    endloop
  endfacet
  facet normal -0 0 1
    outer loop
      vertex 6.12889 -3.32273 3.6
      vertex 7.10675 -3.63193 3.6
      vertex 7.10675 -3.32273 3.6
    endloop
  endfacet
  facet normal 0 0 1
    outer loop
      vertex 7.10675 -3.63193 3.6
      vertex 6.12889 -3.32273 3.6
      vertex 6.12889 -3.63193 3.6
    endloop
  endfacet
  facet normal 0 0 1
    outer loop
      vertex 8.86684 -2.42217 3.6
      vertex 8.24837 -2.73139 3.6
      vertex 8.86684 -2.73139 3.6
    endloop
  endfacet
  facet normal 0 0 1
    outer loop
      vertex 8.24837 -2.73139 3.6
      vertex 7.84827 -2.73139 3.6
      vertex 8.24837 -4.33312 3.6
    endloop
  endfacet
  facet normal 0 0 1
    outer loop
      vertex 8.86684 -2.42217 3.6
      vertex 7.84827 -2.73139 3.6
      vertex 8.24837 -2.73139 3.6
    endloop
  endfacet
  facet normal -0 0 1
    outer loop
      vertex 7.23119 -2.42217 3.6
      vertex 7.84827 -2.73139 3.6
      vertex 8.86684 -2.42217 3.6
    endloop
  endfacet
  facet normal 0 0 1
    outer loop
      vertex 7.84827 -2.73139 3.6
      vertex 7.23119 -2.42217 3.6
      vertex 7.23119 -2.73139 3.6
    endloop
  endfacet
  facet normal 0 0 1
    outer loop
      vertex 8.24837 -4.33312 3.6
      vertex 7.84827 -2.73139 3.6
      vertex 7.84827 -4.33312 3.6
    endloop
  endfacet
  facet normal 0 1 -0
    outer loop
      vertex 7.10675 -3.63193 3.6
      vertex 6.12889 -3.63193 4
      vertex 7.10675 -3.63193 4
    endloop
  endfacet
  facet normal 0 1 0
    outer loop
      vertex 6.12889 -3.63193 4
      vertex 7.10675 -3.63193 3.6
      vertex 6.12889 -3.63193 3.6
    endloop
  endfacet
  facet normal -1 0 0
    outer loop
      vertex 7.10675 -3.63193 3.6
      vertex 7.10675 -3.32273 4
      vertex 7.10675 -3.32273 3.6
    endloop
  endfacet
  facet normal -1 -0 0
    outer loop
      vertex 7.10675 -3.32273 4
      vertex 7.10675 -3.63193 3.6
      vertex 7.10675 -3.63193 4
    endloop
  endfacet
  facet normal 0 -1 0
    outer loop
      vertex 6.12889 -3.32273 3.6
      vertex 7.10675 -3.32273 4
      vertex 6.12889 -3.32273 4
    endloop
  endfacet
  facet normal 0 -1 -0
    outer loop
      vertex 7.10675 -3.32273 4
      vertex 6.12889 -3.32273 3.6
      vertex 7.10675 -3.32273 3.6
    endloop
  endfacet
  facet normal -1 0 0
    outer loop
      vertex 6.12889 -3.32273 3.6
      vertex 6.12889 -2.73139 4
      vertex 6.12889 -2.73139 3.6
    endloop
  endfacet
  facet normal -1 -0 0
    outer loop
      vertex 6.12889 -2.73139 4
      vertex 6.12889 -3.32273 3.6
      vertex 6.12889 -3.32273 4
    endloop
  endfacet
  facet normal 0 1 -0
    outer loop
      vertex 7.13796 -2.73139 3.6
      vertex 6.12889 -2.73139 4
      vertex 7.13796 -2.73139 4
    endloop
  endfacet
  facet normal 0 1 0
    outer loop
      vertex 6.12889 -2.73139 4
      vertex 7.13796 -2.73139 3.6
      vertex 6.12889 -2.73139 3.6
    endloop
  endfacet
  facet normal -1 0 0
    outer loop
      vertex 7.13796 -2.73139 3.6
      vertex 7.13796 -2.42217 4
      vertex 7.13796 -2.42217 3.6
    endloop
  endfacet
  facet normal -1 -0 0
    outer loop
      vertex 7.13796 -2.42217 4
      vertex 7.13796 -2.73139 3.6
      vertex 7.13796 -2.73139 4
    endloop
  endfacet
  facet normal 0 -1 0
    outer loop
      vertex 5.72879 -2.42217 3.6
      vertex 7.13796 -2.42217 4
      vertex 5.72879 -2.42217 4
    endloop
  endfacet
  facet normal 0 -1 -0
    outer loop
      vertex 7.13796 -2.42217 4
      vertex 5.72879 -2.42217 3.6
      vertex 7.13796 -2.42217 3.6
    endloop
  endfacet
  facet normal 1 -0 0
    outer loop
      vertex 5.72879 -4.33312 4
      vertex 5.72879 -2.42217 3.6
      vertex 5.72879 -2.42217 4
    endloop
  endfacet
  facet normal 1 0 0
    outer loop
      vertex 5.72879 -2.42217 3.6
      vertex 5.72879 -4.33312 4
      vertex 5.72879 -4.33312 3.6
    endloop
  endfacet
  facet normal 0 1 -0
    outer loop
      vertex 6.12889 -4.33312 3.6
      vertex 5.72879 -4.33312 4
      vertex 6.12889 -4.33312 4
    endloop
  endfacet
  facet normal 0 1 0
    outer loop
      vertex 5.72879 -4.33312 4
      vertex 6.12889 -4.33312 3.6
      vertex 5.72879 -4.33312 3.6
    endloop
  endfacet
  facet normal -1 0 0
    outer loop
      vertex 6.12889 -4.33312 3.6
      vertex 6.12889 -3.63193 4
      vertex 6.12889 -3.63193 3.6
    endloop
  endfacet
  facet normal -1 -0 0
    outer loop
      vertex 6.12889 -3.63193 4
      vertex 6.12889 -4.33312 3.6
      vertex 6.12889 -4.33312 4
    endloop
  endfacet
  facet normal 0 1 -0
    outer loop
      vertex 8.86684 -2.73139 3.6
      vertex 8.24837 -2.73139 4
      vertex 8.86684 -2.73139 4
    endloop
  endfacet
  facet normal 0 1 0
    outer loop
      vertex 8.24837 -2.73139 4
      vertex 8.86684 -2.73139 3.6
      vertex 8.24837 -2.73139 3.6
    endloop
  endfacet
  facet normal -1 0 0
    outer loop
      vertex 8.86684 -2.73139 3.6
      vertex 8.86684 -2.42217 4
      vertex 8.86684 -2.42217 3.6
    endloop
  endfacet
  facet normal -1 -0 0
    outer loop
      vertex 8.86684 -2.42217 4
      vertex 8.86684 -2.73139 3.6
      vertex 8.86684 -2.73139 4
    endloop
  endfacet
  facet normal 0 -1 0
    outer loop
      vertex 7.23119 -2.42217 3.6
      vertex 8.86684 -2.42217 4
      vertex 7.23119 -2.42217 4
    endloop
  endfacet
  facet normal 0 -1 -0
    outer loop
      vertex 8.86684 -2.42217 4
      vertex 7.23119 -2.42217 3.6
      vertex 8.86684 -2.42217 3.6
    endloop
  endfacet
  facet normal 1 -0 0
    outer loop
      vertex 7.23119 -2.73139 4
      vertex 7.23119 -2.42217 3.6
      vertex 7.23119 -2.42217 4
    endloop
  endfacet
  facet normal 1 0 0
    outer loop
      vertex 7.23119 -2.42217 3.6
      vertex 7.23119 -2.73139 4
      vertex 7.23119 -2.73139 3.6
    endloop
  endfacet
  facet normal 0 1 -0
    outer loop
      vertex 7.84827 -2.73139 3.6
      vertex 7.23119 -2.73139 4
      vertex 7.84827 -2.73139 4
    endloop
  endfacet
  facet normal 0 1 0
    outer loop
      vertex 7.23119 -2.73139 4
      vertex 7.84827 -2.73139 3.6
      vertex 7.23119 -2.73139 3.6
    endloop
  endfacet
  facet normal 1 -0 0
    outer loop
      vertex 7.84827 -4.33312 4
      vertex 7.84827 -2.73139 3.6
      vertex 7.84827 -2.73139 4
    endloop
  endfacet
  facet normal 1 0 0
    outer loop
      vertex 7.84827 -2.73139 3.6
      vertex 7.84827 -4.33312 4
      vertex 7.84827 -4.33312 3.6
    endloop
  endfacet
  facet normal 0 1 -0
    outer loop
      vertex 8.24837 -4.33312 3.6
      vertex 7.84827 -4.33312 4
      vertex 8.24837 -4.33312 4
    endloop
  endfacet
  facet normal 0 1 0
    outer loop
      vertex 7.84827 -4.33312 4
      vertex 8.24837 -4.33312 3.6
      vertex 7.84827 -4.33312 3.6
    endloop
  endfacet
  facet normal -1 0 0
    outer loop
      vertex 8.24837 -4.33312 3.6
      vertex 8.24837 -2.73139 4
      vertex 8.24837 -2.73139 3.6
    endloop
  endfacet
  facet normal -1 -0 0
    outer loop
      vertex 8.24837 -2.73139 4
      vertex 8.24837 -4.33312 3.6
      vertex 8.24837 -4.33312 4
    endloop
  endfacet
  facet normal -0 0 1
    outer loop
      vertex -2.05635 3.68784 3.6
      vertex -1.68732 3.62748 3.6
      vertex -1.69017 3.7162 3.6
    endloop
  endfacet
  facet normal 0 0 1
    outer loop
      vertex -1.68732 3.62748 3.6
      vertex -2.05472 3.62748 3.6
      vertex -1.68863 3.56863 3.6
    endloop
  endfacet
  facet normal -0 0 1
    outer loop
      vertex -2.06123 3.74523 3.6
      vertex -1.69017 3.7162 3.6
      vertex -1.69868 3.80061 3.6
    endloop
  endfacet
  facet normal 0 0 1
    outer loop
      vertex -2.05634 3.56431 3.6
      vertex -1.68863 3.56863 3.6
      vertex -2.05472 3.62748 3.6
    endloop
  endfacet
  facet normal 0 0 1
    outer loop
      vertex -1.68863 3.56863 3.6
      vertex -2.05634 3.56431 3.6
      vertex -1.69257 3.51135 3.6
    endloop
  endfacet
  facet normal 0 0 1
    outer loop
      vertex -2.06937 3.79966 3.6
      vertex -1.69868 3.80061 3.6
      vertex -1.71289 3.8807 3.6
    endloop
  endfacet
  facet normal 0 0 1
    outer loop
      vertex -2.0612 3.50442 3.6
      vertex -1.69257 3.51135 3.6
      vertex -2.05634 3.56431 3.6
    endloop
  endfacet
  facet normal 0 0 1
    outer loop
      vertex -2.08076 3.85111 3.6
      vertex -1.71289 3.8807 3.6
      vertex -1.73277 3.95648 3.6
    endloop
  endfacet
  facet normal 0 0 1
    outer loop
      vertex -1.69257 3.51135 3.6
      vertex -2.0612 3.50442 3.6
      vertex -1.69913 3.45567 3.6
    endloop
  endfacet
  facet normal 0 0 1
    outer loop
      vertex -1.69913 3.45567 3.6
      vertex -2.0612 3.50442 3.6
      vertex -1.7083 3.40157 3.6
    endloop
  endfacet
  facet normal 0 0 1
    outer loop
      vertex -2.09541 3.89959 3.6
      vertex -1.73277 3.95648 3.6
      vertex -1.75835 4.02795 3.6
    endloop
  endfacet
  facet normal -0 0 1
    outer loop
      vertex -2.06931 3.44779 3.6
      vertex -1.7083 3.40157 3.6
      vertex -2.0612 3.50442 3.6
    endloop
  endfacet
  facet normal 0 0 1
    outer loop
      vertex -2.09541 3.89959 3.6
      vertex -1.75835 4.02795 3.6
      vertex -1.78958 4.09512 3.6
    endloop
  endfacet
  facet normal 0 0 1
    outer loop
      vertex -1.7083 3.40157 3.6
      vertex -2.06931 3.44779 3.6
      vertex -1.72011 3.34908 3.6
    endloop
  endfacet
  facet normal -0 0 1
    outer loop
      vertex -2.08064 3.39446 3.6
      vertex -1.72011 3.34908 3.6
      vertex -2.06931 3.44779 3.6
    endloop
  endfacet
  facet normal 0 0 1
    outer loop
      vertex -2.11331 3.94511 3.6
      vertex -1.78958 4.09512 3.6
      vertex -1.82652 4.15797 3.6
    endloop
  endfacet
  facet normal 0 0 1
    outer loop
      vertex -1.72011 3.34908 3.6
      vertex -2.08064 3.39446 3.6
      vertex -1.73453 3.2982 3.6
    endloop
  endfacet
  facet normal 0 0 1
    outer loop
      vertex -2.13448 3.98766 3.6
      vertex -1.82652 4.15797 3.6
      vertex -1.86913 4.21652 3.6
    endloop
  endfacet
  facet normal 0 0 1
    outer loop
      vertex -1.73453 3.2982 3.6
      vertex -2.08064 3.39446 3.6
      vertex -1.75157 3.24891 3.6
    endloop
  endfacet
  facet normal -0 0 1
    outer loop
      vertex -2.09521 3.34443 3.6
      vertex -1.75157 3.24891 3.6
      vertex -2.08064 3.39446 3.6
    endloop
  endfacet
  facet normal 0 0 1
    outer loop
      vertex -2.15889 4.02723 3.6
      vertex -1.86913 4.21652 3.6
      vertex -1.91742 4.27075 3.6
    endloop
  endfacet
  facet normal 0 0 1
    outer loop
      vertex -1.75157 3.24891 3.6
      vertex -2.09521 3.34443 3.6
      vertex -1.77124 3.20121 3.6
    endloop
  endfacet
  facet normal 0 0 1
    outer loop
      vertex -2.18655 4.06384 3.6
      vertex -1.91742 4.27075 3.6
      vertex -1.97075 4.31994 3.6
    endloop
  endfacet
  facet normal -0 0 1
    outer loop
      vertex -2.11304 3.29766 3.6
      vertex -1.77124 3.20121 3.6
      vertex -2.09521 3.34443 3.6
    endloop
  endfacet
  facet normal 0 0 1
    outer loop
      vertex -1.77124 3.20121 3.6
      vertex -2.11304 3.29766 3.6
      vertex -1.79352 3.15511 3.6
    endloop
  endfacet
  facet normal 0 0 1
    outer loop
      vertex -2.21716 4.09702 3.6
      vertex -1.97075 4.31994 3.6
      vertex -2.0285 4.36334 3.6
    endloop
  endfacet
  facet normal 0 0 1
    outer loop
      vertex -1.79352 3.15511 3.6
      vertex -2.11304 3.29766 3.6
      vertex -1.81825 3.111 3.6
    endloop
  endfacet
  facet normal -0 0 1
    outer loop
      vertex -2.13409 3.25419 3.6
      vertex -1.81825 3.111 3.6
      vertex -2.11304 3.29766 3.6
    endloop
  endfacet
  facet normal 0 0 1
    outer loop
      vertex -1.68732 3.62748 3.6
      vertex -2.05635 3.68784 3.6
      vertex -2.05472 3.62748 3.6
    endloop
  endfacet
  facet normal 0 0 1
    outer loop
      vertex -1.69017 3.7162 3.6
      vertex -2.06123 3.74523 3.6
      vertex -2.05635 3.68784 3.6
    endloop
  endfacet
  facet normal 0 0 1
    outer loop
      vertex -1.69868 3.80061 3.6
      vertex -2.06937 3.79966 3.6
      vertex -2.06123 3.74523 3.6
    endloop
  endfacet
  facet normal 0 0 1
    outer loop
      vertex -1.71289 3.8807 3.6
      vertex -2.08076 3.85111 3.6
      vertex -2.06937 3.79966 3.6
    endloop
  endfacet
  facet normal 0 0 1
    outer loop
      vertex -2.25038 4.12629 3.6
      vertex -2.0285 4.36334 3.6
      vertex -2.09067 4.40095 3.6
    endloop
  endfacet
  facet normal 0 0 1
    outer loop
      vertex -1.73277 3.95648 3.6
      vertex -2.09541 3.89959 3.6
      vertex -2.08076 3.85111 3.6
    endloop
  endfacet
  facet normal 0 0 1
    outer loop
      vertex -1.78958 4.09512 3.6
      vertex -2.11331 3.94511 3.6
      vertex -2.09541 3.89959 3.6
    endloop
  endfacet
  facet normal 0 0 1
    outer loop
      vertex -1.82652 4.15797 3.6
      vertex -2.13448 3.98766 3.6
      vertex -2.11331 3.94511 3.6
    endloop
  endfacet
  facet normal 0 0 1
    outer loop
      vertex -2.28624 4.15167 3.6
      vertex -2.09067 4.40095 3.6
      vertex -2.15726 4.43278 3.6
    endloop
  endfacet
  facet normal 0 0 1
    outer loop
      vertex -1.86913 4.21652 3.6
      vertex -2.15889 4.02723 3.6
      vertex -2.13448 3.98766 3.6
    endloop
  endfacet
  facet normal 0 0 1
    outer loop
      vertex -1.91742 4.27075 3.6
      vertex -2.18655 4.06384 3.6
      vertex -2.15889 4.02723 3.6
    endloop
  endfacet
  facet normal 0 0 1
    outer loop
      vertex -1.97075 4.31994 3.6
      vertex -2.21716 4.09702 3.6
      vertex -2.18655 4.06384 3.6
    endloop
  endfacet
  facet normal 0 0 1
    outer loop
      vertex -2.32471 4.17313 3.6
      vertex -2.15726 4.43278 3.6
      vertex -2.22826 4.45883 3.6
    endloop
  endfacet
  facet normal 0 0 1
    outer loop
      vertex -2.0285 4.36334 3.6
      vertex -2.25038 4.12629 3.6
      vertex -2.21716 4.09702 3.6
    endloop
  endfacet
  facet normal 0 0 1
    outer loop
      vertex -2.09067 4.40095 3.6
      vertex -2.28624 4.15167 3.6
      vertex -2.25038 4.12629 3.6
    endloop
  endfacet
  facet normal 0 0 1
    outer loop
      vertex -2.3658 4.1907 3.6
      vertex -2.22826 4.45883 3.6
      vertex -2.30367 4.47907 3.6
    endloop
  endfacet
  facet normal 0 0 1
    outer loop
      vertex -2.15726 4.43278 3.6
      vertex -2.32471 4.17313 3.6
      vertex -2.28624 4.15167 3.6
    endloop
  endfacet
  facet normal 0 0 1
    outer loop
      vertex -2.22826 4.45883 3.6
      vertex -2.3658 4.1907 3.6
      vertex -2.32471 4.17313 3.6
    endloop
  endfacet
  facet normal 0 0 1
    outer loop
      vertex -2.40952 4.20435 3.6
      vertex -2.30367 4.47907 3.6
      vertex -2.3835 4.49354 3.6
    endloop
  endfacet
  facet normal 0 0 1
    outer loop
      vertex -2.30367 4.47907 3.6
      vertex -2.40952 4.20435 3.6
      vertex -2.3658 4.1907 3.6
    endloop
  endfacet
  facet normal 0 0 1
    outer loop
      vertex -2.3835 4.49354 3.6
      vertex -2.45586 4.21412 3.6
      vertex -2.40952 4.20435 3.6
    endloop
  endfacet
  facet normal 0 0 1
    outer loop
      vertex -2.46774 4.50222 3.6
      vertex -2.45586 4.21412 3.6
      vertex -2.3835 4.49354 3.6
    endloop
  endfacet
  facet normal 0 0 1
    outer loop
      vertex -2.46774 4.50222 3.6
      vertex -2.50482 4.21996 3.6
      vertex -2.45586 4.21412 3.6
    endloop
  endfacet
  facet normal 0 0 1
    outer loop
      vertex -2.5564 4.50512 3.6
      vertex -2.50482 4.21996 3.6
      vertex -2.46774 4.50222 3.6
    endloop
  endfacet
  facet normal 0 0 1
    outer loop
      vertex -2.5564 4.50512 3.6
      vertex -2.5564 4.22192 3.6
      vertex -2.50482 4.21996 3.6
    endloop
  endfacet
  facet normal 0 0 1
    outer loop
      vertex -2.5564 4.50512 3.6
      vertex -2.60875 4.21998 3.6
      vertex -2.5564 4.22192 3.6
    endloop
  endfacet
  facet normal -0 0 1
    outer loop
      vertex -2.64505 4.50225 3.6
      vertex -2.60875 4.21998 3.6
      vertex -2.5564 4.50512 3.6
    endloop
  endfacet
  facet normal 0 0 1
    outer loop
      vertex -2.64505 4.50225 3.6
      vertex -2.65839 4.21417 3.6
      vertex -2.60875 4.21998 3.6
    endloop
  endfacet
  facet normal -0 0 1
    outer loop
      vertex -2.72928 4.49366 3.6
      vertex -2.65839 4.21417 3.6
      vertex -2.64505 4.50225 3.6
    endloop
  endfacet
  facet normal 0 0 1
    outer loop
      vertex -2.65839 4.21417 3.6
      vertex -2.72928 4.49366 3.6
      vertex -2.70532 4.20449 3.6
    endloop
  endfacet
  facet normal -0 0 1
    outer loop
      vertex -2.80907 4.47935 3.6
      vertex -2.70532 4.20449 3.6
      vertex -2.72928 4.49366 3.6
    endloop
  endfacet
  facet normal 0 0 1
    outer loop
      vertex -2.70532 4.20449 3.6
      vertex -2.80907 4.47935 3.6
      vertex -2.74953 4.19094 3.6
    endloop
  endfacet
  facet normal -0 0 1
    outer loop
      vertex -2.88443 4.4593 3.6
      vertex -2.74953 4.19094 3.6
      vertex -2.80907 4.47935 3.6
    endloop
  endfacet
  facet normal 0 0 1
    outer loop
      vertex -2.74953 4.19094 3.6
      vertex -2.88443 4.4593 3.6
      vertex -2.79103 4.1735 3.6
    endloop
  endfacet
  facet normal -0 0 1
    outer loop
      vertex -2.95537 4.43353 3.6
      vertex -2.79103 4.1735 3.6
      vertex -2.88443 4.4593 3.6
    endloop
  endfacet
  facet normal 0 0 1
    outer loop
      vertex -2.79103 4.1735 3.6
      vertex -2.95537 4.43353 3.6
      vertex -2.82982 4.1522 3.6
    endloop
  endfacet
  facet normal -0 0 1
    outer loop
      vertex -3.02187 4.40203 3.6
      vertex -2.82982 4.1522 3.6
      vertex -2.95537 4.43353 3.6
    endloop
  endfacet
  facet normal 0 0 1
    outer loop
      vertex -2.82982 4.1522 3.6
      vertex -3.02187 4.40203 3.6
      vertex -2.86591 4.12704 3.6
    endloop
  endfacet
  facet normal -0 0 1
    outer loop
      vertex -3.08394 4.36482 3.6
      vertex -2.86591 4.12704 3.6
      vertex -3.02187 4.40203 3.6
    endloop
  endfacet
  facet normal 0 0 1
    outer loop
      vertex -2.86591 4.12704 3.6
      vertex -3.08394 4.36482 3.6
      vertex -2.89926 4.09799 3.6
    endloop
  endfacet
  facet normal -0 0 1
    outer loop
      vertex -3.14157 4.32186 3.6
      vertex -2.89926 4.09799 3.6
      vertex -3.08394 4.36482 3.6
    endloop
  endfacet
  facet normal 0 0 1
    outer loop
      vertex -2.89926 4.09799 3.6
      vertex -3.14157 4.32186 3.6
      vertex -2.92992 4.06507 3.6
    endloop
  endfacet
  facet normal -0 0 1
    outer loop
      vertex -3.19479 4.27319 3.6
      vertex -2.92992 4.06507 3.6
      vertex -3.14157 4.32186 3.6
    endloop
  endfacet
  facet normal 0 0 1
    outer loop
      vertex -2.92992 4.06507 3.6
      vertex -3.19479 4.27319 3.6
      vertex -2.95758 4.02868 3.6
    endloop
  endfacet
  facet normal -0 0 1
    outer loop
      vertex -3.24295 4.2194 3.6
      vertex -2.95758 4.02868 3.6
      vertex -3.19479 4.27319 3.6
    endloop
  endfacet
  facet normal 0 0 1
    outer loop
      vertex -2.95758 4.02868 3.6
      vertex -3.24295 4.2194 3.6
      vertex -2.98199 3.98925 3.6
    endloop
  endfacet
  facet normal -0 0 1
    outer loop
      vertex -3.28545 4.16113 3.6
      vertex -2.98199 3.98925 3.6
      vertex -3.24295 4.2194 3.6
    endloop
  endfacet
  facet normal 0 0 1
    outer loop
      vertex -2.98199 3.98925 3.6
      vertex -3.28545 4.16113 3.6
      vertex -3.00314 3.94674 3.6
    endloop
  endfacet
  facet normal 0 0 1
    outer loop
      vertex -3.42427 3.62748 3.6
      vertex -3.06174 3.62748 3.6
      vertex -3.0601 3.68835 3.6
    endloop
  endfacet
  facet normal -0 0 1
    outer loop
      vertex -3.32228 4.09837 3.6
      vertex -3.00314 3.94674 3.6
      vertex -3.28545 4.16113 3.6
    endloop
  endfacet
  facet normal 0 0 1
    outer loop
      vertex -3.00314 3.94674 3.6
      vertex -3.32228 4.09837 3.6
      vertex -3.02104 3.90118 3.6
    endloop
  endfacet
  facet normal 0 0 1
    outer loop
      vertex -3.06174 3.62748 3.6
      vertex -3.42427 3.62748 3.6
      vertex -3.42143 3.53745 3.6
    endloop
  endfacet
  facet normal -0 0 1
    outer loop
      vertex -3.35344 4.03111 3.6
      vertex -3.02104 3.90118 3.6
      vertex -3.32228 4.09837 3.6
    endloop
  endfacet
  facet normal 0 0 1
    outer loop
      vertex -3.06174 3.62748 3.6
      vertex -3.42143 3.53745 3.6
      vertex -3.4129 3.45176 3.6
    endloop
  endfacet
  facet normal -0 0 1
    outer loop
      vertex -3.37894 3.95937 3.6
      vertex -3.02104 3.90118 3.6
      vertex -3.35344 4.03111 3.6
    endloop
  endfacet
  facet normal 0 0 1
    outer loop
      vertex -3.06174 3.62748 3.6
      vertex -3.14088 2.92378 3.6
      vertex -3.08327 2.87957 3.6
    endloop
  endfacet
  facet normal 0 0 1
    outer loop
      vertex -3.02104 3.90118 3.6
      vertex -3.37894 3.95937 3.6
      vertex -3.03569 3.85256 3.6
    endloop
  endfacet
  facet normal 0 0 1
    outer loop
      vertex -3.06174 3.62748 3.6
      vertex -3.19417 2.97386 3.6
      vertex -3.14088 2.92378 3.6
    endloop
  endfacet
  facet normal -0 0 1
    outer loop
      vertex -3.39877 3.88314 3.6
      vertex -3.03569 3.85256 3.6
      vertex -3.37894 3.95937 3.6
    endloop
  endfacet
  facet normal 0 0 1
    outer loop
      vertex -3.06174 3.62748 3.6
      vertex -3.24246 3.02906 3.6
      vertex -3.19417 2.97386 3.6
    endloop
  endfacet
  facet normal 0 0 1
    outer loop
      vertex -3.03569 3.85256 3.6
      vertex -3.39877 3.88314 3.6
      vertex -3.04709 3.80088 3.6
    endloop
  endfacet
  facet normal 0 0 1
    outer loop
      vertex -3.06174 3.62748 3.6
      vertex -3.28508 3.08862 3.6
      vertex -3.24246 3.02906 3.6
    endloop
  endfacet
  facet normal -0 0 1
    outer loop
      vertex -3.41293 3.80241 3.6
      vertex -3.04709 3.80088 3.6
      vertex -3.39877 3.88314 3.6
    endloop
  endfacet
  facet normal 0 0 1
    outer loop
      vertex -3.06174 3.62748 3.6
      vertex -3.32201 3.15254 3.6
      vertex -3.28508 3.08862 3.6
    endloop
  endfacet
  facet normal 0 0 1
    outer loop
      vertex -3.04709 3.80088 3.6
      vertex -3.41293 3.80241 3.6
      vertex -3.05522 3.74615 3.6
    endloop
  endfacet
  facet normal 0 0 1
    outer loop
      vertex -3.06174 3.62748 3.6
      vertex -3.37881 3.29344 3.6
      vertex -3.35326 3.2208 3.6
    endloop
  endfacet
  facet normal 0 0 1
    outer loop
      vertex -3.42143 3.71719 3.6
      vertex -3.05522 3.74615 3.6
      vertex -3.41293 3.80241 3.6
    endloop
  endfacet
  facet normal 0 0 1
    outer loop
      vertex -3.06174 3.62748 3.6
      vertex -3.3987 3.37042 3.6
      vertex -3.37881 3.29344 3.6
    endloop
  endfacet
  facet normal 0 0 1
    outer loop
      vertex -3.05522 3.74615 3.6
      vertex -3.42143 3.71719 3.6
      vertex -3.0601 3.68835 3.6
    endloop
  endfacet
  facet normal 0 0 1
    outer loop
      vertex -3.0601 3.68835 3.6
      vertex -3.42143 3.71719 3.6
      vertex -3.42427 3.62748 3.6
    endloop
  endfacet
  facet normal 0 0 1
    outer loop
      vertex -3.06174 3.62748 3.6
      vertex -3.35326 3.2208 3.6
      vertex -3.32201 3.15254 3.6
    endloop
  endfacet
  facet normal 0 0 1
    outer loop
      vertex -3.06174 3.62748 3.6
      vertex -3.4129 3.45176 3.6
      vertex -3.3987 3.37042 3.6
    endloop
  endfacet
  facet normal 0 0 1
    outer loop
      vertex -1.81825 3.111 3.6
      vertex -2.13409 3.25419 3.6
      vertex -1.84523 3.06925 3.6
    endloop
  endfacet
  facet normal 0 0 1
    outer loop
      vertex -1.84523 3.06925 3.6
      vertex -2.13409 3.25419 3.6
      vertex -1.87448 3.02987 3.6
    endloop
  endfacet
  facet normal -0 0 1
    outer loop
      vertex -2.1584 3.214 3.6
      vertex -1.87448 3.02987 3.6
      vertex -2.13409 3.25419 3.6
    endloop
  endfacet
  facet normal 0 0 1
    outer loop
      vertex -1.87448 3.02987 3.6
      vertex -2.1584 3.214 3.6
      vertex -1.90599 2.99285 3.6
    endloop
  endfacet
  facet normal -0 0 1
    outer loop
      vertex -2.18594 3.17709 3.6
      vertex -1.90599 2.99285 3.6
      vertex -2.1584 3.214 3.6
    endloop
  endfacet
  facet normal 0 0 1
    outer loop
      vertex -1.90599 2.99285 3.6
      vertex -2.18594 3.17709 3.6
      vertex -1.93976 2.9582 3.6
    endloop
  endfacet
  facet normal 0 0 1
    outer loop
      vertex -1.93976 2.9582 3.6
      vertex -2.18594 3.17709 3.6
      vertex -1.9758 2.92591 3.6
    endloop
  endfacet
  facet normal -0 0 1
    outer loop
      vertex -2.21646 3.14378 3.6
      vertex -1.9758 2.92591 3.6
      vertex -2.18594 3.17709 3.6
    endloop
  endfacet
  facet normal 0 0 1
    outer loop
      vertex -1.9758 2.92591 3.6
      vertex -2.21646 3.14378 3.6
      vertex -2.01408 2.89599 3.6
    endloop
  endfacet
  facet normal 0 0 1
    outer loop
      vertex -2.01408 2.89599 3.6
      vertex -2.21646 3.14378 3.6
      vertex -2.05464 2.86843 3.6
    endloop
  endfacet
  facet normal -0 0 1
    outer loop
      vertex -2.24971 3.1144 3.6
      vertex -2.05464 2.86843 3.6
      vertex -2.21646 3.14378 3.6
    endloop
  endfacet
  facet normal 0 0 1
    outer loop
      vertex -2.05464 2.86843 3.6
      vertex -2.24971 3.1144 3.6
      vertex -2.09746 2.84324 3.6
    endloop
  endfacet
  facet normal -0 0 1
    outer loop
      vertex -2.28569 3.08892 3.6
      vertex -2.09746 2.84324 3.6
      vertex -2.24971 3.1144 3.6
    endloop
  endfacet
  facet normal 0 0 1
    outer loop
      vertex -2.09746 2.84324 3.6
      vertex -2.28569 3.08892 3.6
      vertex -2.14221 2.82057 3.6
    endloop
  endfacet
  facet normal 0 0 1
    outer loop
      vertex -2.14221 2.82057 3.6
      vertex -2.28569 3.08892 3.6
      vertex -2.18858 2.80056 3.6
    endloop
  endfacet
  facet normal -0 0 1
    outer loop
      vertex -2.3244 3.06738 3.6
      vertex -2.18858 2.80056 3.6
      vertex -2.28569 3.08892 3.6
    endloop
  endfacet
  facet normal 0 0 1
    outer loop
      vertex -2.18858 2.80056 3.6
      vertex -2.3244 3.06738 3.6
      vertex -2.2366 2.78323 3.6
    endloop
  endfacet
  facet normal -0 0 1
    outer loop
      vertex -2.36583 3.04975 3.6
      vertex -2.2366 2.78323 3.6
      vertex -2.3244 3.06738 3.6
    endloop
  endfacet
  facet normal 0 0 1
    outer loop
      vertex -2.2366 2.78323 3.6
      vertex -2.36583 3.04975 3.6
      vertex -2.28624 2.76856 3.6
    endloop
  endfacet
  facet normal 0 0 1
    outer loop
      vertex -2.28624 2.76856 3.6
      vertex -2.36583 3.04975 3.6
      vertex -2.33751 2.75655 3.6
    endloop
  endfacet
  facet normal -0 0 1
    outer loop
      vertex -2.41 3.03603 3.6
      vertex -2.33751 2.75655 3.6
      vertex -2.36583 3.04975 3.6
    endloop
  endfacet
  facet normal 0 0 1
    outer loop
      vertex -2.33751 2.75655 3.6
      vertex -2.41 3.03603 3.6
      vertex -2.3904 2.74723 3.6
    endloop
  endfacet
  facet normal -0 0 1
    outer loop
      vertex -2.45688 3.02624 3.6
      vertex -2.3904 2.74723 3.6
      vertex -2.41 3.03603 3.6
    endloop
  endfacet
  facet normal 0 0 1
    outer loop
      vertex -2.3904 2.74723 3.6
      vertex -2.45688 3.02624 3.6
      vertex -2.44492 2.74056 3.6
    endloop
  endfacet
  facet normal -0 0 1
    outer loop
      vertex -2.5065 3.02036 3.6
      vertex -2.44492 2.74056 3.6
      vertex -2.45688 3.02624 3.6
    endloop
  endfacet
  facet normal 0 0 1
    outer loop
      vertex -2.44492 2.74056 3.6
      vertex -2.5065 3.02036 3.6
      vertex -2.50107 2.73655 3.6
    endloop
  endfacet
  facet normal -0 0 1
    outer loop
      vertex -2.55885 3.0184 3.6
      vertex -2.50107 2.73655 3.6
      vertex -2.5065 3.02036 3.6
    endloop
  endfacet
  facet normal 0 0 1
    outer loop
      vertex -2.55885 3.0184 3.6
      vertex -2.55885 2.73522 3.6
      vertex -2.50107 2.73655 3.6
    endloop
  endfacet
  facet normal 0 0 1
    outer loop
      vertex -2.60944 3.02041 3.6
      vertex -2.55885 2.73522 3.6
      vertex -2.55885 3.0184 3.6
    endloop
  endfacet
  facet normal 0 0 1
    outer loop
      vertex -2.60944 3.02041 3.6
      vertex -2.64674 2.73817 3.6
      vertex -2.55885 2.73522 3.6
    endloop
  endfacet
  facet normal 0 0 1
    outer loop
      vertex -2.65761 3.02645 3.6
      vertex -2.64674 2.73817 3.6
      vertex -2.60944 3.02041 3.6
    endloop
  endfacet
  facet normal 0 0 1
    outer loop
      vertex -2.7303 2.747 3.6
      vertex -2.65761 3.02645 3.6
      vertex -2.70335 3.03651 3.6
    endloop
  endfacet
  facet normal 0 0 1
    outer loop
      vertex -2.65761 3.02645 3.6
      vertex -2.7303 2.747 3.6
      vertex -2.64674 2.73817 3.6
    endloop
  endfacet
  facet normal 0 0 1
    outer loop
      vertex -2.80954 2.76174 3.6
      vertex -2.70335 3.03651 3.6
      vertex -2.74667 3.05059 3.6
    endloop
  endfacet
  facet normal 0 0 1
    outer loop
      vertex -2.88446 2.78236 3.6
      vertex -2.74667 3.05059 3.6
      vertex -2.78755 3.06869 3.6
    endloop
  endfacet
  facet normal 0 0 1
    outer loop
      vertex -2.70335 3.03651 3.6
      vertex -2.80954 2.76174 3.6
      vertex -2.7303 2.747 3.6
    endloop
  endfacet
  facet normal 0 0 1
    outer loop
      vertex -2.95505 2.80888 3.6
      vertex -2.78755 3.06869 3.6
      vertex -2.82602 3.09083 3.6
    endloop
  endfacet
  facet normal 0 0 1
    outer loop
      vertex -3.02132 2.84129 3.6
      vertex -2.82602 3.09083 3.6
      vertex -2.86206 3.11698 3.6
    endloop
  endfacet
  facet normal 0 0 1
    outer loop
      vertex -2.74667 3.05059 3.6
      vertex -2.88446 2.78236 3.6
      vertex -2.80954 2.76174 3.6
    endloop
  endfacet
  facet normal 0 0 1
    outer loop
      vertex -3.08327 2.87957 3.6
      vertex -2.86206 3.11698 3.6
      vertex -2.89568 3.14715 3.6
    endloop
  endfacet
  facet normal 0 0 1
    outer loop
      vertex -3.08327 2.87957 3.6
      vertex -2.89568 3.14715 3.6
      vertex -2.92686 3.18136 3.6
    endloop
  endfacet
  facet normal 0 0 1
    outer loop
      vertex -2.78755 3.06869 3.6
      vertex -2.95505 2.80888 3.6
      vertex -2.88446 2.78236 3.6
    endloop
  endfacet
  facet normal 0 0 1
    outer loop
      vertex -3.08327 2.87957 3.6
      vertex -2.92686 3.18136 3.6
      vertex -2.95517 3.21905 3.6
    endloop
  endfacet
  facet normal 0 0 1
    outer loop
      vertex -3.08327 2.87957 3.6
      vertex -2.95517 3.21905 3.6
      vertex -2.98013 3.25971 3.6
    endloop
  endfacet
  facet normal 0 0 1
    outer loop
      vertex -3.08327 2.87957 3.6
      vertex -2.98013 3.25971 3.6
      vertex -3.00179 3.30335 3.6
    endloop
  endfacet
  facet normal 0 0 1
    outer loop
      vertex -3.08327 2.87957 3.6
      vertex -3.00179 3.30335 3.6
      vertex -3.0201 3.34995 3.6
    endloop
  endfacet
  facet normal 0 0 1
    outer loop
      vertex -2.82602 3.09083 3.6
      vertex -3.02132 2.84129 3.6
      vertex -2.95505 2.80888 3.6
    endloop
  endfacet
  facet normal 0 0 1
    outer loop
      vertex -3.08327 2.87957 3.6
      vertex -3.0201 3.34995 3.6
      vertex -3.0351 3.39953 3.6
    endloop
  endfacet
  facet normal 0 0 1
    outer loop
      vertex -3.08327 2.87957 3.6
      vertex -3.0351 3.39953 3.6
      vertex -3.04674 3.45207 3.6
    endloop
  endfacet
  facet normal 0 0 1
    outer loop
      vertex -3.08327 2.87957 3.6
      vertex -3.04674 3.45207 3.6
      vertex -3.05507 3.50758 3.6
    endloop
  endfacet
  facet normal 0 0 1
    outer loop
      vertex -3.08327 2.87957 3.6
      vertex -3.05507 3.50758 3.6
      vertex -3.06006 3.56605 3.6
    endloop
  endfacet
  facet normal 0 0 1
    outer loop
      vertex -2.86206 3.11698 3.6
      vertex -3.08327 2.87957 3.6
      vertex -3.02132 2.84129 3.6
    endloop
  endfacet
  facet normal 0 0 1
    outer loop
      vertex -3.08327 2.87957 3.6
      vertex -3.06006 3.56605 3.6
      vertex -3.06174 3.62748 3.6
    endloop
  endfacet
  facet normal 0 0 1
    outer loop
      vertex -0.0358887 4.01539 3.6
      vertex -0.398315 4.02349 3.6
      vertex -0.3974 3.99856 3.6
    endloop
  endfacet
  facet normal 0 0 1
    outer loop
      vertex -0.321457 4.43092 3.6
      vertex -0.401047 4.04678 3.6
      vertex -0.398315 4.02349 3.6
    endloop
  endfacet
  facet normal 0 0 1
    outer loop
      vertex -0.321457 4.43092 3.6
      vertex -0.405609 4.0684 3.6
      vertex -0.401047 4.04678 3.6
    endloop
  endfacet
  facet normal 0 0 1
    outer loop
      vertex -0.321457 4.43092 3.6
      vertex -0.412003 4.08837 3.6
      vertex -0.405609 4.0684 3.6
    endloop
  endfacet
  facet normal 0 0 1
    outer loop
      vertex -0.321457 4.43092 3.6
      vertex -0.420197 4.10667 3.6
      vertex -0.412003 4.08837 3.6
    endloop
  endfacet
  facet normal 0 0 1
    outer loop
      vertex -0.488556 4.17358 3.6
      vertex -0.370636 4.44576 3.6
      vertex -0.423599 4.45789 3.6
    endloop
  endfacet
  facet normal 0 0 1
    outer loop
      vertex -0.321457 4.43092 3.6
      vertex -0.430237 4.12333 3.6
      vertex -0.420197 4.10667 3.6
    endloop
  endfacet
  facet normal 0 0 1
    outer loop
      vertex -0.321457 4.43092 3.6
      vertex -0.442078 4.13831 3.6
      vertex -0.430237 4.12333 3.6
    endloop
  endfacet
  facet normal 0 0 1
    outer loop
      vertex -0.321457 4.43092 3.6
      vertex -0.455765 4.15165 3.6
      vertex -0.442078 4.13831 3.6
    endloop
  endfacet
  facet normal 0 0 1
    outer loop
      vertex -0.321457 4.43092 3.6
      vertex -0.471268 4.16332 3.6
      vertex -0.455765 4.15165 3.6
    endloop
  endfacet
  facet normal 0 0 1
    outer loop
      vertex -0.528427 4.19045 3.6
      vertex -0.423599 4.45789 3.6
      vertex -0.480347 4.46734 3.6
    endloop
  endfacet
  facet normal 0 0 1
    outer loop
      vertex -0.370636 4.44576 3.6
      vertex -0.488556 4.17358 3.6
      vertex -0.471268 4.16332 3.6
    endloop
  endfacet
  facet normal 0 0 1
    outer loop
      vertex -0.423599 4.45789 3.6
      vertex -0.507599 4.18263 3.6
      vertex -0.488556 4.17358 3.6
    endloop
  endfacet
  facet normal 0 0 1
    outer loop
      vertex -0.423599 4.45789 3.6
      vertex -0.528427 4.19045 3.6
      vertex -0.507599 4.18263 3.6
    endloop
  endfacet
  facet normal 0 0 1
    outer loop
      vertex -0.550995 4.19709 3.6
      vertex -0.480347 4.46734 3.6
      vertex -0.540878 4.47408 3.6
    endloop
  endfacet
  facet normal 0 0 1
    outer loop
      vertex -0.480347 4.46734 3.6
      vertex -0.550995 4.19709 3.6
      vertex -0.528427 4.19045 3.6
    endloop
  endfacet
  facet normal 0 0 1
    outer loop
      vertex -0.540878 4.47408 3.6
      vertex -0.575348 4.20252 3.6
      vertex -0.550995 4.19709 3.6
    endloop
  endfacet
  facet normal 0 0 1
    outer loop
      vertex -0.540878 4.47408 3.6
      vertex -0.601456 4.20673 3.6
      vertex -0.575348 4.20252 3.6
    endloop
  endfacet
  facet normal 0 0 1
    outer loop
      vertex -0.605179 4.47813 3.6
      vertex -0.601456 4.20673 3.6
      vertex -0.540878 4.47408 3.6
    endloop
  endfacet
  facet normal 0 0 1
    outer loop
      vertex -0.605179 4.47813 3.6
      vertex -0.629318 4.20976 3.6
      vertex -0.601456 4.20673 3.6
    endloop
  endfacet
  facet normal 0 0 1
    outer loop
      vertex -0.605179 4.47813 3.6
      vertex -0.658966 4.21156 3.6
      vertex -0.629318 4.20976 3.6
    endloop
  endfacet
  facet normal 0 0 1
    outer loop
      vertex -0.673279 4.47949 3.6
      vertex -0.658966 4.21156 3.6
      vertex -0.605179 4.47813 3.6
    endloop
  endfacet
  facet normal 0 0 1
    outer loop
      vertex -0.673279 4.47949 3.6
      vertex -0.690353 4.21217 3.6
      vertex -0.658966 4.21156 3.6
    endloop
  endfacet
  facet normal 0 0 1
    outer loop
      vertex -0.673279 4.47949 3.6
      vertex -1.10049 4.21217 3.6
      vertex -0.690353 4.21217 3.6
    endloop
  endfacet
  facet normal 0 0 1
    outer loop
      vertex -1.46057 4.47949 3.6
      vertex -1.10049 3.78616 3.6
      vertex -1.10049 4.21217 3.6
    endloop
  endfacet
  facet normal 0 0 1
    outer loop
      vertex -1.10049 3.78616 3.6
      vertex -1.46057 4.47949 3.6
      vertex -1.10049 3.52007 3.6
    endloop
  endfacet
  facet normal 0 0 1
    outer loop
      vertex -1.46057 2.75964 3.6
      vertex -1.10049 3.52007 3.6
      vertex -1.46057 4.47949 3.6
    endloop
  endfacet
  facet normal -0 0 1
    outer loop
      vertex -1.46057 4.47949 3.6
      vertex -1.10049 4.21217 3.6
      vertex -0.673279 4.47949 3.6
    endloop
  endfacet
  facet normal 0 0 1
    outer loop
      vertex -0.398315 4.02349 3.6
      vertex -0.0348816 4.04737 3.6
      vertex -0.0368805 4.09354 3.6
    endloop
  endfacet
  facet normal -0 0 1
    outer loop
      vertex -0.398315 4.02349 3.6
      vertex -0.0358887 4.01539 3.6
      vertex -0.0348816 4.04737 3.6
    endloop
  endfacet
  facet normal 0 0 1
    outer loop
      vertex -0.398315 4.02349 3.6
      vertex -0.0368805 4.09354 3.6
      vertex -0.0428772 4.13715 3.6
    endloop
  endfacet
  facet normal 0 0 1
    outer loop
      vertex -0.0358887 4.01539 3.6
      vertex -0.3974 3.99856 3.6
      vertex -0.0388947 3.98454 3.6
    endloop
  endfacet
  facet normal 0 0 1
    outer loop
      vertex -0.0388947 3.98454 3.6
      vertex -0.3974 3.99856 3.6
      vertex -0.0438995 3.95481 3.6
    endloop
  endfacet
  facet normal 0 0 1
    outer loop
      vertex -0.398315 4.02349 3.6
      vertex -0.0428772 4.13715 3.6
      vertex -0.0528564 4.17819 3.6
    endloop
  endfacet
  facet normal 0 0 1
    outer loop
      vertex -0.0438995 3.95481 3.6
      vertex -0.3974 3.99856 3.6
      vertex -0.0509186 3.92622 3.6
    endloop
  endfacet
  facet normal 0 0 1
    outer loop
      vertex -0.398315 4.02349 3.6
      vertex -0.0528564 4.17819 3.6
      vertex -0.0668335 4.21662 3.6
    endloop
  endfacet
  facet normal -0 0 1
    outer loop
      vertex -0.398254 3.97561 3.6
      vertex -0.0509186 3.92622 3.6
      vertex -0.3974 3.99856 3.6
    endloop
  endfacet
  facet normal 0 0 1
    outer loop
      vertex -0.0509186 3.92622 3.6
      vertex -0.398254 3.97561 3.6
      vertex -0.0599365 3.89875 3.6
    endloop
  endfacet
  facet normal 0 0 1
    outer loop
      vertex -0.398315 4.02349 3.6
      vertex -0.0668335 4.21662 3.6
      vertex -0.0848083 4.2525 3.6
    endloop
  endfacet
  facet normal 0 0 1
    outer loop
      vertex -0.0599365 3.89875 3.6
      vertex -0.398254 3.97561 3.6
      vertex -0.0709686 3.87241 3.6
    endloop
  endfacet
  facet normal 0 0 1
    outer loop
      vertex -0.398315 4.02349 3.6
      vertex -0.0848083 4.2525 3.6
      vertex -0.106766 4.28579 3.6
    endloop
  endfacet
  facet normal -0 0 1
    outer loop
      vertex -0.400818 3.95397 3.6
      vertex -0.0709686 3.87241 3.6
      vertex -0.398254 3.97561 3.6
    endloop
  endfacet
  facet normal 0 0 1
    outer loop
      vertex -0.398315 4.02349 3.6
      vertex -0.106766 4.28579 3.6
      vertex -0.132721 4.31652 3.6
    endloop
  endfacet
  facet normal 0 0 1
    outer loop
      vertex -0.0709686 3.87241 3.6
      vertex -0.400818 3.95397 3.6
      vertex -0.0839996 3.84722 3.6
    endloop
  endfacet
  facet normal 0 0 1
    outer loop
      vertex -0.0839996 3.84722 3.6
      vertex -0.400818 3.95397 3.6
      vertex -0.0990295 3.82314 3.6
    endloop
  endfacet
  facet normal 0 0 1
    outer loop
      vertex -0.398315 4.02349 3.6
      vertex -0.132721 4.31652 3.6
      vertex -0.162674 4.34466 3.6
    endloop
  endfacet
  facet normal 0 0 1
    outer loop
      vertex -0.0990295 3.82314 3.6
      vertex -0.400818 3.95397 3.6
      vertex -0.116074 3.80019 3.6
    endloop
  endfacet
  facet normal 0 0 1
    outer loop
      vertex -0.398315 4.02349 3.6
      vertex -0.162674 4.34466 3.6
      vertex -0.196609 4.37022 3.6
    endloop
  endfacet
  facet normal -0 0 1
    outer loop
      vertex -0.405075 3.93366 3.6
      vertex -0.116074 3.80019 3.6
      vertex -0.400818 3.95397 3.6
    endloop
  endfacet
  facet normal 0 0 1
    outer loop
      vertex -0.116074 3.80019 3.6
      vertex -0.405075 3.93366 3.6
      vertex -0.135147 3.77863 3.6
    endloop
  endfacet
  facet normal 0 0 1
    outer loop
      vertex -0.398315 4.02349 3.6
      vertex -0.196609 4.37022 3.6
      vertex -0.234451 4.39315 3.6
    endloop
  endfacet
  facet normal 0 0 1
    outer loop
      vertex -0.135147 3.77863 3.6
      vertex -0.405075 3.93366 3.6
      vertex -0.156326 3.75868 3.6
    endloop
  endfacet
  facet normal 0 0 1
    outer loop
      vertex -0.398315 4.02349 3.6
      vertex -0.234451 4.39315 3.6
      vertex -0.276062 4.41338 3.6
    endloop
  endfacet
  facet normal -0 0 1
    outer loop
      vertex -0.411026 3.91465 3.6
      vertex -0.156326 3.75868 3.6
      vertex -0.405075 3.93366 3.6
    endloop
  endfacet
  facet normal 0 0 1
    outer loop
      vertex -0.398315 4.02349 3.6
      vertex -0.276062 4.41338 3.6
      vertex -0.321457 4.43092 3.6
    endloop
  endfacet
  facet normal 0 0 1
    outer loop
      vertex -0.156326 3.75868 3.6
      vertex -0.411026 3.91465 3.6
      vertex -0.179596 3.74032 3.6
    endloop
  endfacet
  facet normal 0 0 1
    outer loop
      vertex -0.179596 3.74032 3.6
      vertex -0.411026 3.91465 3.6
      vertex -0.204971 3.7236 3.6
    endloop
  endfacet
  facet normal 0 0 1
    outer loop
      vertex -0.471268 4.16332 3.6
      vertex -0.321457 4.43092 3.6
      vertex -0.370636 4.44576 3.6
    endloop
  endfacet
  facet normal -0 0 1
    outer loop
      vertex -0.418701 3.89695 3.6
      vertex -0.204971 3.7236 3.6
      vertex -0.411026 3.91465 3.6
    endloop
  endfacet
  facet normal 0 0 1
    outer loop
      vertex -0.204971 3.7236 3.6
      vertex -0.418701 3.89695 3.6
      vertex -0.232437 3.70847 3.6
    endloop
  endfacet
  facet normal 0 0 1
    outer loop
      vertex -0.232437 3.70847 3.6
      vertex -0.418701 3.89695 3.6
      vertex -0.261993 3.69495 3.6
    endloop
  endfacet
  facet normal -0 0 1
    outer loop
      vertex -0.42807 3.88056 3.6
      vertex -0.261993 3.69495 3.6
      vertex -0.418701 3.89695 3.6
    endloop
  endfacet
  facet normal 0 0 1
    outer loop
      vertex -0.261993 3.69495 3.6
      vertex -0.42807 3.88056 3.6
      vertex -0.29364 3.68305 3.6
    endloop
  endfacet
  facet normal -0 0 1
    outer loop
      vertex -0.439133 3.86547 3.6
      vertex -0.29364 3.68305 3.6
      vertex -0.42807 3.88056 3.6
    endloop
  endfacet
  facet normal 0 0 1
    outer loop
      vertex -0.29364 3.68305 3.6
      vertex -0.439133 3.86547 3.6
      vertex -0.327377 3.67277 3.6
    endloop
  endfacet
  facet normal -0 0 1
    outer loop
      vertex -0.451904 3.85171 3.6
      vertex -0.327377 3.67277 3.6
      vertex -0.439133 3.86547 3.6
    endloop
  endfacet
  facet normal 0 0 1
    outer loop
      vertex -0.327377 3.67277 3.6
      vertex -0.451904 3.85171 3.6
      vertex -0.36322 3.6641 3.6
    endloop
  endfacet
  facet normal 0 0 1
    outer loop
      vertex -0.36322 3.6641 3.6
      vertex -0.404297 3.47234 3.6
      vertex -0.365784 3.44549 3.6
    endloop
  endfacet
  facet normal -0 0 1
    outer loop
      vertex -0.466385 3.83926 3.6
      vertex -0.36322 3.6641 3.6
      vertex -0.451904 3.85171 3.6
    endloop
  endfacet
  facet normal -0 0 1
    outer loop
      vertex -0.482742 3.82812 3.6
      vertex -0.36322 3.6641 3.6
      vertex -0.466385 3.83926 3.6
    endloop
  endfacet
  facet normal 0 0 1
    outer loop
      vertex -0.36322 3.6641 3.6
      vertex -0.451385 3.49322 3.6
      vertex -0.404297 3.47234 3.6
    endloop
  endfacet
  facet normal -0 0 1
    outer loop
      vertex -0.50116 3.81828 3.6
      vertex -0.36322 3.6641 3.6
      vertex -0.482742 3.82812 3.6
    endloop
  endfacet
  facet normal -0 0 1
    outer loop
      vertex -0.521652 3.80976 3.6
      vertex -0.36322 3.6641 3.6
      vertex -0.50116 3.81828 3.6
    endloop
  endfacet
  facet normal 0 0 1
    outer loop
      vertex -0.36322 3.6641 3.6
      vertex -0.507019 3.50814 3.6
      vertex -0.451385 3.49322 3.6
    endloop
  endfacet
  facet normal -0 0 1
    outer loop
      vertex -0.544189 3.80254 3.6
      vertex -0.36322 3.6641 3.6
      vertex -0.521652 3.80976 3.6
    endloop
  endfacet
  facet normal 0 0 1
    outer loop
      vertex -0.36322 3.6641 3.6
      vertex -0.544189 3.80254 3.6
      vertex -0.507019 3.50814 3.6
    endloop
  endfacet
  facet normal 0 0 1
    outer loop
      vertex -0.571213 3.5171 3.6
      vertex -0.544189 3.80254 3.6
      vertex -0.568802 3.79664 3.6
    endloop
  endfacet
  facet normal 0 0 1
    outer loop
      vertex -0.544189 3.80254 3.6
      vertex -0.571213 3.5171 3.6
      vertex -0.507019 3.50814 3.6
    endloop
  endfacet
  facet normal -0 0 1
    outer loop
      vertex -0.59549 3.79206 3.6
      vertex -0.571213 3.5171 3.6
      vertex -0.568802 3.79664 3.6
    endloop
  endfacet
  facet normal -0 0 1
    outer loop
      vertex -0.624237 3.78878 3.6
      vertex -0.571213 3.5171 3.6
      vertex -0.59549 3.79206 3.6
    endloop
  endfacet
  facet normal 0 0 1
    outer loop
      vertex -0.624237 3.78878 3.6
      vertex -0.643967 3.52007 3.6
      vertex -0.571213 3.5171 3.6
    endloop
  endfacet
  facet normal -0 0 1
    outer loop
      vertex -0.655045 3.78681 3.6
      vertex -0.643967 3.52007 3.6
      vertex -0.624237 3.78878 3.6
    endloop
  endfacet
  facet normal -0 0 1
    outer loop
      vertex -0.687912 3.78616 3.6
      vertex -0.643967 3.52007 3.6
      vertex -0.655045 3.78681 3.6
    endloop
  endfacet
  facet normal 0 0 1
    outer loop
      vertex -1.10049 3.52007 3.6
      vertex -0.687912 3.78616 3.6
      vertex -1.10049 3.78616 3.6
    endloop
  endfacet
  facet normal 0 0 1
    outer loop
      vertex -0.687912 3.78616 3.6
      vertex -1.10049 3.52007 3.6
      vertex -0.643967 3.52007 3.6
    endloop
  endfacet
  facet normal -0 0 1
    outer loop
      vertex -0.297302 3.27839 3.6
      vertex 0.0639648 3.25033 3.6
      vertex 0.0626221 3.28854 3.6
    endloop
  endfacet
  facet normal 0 0 1
    outer loop
      vertex -0.297302 3.27839 3.6
      vertex 0.0626221 3.28854 3.6
      vertex 0.0585785 3.32505 3.6
    endloop
  endfacet
  facet normal 0 0 1
    outer loop
      vertex 0.0639648 3.25033 3.6
      vertex -0.298294 3.25123 3.6
      vertex 0.0617981 3.19956 3.6
    endloop
  endfacet
  facet normal 0 0 1
    outer loop
      vertex -0.297302 3.27839 3.6
      vertex 0.0585785 3.32505 3.6
      vertex 0.0518341 3.35984 3.6
    endloop
  endfacet
  facet normal -0 0 1
    outer loop
      vertex -0.301254 3.22563 3.6
      vertex 0.0617981 3.19956 3.6
      vertex -0.298294 3.25123 3.6
    endloop
  endfacet
  facet normal 0 0 1
    outer loop
      vertex -0.30159 3.32911 3.6
      vertex 0.0518341 3.35984 3.6
      vertex 0.0423889 3.39294 3.6
    endloop
  endfacet
  facet normal 0 0 1
    outer loop
      vertex -0.30159 3.32911 3.6
      vertex 0.0423889 3.39294 3.6
      vertex 0.0302582 3.42434 3.6
    endloop
  endfacet
  facet normal 0 0 1
    outer loop
      vertex 0.0639648 3.25033 3.6
      vertex -0.297302 3.27839 3.6
      vertex -0.298294 3.25123 3.6
    endloop
  endfacet
  facet normal 0 0 1
    outer loop
      vertex -0.30159 3.32911 3.6
      vertex 0.0302582 3.42434 3.6
      vertex 0.0154266 3.45403 3.6
    endloop
  endfacet
  facet normal -0 0 1
    outer loop
      vertex -0.306198 3.20156 3.6
      vertex 0.0552979 3.15141 3.6
      vertex -0.301254 3.22563 3.6
    endloop
  endfacet
  facet normal 0 0 1
    outer loop
      vertex -0.30159 3.32911 3.6
      vertex 0.0154266 3.45403 3.6
      vertex -0.00209045 3.48202 3.6
    endloop
  endfacet
  facet normal 0 0 1
    outer loop
      vertex 0.0552979 3.15141 3.6
      vertex -0.306198 3.20156 3.6
      vertex 0.0444489 3.10589 3.6
    endloop
  endfacet
  facet normal 0 0 1
    outer loop
      vertex -0.30159 3.32911 3.6
      vertex -0.00209045 3.48202 3.6
      vertex -0.0223236 3.50831 3.6
    endloop
  endfacet
  facet normal 0 0 1
    outer loop
      vertex 0.0444489 3.10589 3.6
      vertex -0.306198 3.20156 3.6
      vertex 0.0292511 3.06298 3.6
    endloop
  endfacet
  facet normal 0 0 1
    outer loop
      vertex -0.314423 3.37388 3.6
      vertex -0.0223236 3.50831 3.6
      vertex -0.0452576 3.53289 3.6
    endloop
  endfacet
  facet normal 0 0 1
    outer loop
      vertex -0.314423 3.37388 3.6
      vertex -0.0452576 3.53289 3.6
      vertex -0.070755 3.55561 3.6
    endloop
  endfacet
  facet normal -0 0 1
    outer loop
      vertex -0.31311 3.17906 3.6
      vertex 0.0292511 3.06298 3.6
      vertex -0.306198 3.20156 3.6
    endloop
  endfacet
  facet normal 0 0 1
    outer loop
      vertex -0.314423 3.37388 3.6
      vertex -0.070755 3.55561 3.6
      vertex -0.0987244 3.5763 3.6
    endloop
  endfacet
  facet normal 0 0 1
    outer loop
      vertex 0.0292511 3.06298 3.6
      vertex -0.31311 3.17906 3.6
      vertex 0.00971985 3.0227 3.6
    endloop
  endfacet
  facet normal 0 0 1
    outer loop
      vertex -0.314423 3.37388 3.6
      vertex -0.0987244 3.5763 3.6
      vertex -0.129135 3.59495 3.6
    endloop
  endfacet
  facet normal 0 0 1
    outer loop
      vertex 0.00971985 3.0227 3.6
      vertex -0.31311 3.17906 3.6
      vertex -0.0141296 2.98504 3.6
    endloop
  endfacet
  facet normal 0 0 1
    outer loop
      vertex -0.335831 3.41267 3.6
      vertex -0.129135 3.59495 3.6
      vertex -0.162018 3.61155 3.6
    endloop
  endfacet
  facet normal -0 0 1
    outer loop
      vertex -0.321991 3.1581 3.6
      vertex -0.0141296 2.98504 3.6
      vertex -0.31311 3.17906 3.6
    endloop
  endfacet
  facet normal 0 0 1
    outer loop
      vertex -0.335831 3.41267 3.6
      vertex -0.162018 3.61155 3.6
      vertex -0.197342 3.62612 3.6
    endloop
  endfacet
  facet normal 0 0 1
    outer loop
      vertex -0.335831 3.41267 3.6
      vertex -0.197342 3.62612 3.6
      vertex -0.235123 3.63867 3.6
    endloop
  endfacet
  facet normal 0 0 1
    outer loop
      vertex 0.0617981 3.19956 3.6
      vertex -0.301254 3.22563 3.6
      vertex 0.0552979 3.15141 3.6
    endloop
  endfacet
  facet normal 0 0 1
    outer loop
      vertex -0.365784 3.44549 3.6
      vertex -0.235123 3.63867 3.6
      vertex -0.275375 3.64918 3.6
    endloop
  endfacet
  facet normal 0 0 1
    outer loop
      vertex -0.0141296 2.98504 3.6
      vertex -0.321991 3.1581 3.6
      vertex -0.0423431 2.95001 3.6
    endloop
  endfacet
  facet normal -0 0 1
    outer loop
      vertex -0.33284 3.13871 3.6
      vertex -0.0423431 2.95001 3.6
      vertex -0.321991 3.1581 3.6
    endloop
  endfacet
  facet normal 0 0 1
    outer loop
      vertex 0.0518341 3.35984 3.6
      vertex -0.30159 3.32911 3.6
      vertex -0.297302 3.27839 3.6
    endloop
  endfacet
  facet normal 0 0 1
    outer loop
      vertex -0.0223236 3.50831 3.6
      vertex -0.314423 3.37388 3.6
      vertex -0.30159 3.32911 3.6
    endloop
  endfacet
  facet normal 0 0 1
    outer loop
      vertex -0.365784 3.44549 3.6
      vertex -0.275375 3.64918 3.6
      vertex -0.318069 3.65766 3.6
    endloop
  endfacet
  facet normal 0 0 1
    outer loop
      vertex -0.129135 3.59495 3.6
      vertex -0.335831 3.41267 3.6
      vertex -0.314423 3.37388 3.6
    endloop
  endfacet
  facet normal 0 0 1
    outer loop
      vertex -0.365784 3.44549 3.6
      vertex -0.318069 3.65766 3.6
      vertex -0.36322 3.6641 3.6
    endloop
  endfacet
  facet normal 0 0 1
    outer loop
      vertex -0.235123 3.63867 3.6
      vertex -0.365784 3.44549 3.6
      vertex -0.335831 3.41267 3.6
    endloop
  endfacet
  facet normal 0 0 1
    outer loop
      vertex -0.0423431 2.95001 3.6
      vertex -0.33284 3.13871 3.6
      vertex -0.0748901 2.91758 3.6
    endloop
  endfacet
  facet normal 0 0 1
    outer loop
      vertex -0.0748901 2.91758 3.6
      vertex -0.33284 3.13871 3.6
      vertex -0.111786 2.8878 3.6
    endloop
  endfacet
  facet normal -0 0 1
    outer loop
      vertex -0.345673 3.12086 3.6
      vertex -0.111786 2.8878 3.6
      vertex -0.33284 3.13871 3.6
    endloop
  endfacet
  facet normal 0 0 1
    outer loop
      vertex -0.111786 2.8878 3.6
      vertex -0.345673 3.12086 3.6
      vertex -0.152527 2.86089 3.6
    endloop
  endfacet
  facet normal -0 0 1
    outer loop
      vertex -0.360489 3.10455 3.6
      vertex -0.152527 2.86089 3.6
      vertex -0.345673 3.12086 3.6
    endloop
  endfacet
  facet normal 0 0 1
    outer loop
      vertex -0.152527 2.86089 3.6
      vertex -0.360489 3.10455 3.6
      vertex -0.196655 2.83717 3.6
    endloop
  endfacet
  facet normal -0 0 1
    outer loop
      vertex -0.377258 3.08981 3.6
      vertex -0.196655 2.83717 3.6
      vertex -0.360489 3.10455 3.6
    endloop
  endfacet
  facet normal 0 0 1
    outer loop
      vertex -0.196655 2.83717 3.6
      vertex -0.377258 3.08981 3.6
      vertex -0.244156 2.8166 3.6
    endloop
  endfacet
  facet normal -0 0 1
    outer loop
      vertex -0.396179 3.07661 3.6
      vertex -0.244156 2.8166 3.6
      vertex -0.377258 3.08981 3.6
    endloop
  endfacet
  facet normal 0 0 1
    outer loop
      vertex -0.244156 2.8166 3.6
      vertex -0.396179 3.07661 3.6
      vertex -0.295029 2.79919 3.6
    endloop
  endfacet
  facet normal -0 0 1
    outer loop
      vertex -0.417404 3.06498 3.6
      vertex -0.295029 2.79919 3.6
      vertex -0.396179 3.07661 3.6
    endloop
  endfacet
  facet normal 0 0 1
    outer loop
      vertex -0.295029 2.79919 3.6
      vertex -0.417404 3.06498 3.6
      vertex -0.349274 2.78495 3.6
    endloop
  endfacet
  facet normal -0 0 1
    outer loop
      vertex -0.440948 3.05488 3.6
      vertex -0.349274 2.78495 3.6
      vertex -0.417404 3.06498 3.6
    endloop
  endfacet
  facet normal 0 0 1
    outer loop
      vertex -0.349274 2.78495 3.6
      vertex -0.440948 3.05488 3.6
      vertex -0.406906 2.77387 3.6
    endloop
  endfacet
  facet normal -0 0 1
    outer loop
      vertex -0.466782 3.04635 3.6
      vertex -0.406906 2.77387 3.6
      vertex -0.440948 3.05488 3.6
    endloop
  endfacet
  facet normal -0 0 1
    outer loop
      vertex -0.494919 3.03936 3.6
      vertex -0.406906 2.77387 3.6
      vertex -0.466782 3.04635 3.6
    endloop
  endfacet
  facet normal 0 0 1
    outer loop
      vertex -0.406906 2.77387 3.6
      vertex -0.494919 3.03936 3.6
      vertex -0.467911 2.76595 3.6
    endloop
  endfacet
  facet normal -0 0 1
    outer loop
      vertex -0.525375 3.03393 3.6
      vertex -0.467911 2.76595 3.6
      vertex -0.494919 3.03936 3.6
    endloop
  endfacet
  facet normal 0 0 1
    outer loop
      vertex -0.525375 3.03393 3.6
      vertex -0.532288 2.76121 3.6
      vertex -0.467911 2.76595 3.6
    endloop
  endfacet
  facet normal -0 0 1
    outer loop
      vertex -0.558121 3.03005 3.6
      vertex -0.532288 2.76121 3.6
      vertex -0.525375 3.03393 3.6
    endloop
  endfacet
  facet normal -0 0 1
    outer loop
      vertex -0.593185 3.02772 3.6
      vertex -0.532288 2.76121 3.6
      vertex -0.558121 3.03005 3.6
    endloop
  endfacet
  facet normal 0 0 1
    outer loop
      vertex -0.593185 3.02772 3.6
      vertex -0.600037 2.75964 3.6
      vertex -0.532288 2.76121 3.6
    endloop
  endfacet
  facet normal -0 0 1
    outer loop
      vertex -0.630539 3.02696 3.6
      vertex -0.600037 2.75964 3.6
      vertex -0.593185 3.02772 3.6
    endloop
  endfacet
  facet normal -0 0 1
    outer loop
      vertex -1.10049 3.02696 3.6
      vertex -0.600037 2.75964 3.6
      vertex -0.630539 3.02696 3.6
    endloop
  endfacet
  facet normal 0 0 1
    outer loop
      vertex -1.10049 3.02696 3.6
      vertex -1.46057 2.75964 3.6
      vertex -0.600037 2.75964 3.6
    endloop
  endfacet
  facet normal 0 0 1
    outer loop
      vertex -1.10049 3.52007 3.6
      vertex -1.46057 2.75964 3.6
      vertex -1.10049 3.02696 3.6
    endloop
  endfacet
  facet normal 0 0 1
    outer loop
      vertex 1.65498 4.47949 3.6
      vertex 0.662598 4.20118 3.6
      vertex 1.65498 4.20118 3.6
    endloop
  endfacet
  facet normal 0 0 1
    outer loop
      vertex 0.302505 4.47949 3.6
      vertex 0.662598 3.76908 3.6
      vertex 0.662598 4.20118 3.6
    endloop
  endfacet
  facet normal 0 0 1
    outer loop
      vertex 0.662598 3.76908 3.6
      vertex 0.302505 4.47949 3.6
      vertex 0.662598 3.49079 3.6
    endloop
  endfacet
  facet normal 0 0 1
    outer loop
      vertex 0.302505 2.75964 3.6
      vertex 0.662598 3.49079 3.6
      vertex 0.302505 4.47949 3.6
    endloop
  endfacet
  facet normal -0 0 1
    outer loop
      vertex 0.302505 4.47949 3.6
      vertex 0.662598 4.20118 3.6
      vertex 1.65498 4.47949 3.6
    endloop
  endfacet
  facet normal -0 0 1
    outer loop
      vertex 0.662598 3.76908 3.6
      vertex 1.58051 3.49079 3.6
      vertex 1.58051 3.76908 3.6
    endloop
  endfacet
  facet normal 0 0 1
    outer loop
      vertex 1.58051 3.49079 3.6
      vertex 0.662598 3.76908 3.6
      vertex 0.662598 3.49079 3.6
    endloop
  endfacet
  facet normal -0 0 1
    outer loop
      vertex 0.662598 3.03793 3.6
      vertex 1.70502 2.75964 3.6
      vertex 1.70502 3.03793 3.6
    endloop
  endfacet
  facet normal 0 0 1
    outer loop
      vertex 0.662598 3.03793 3.6
      vertex 0.302505 2.75964 3.6
      vertex 1.70502 2.75964 3.6
    endloop
  endfacet
  facet normal 0 0 1
    outer loop
      vertex 0.662598 3.49079 3.6
      vertex 0.302505 2.75964 3.6
      vertex 0.662598 3.03793 3.6
    endloop
  endfacet
  facet normal -0 0 1
    outer loop
      vertex 3.08075 3.47979 3.6
      vertex 3.40056 2.75964 3.6
      vertex 3.40056 4.47949 3.6
    endloop
  endfacet
  facet normal 0 0 1
    outer loop
      vertex 3.40056 2.75964 3.6
      vertex 3.0981 3.18469 3.6
      vertex 3.10271 3.14413 3.6
    endloop
  endfacet
  facet normal 0 0 1
    outer loop
      vertex 3.40056 2.75964 3.6
      vertex 3.09404 3.22442 3.6
      vertex 3.0981 3.18469 3.6
    endloop
  endfacet
  facet normal 0 0 1
    outer loop
      vertex 3.40056 2.75964 3.6
      vertex 3.09052 3.26334 3.6
      vertex 3.09404 3.22442 3.6
    endloop
  endfacet
  facet normal 0 0 1
    outer loop
      vertex 3.40056 2.75964 3.6
      vertex 3.08752 3.30146 3.6
      vertex 3.09052 3.26334 3.6
    endloop
  endfacet
  facet normal 0 0 1
    outer loop
      vertex 3.40056 2.75964 3.6
      vertex 3.0851 3.33875 3.6
      vertex 3.08752 3.30146 3.6
    endloop
  endfacet
  facet normal 0 0 1
    outer loop
      vertex 3.40056 2.75964 3.6
      vertex 3.08319 3.37524 3.6
      vertex 3.0851 3.33875 3.6
    endloop
  endfacet
  facet normal 0 0 1
    outer loop
      vertex 3.40056 2.75964 3.6
      vertex 3.08183 3.4109 3.6
      vertex 3.08319 3.37524 3.6
    endloop
  endfacet
  facet normal 0 0 1
    outer loop
      vertex 3.40056 2.75964 3.6
      vertex 3.08102 3.44575 3.6
      vertex 3.08183 3.4109 3.6
    endloop
  endfacet
  facet normal 0 0 1
    outer loop
      vertex 3.08075 3.47979 3.6
      vertex 3.40056 4.47949 3.6
      vertex 3.08075 4.47949 3.6
    endloop
  endfacet
  facet normal 0 0 1
    outer loop
      vertex 3.40056 2.75964 3.6
      vertex 3.08075 3.47979 3.6
      vertex 3.08102 3.44575 3.6
    endloop
  endfacet
  facet normal 0 0 1
    outer loop
      vertex 3.10271 3.14413 3.6
      vertex 2.97821 2.75964 3.6
      vertex 3.40056 2.75964 3.6
    endloop
  endfacet
  facet normal -0 0 1
    outer loop
      vertex 2.22876 4.08401 3.6
      vertex 3.10271 3.14413 3.6
      vertex 2.34227 4.47949 3.6
    endloop
  endfacet
  facet normal 0 0 1
    outer loop
      vertex 3.10271 3.14413 3.6
      vertex 2.22876 4.08401 3.6
      vertex 2.97821 2.75964 3.6
    endloop
  endfacet
  facet normal 0 -0 1
    outer loop
      vertex 2.22876 4.08401 3.6
      vertex 2.34227 4.47949 3.6
      vertex 1.93091 4.47949 3.6
    endloop
  endfacet
  facet normal 0 0 1
    outer loop
      vertex 1.93091 4.47949 3.6
      vertex 2.25072 3.77395 3.6
      vertex 2.25044 3.80093 3.6
    endloop
  endfacet
  facet normal 0 0 1
    outer loop
      vertex 1.93091 4.47949 3.6
      vertex 2.25044 3.80093 3.6
      vertex 2.24963 3.82977 3.6
    endloop
  endfacet
  facet normal 0 0 1
    outer loop
      vertex 1.93091 4.47949 3.6
      vertex 2.24963 3.82977 3.6
      vertex 2.24828 3.86048 3.6
    endloop
  endfacet
  facet normal 0 0 1
    outer loop
      vertex 1.93091 4.47949 3.6
      vertex 2.24828 3.86048 3.6
      vertex 2.24638 3.89306 3.6
    endloop
  endfacet
  facet normal 0 0 1
    outer loop
      vertex 1.93091 4.47949 3.6
      vertex 2.24638 3.89306 3.6
      vertex 2.24394 3.92751 3.6
    endloop
  endfacet
  facet normal 0 0 1
    outer loop
      vertex 1.93091 4.47949 3.6
      vertex 2.24394 3.92751 3.6
      vertex 2.24097 3.96383 3.6
    endloop
  endfacet
  facet normal 0 0 1
    outer loop
      vertex 1.93091 4.47949 3.6
      vertex 2.24097 3.96383 3.6
      vertex 2.23744 4.00202 3.6
    endloop
  endfacet
  facet normal 0 0 1
    outer loop
      vertex 1.93091 4.47949 3.6
      vertex 2.23744 4.00202 3.6
      vertex 2.23337 4.04208 3.6
    endloop
  endfacet
  facet normal 0 0 1
    outer loop
      vertex 1.93091 4.47949 3.6
      vertex 2.23337 4.04208 3.6
      vertex 2.22876 4.08401 3.6
    endloop
  endfacet
  facet normal 0 0 1
    outer loop
      vertex 2.25072 3.77395 3.6
      vertex 1.93091 4.47949 3.6
      vertex 1.93091 2.75964 3.6
    endloop
  endfacet
  facet normal 0 0 1
    outer loop
      vertex 2.25072 3.77395 3.6
      vertex 1.93091 2.75964 3.6
      vertex 2.25072 2.75964 3.6
    endloop
  endfacet
  facet normal -0.0712344 0.99746 0
    outer loop
      vertex -2.44492 2.74056 3.6
      vertex -2.50107 2.73655 4
      vertex -2.44492 2.74056 4
    endloop
  endfacet
  facet normal -0.0712344 0.99746 0
    outer loop
      vertex -2.50107 2.73655 4
      vertex -2.44492 2.74056 3.6
      vertex -2.50107 2.73655 3.6
    endloop
  endfacet
  facet normal -0.121435 0.992599 0
    outer loop
      vertex -2.3904 2.74723 3.6
      vertex -2.44492 2.74056 4
      vertex -2.3904 2.74723 4
    endloop
  endfacet
  facet normal -0.121435 0.992599 0
    outer loop
      vertex -2.44492 2.74056 4
      vertex -2.3904 2.74723 3.6
      vertex -2.44492 2.74056 3.6
    endloop
  endfacet
  facet normal -0.173541 0.984827 0
    outer loop
      vertex -2.33751 2.75655 3.6
      vertex -2.3904 2.74723 4
      vertex -2.33751 2.75655 4
    endloop
  endfacet
  facet normal -0.173541 0.984827 0
    outer loop
      vertex -2.3904 2.74723 4
      vertex -2.33751 2.75655 3.6
      vertex -2.3904 2.74723 3.6
    endloop
  endfacet
  facet normal -0.228076 0.973643 0
    outer loop
      vertex -2.28624 2.76856 3.6
      vertex -2.33751 2.75655 4
      vertex -2.28624 2.76856 4
    endloop
  endfacet
  facet normal -0.228076 0.973643 0
    outer loop
      vertex -2.33751 2.75655 4
      vertex -2.28624 2.76856 3.6
      vertex -2.33751 2.75655 3.6
    endloop
  endfacet
  facet normal -0.283411 0.958999 0
    outer loop
      vertex -2.2366 2.78323 3.6
      vertex -2.28624 2.76856 4
      vertex -2.2366 2.78323 4
    endloop
  endfacet
  facet normal -0.283411 0.958999 0
    outer loop
      vertex -2.28624 2.76856 4
      vertex -2.2366 2.78323 3.6
      vertex -2.28624 2.76856 3.6
    endloop
  endfacet
  facet normal -0.339462 0.94062 0
    outer loop
      vertex -2.18858 2.80056 3.6
      vertex -2.2366 2.78323 4
      vertex -2.18858 2.80056 4
    endloop
  endfacet
  facet normal -0.339462 0.94062 0
    outer loop
      vertex -2.2366 2.78323 4
      vertex -2.18858 2.80056 3.6
      vertex -2.2366 2.78323 3.6
    endloop
  endfacet
  facet normal -0.396212 0.918159 0
    outer loop
      vertex -2.14221 2.82057 3.6
      vertex -2.18858 2.80056 4
      vertex -2.14221 2.82057 4
    endloop
  endfacet
  facet normal -0.396212 0.918159 0
    outer loop
      vertex -2.18858 2.80056 4
      vertex -2.14221 2.82057 3.6
      vertex -2.18858 2.80056 3.6
    endloop
  endfacet
  facet normal -0.451912 0.892063 0
    outer loop
      vertex -2.09746 2.84324 3.6
      vertex -2.14221 2.82057 4
      vertex -2.09746 2.84324 4
    endloop
  endfacet
  facet normal -0.451912 0.892063 0
    outer loop
      vertex -2.14221 2.82057 4
      vertex -2.09746 2.84324 3.6
      vertex -2.14221 2.82057 3.6
    endloop
  endfacet
  facet normal -0.507047 0.861919 0
    outer loop
      vertex -2.05464 2.86843 3.6
      vertex -2.09746 2.84324 4
      vertex -2.05464 2.86843 4
    endloop
  endfacet
  facet normal -0.507047 0.861919 0
    outer loop
      vertex -2.09746 2.84324 4
      vertex -2.05464 2.86843 3.6
      vertex -2.09746 2.84324 3.6
    endloop
  endfacet
  facet normal -0.56202 0.827124 0
    outer loop
      vertex -2.01408 2.89599 3.6
      vertex -2.05464 2.86843 4
      vertex -2.01408 2.89599 4
    endloop
  endfacet
  facet normal -0.56202 0.827124 0
    outer loop
      vertex -2.05464 2.86843 4
      vertex -2.01408 2.89599 3.6
      vertex -2.05464 2.86843 3.6
    endloop
  endfacet
  facet normal -0.61582 0.787887 0
    outer loop
      vertex -1.9758 2.92591 3.6
      vertex -2.01408 2.89599 4
      vertex -1.9758 2.92591 4
    endloop
  endfacet
  facet normal -0.61582 0.787887 0
    outer loop
      vertex -2.01408 2.89599 4
      vertex -1.9758 2.92591 3.6
      vertex -2.01408 2.89599 3.6
    endloop
  endfacet
  facet normal -0.667296 0.744793 0
    outer loop
      vertex -1.93976 2.9582 3.6
      vertex -1.9758 2.92591 4
      vertex -1.93976 2.9582 4
    endloop
  endfacet
  facet normal -0.667296 0.744793 0
    outer loop
      vertex -1.9758 2.92591 4
      vertex -1.93976 2.9582 3.6
      vertex -1.9758 2.92591 3.6
    endloop
  endfacet
  facet normal -0.716142 0.697954 0
    outer loop
      vertex -1.93976 2.9582 3.6
      vertex -1.90599 2.99285 4
      vertex -1.90599 2.99285 3.6
    endloop
  endfacet
  facet normal -0.716142 0.697954 0
    outer loop
      vertex -1.90599 2.99285 4
      vertex -1.93976 2.9582 3.6
      vertex -1.93976 2.9582 4
    endloop
  endfacet
  facet normal -0.761503 0.648162 0
    outer loop
      vertex -1.90599 2.99285 3.6
      vertex -1.87448 3.02987 4
      vertex -1.87448 3.02987 3.6
    endloop
  endfacet
  facet normal -0.761503 0.648162 0
    outer loop
      vertex -1.87448 3.02987 4
      vertex -1.90599 2.99285 3.6
      vertex -1.90599 2.99285 4
    endloop
  endfacet
  facet normal -0.80278 0.596275 0
    outer loop
      vertex -1.87448 3.02987 3.6
      vertex -1.84523 3.06925 4
      vertex -1.84523 3.06925 3.6
    endloop
  endfacet
  facet normal -0.80278 0.596275 0
    outer loop
      vertex -1.84523 3.06925 4
      vertex -1.87448 3.02987 3.6
      vertex -1.87448 3.02987 4
    endloop
  endfacet
  facet normal -0.839888 0.542759 0
    outer loop
      vertex -1.84523 3.06925 3.6
      vertex -1.81825 3.111 4
      vertex -1.81825 3.111 3.6
    endloop
  endfacet
  facet normal -0.839888 0.542759 0
    outer loop
      vertex -1.81825 3.111 4
      vertex -1.84523 3.06925 3.6
      vertex -1.84523 3.06925 4
    endloop
  endfacet
  facet normal -0.872266 0.489031 0
    outer loop
      vertex -1.81825 3.111 3.6
      vertex -1.79352 3.15511 4
      vertex -1.79352 3.15511 3.6
    endloop
  endfacet
  facet normal -0.872266 0.489031 0
    outer loop
      vertex -1.79352 3.15511 4
      vertex -1.81825 3.111 3.6
      vertex -1.81825 3.111 4
    endloop
  endfacet
  facet normal -0.900362 0.435142 0
    outer loop
      vertex -1.79352 3.15511 3.6
      vertex -1.77124 3.20121 4
      vertex -1.77124 3.20121 3.6
    endloop
  endfacet
  facet normal -0.900362 0.435142 0
    outer loop
      vertex -1.77124 3.20121 4
      vertex -1.79352 3.15511 3.6
      vertex -1.79352 3.15511 4
    endloop
  endfacet
  facet normal -0.924481 0.381227 0
    outer loop
      vertex -1.77124 3.20121 3.6
      vertex -1.75157 3.24891 4
      vertex -1.75157 3.24891 3.6
    endloop
  endfacet
  facet normal -0.924481 0.381227 0
    outer loop
      vertex -1.75157 3.24891 4
      vertex -1.77124 3.20121 3.6
      vertex -1.77124 3.20121 4
    endloop
  endfacet
  facet normal -0.945116 0.326735 0
    outer loop
      vertex -1.75157 3.24891 3.6
      vertex -1.73453 3.2982 4
      vertex -1.73453 3.2982 3.6
    endloop
  endfacet
  facet normal -0.945116 0.326735 0
    outer loop
      vertex -1.73453 3.2982 4
      vertex -1.75157 3.24891 3.6
      vertex -1.75157 3.24891 4
    endloop
  endfacet
  facet normal -0.962107 0.272673 0
    outer loop
      vertex -1.73453 3.2982 3.6
      vertex -1.72011 3.34908 4
      vertex -1.72011 3.34908 3.6
    endloop
  endfacet
  facet normal -0.962107 0.272673 0
    outer loop
      vertex -1.72011 3.34908 4
      vertex -1.73453 3.2982 3.6
      vertex -1.73453 3.2982 4
    endloop
  endfacet
  facet normal -0.975611 0.219508 0
    outer loop
      vertex -1.72011 3.34908 3.6
      vertex -1.7083 3.40157 4
      vertex -1.7083 3.40157 3.6
    endloop
  endfacet
  facet normal -0.975611 0.219508 0
    outer loop
      vertex -1.7083 3.40157 4
      vertex -1.72011 3.34908 3.6
      vertex -1.72011 3.34908 4
    endloop
  endfacet
  facet normal -0.985937 0.167117 0
    outer loop
      vertex -1.7083 3.40157 3.6
      vertex -1.69913 3.45567 4
      vertex -1.69913 3.45567 3.6
    endloop
  endfacet
  facet normal -0.985937 0.167117 0
    outer loop
      vertex -1.69913 3.45567 4
      vertex -1.7083 3.40157 3.6
      vertex -1.7083 3.40157 4
    endloop
  endfacet
  facet normal -0.993131 0.117007 0
    outer loop
      vertex -1.69913 3.45567 3.6
      vertex -1.69257 3.51135 4
      vertex -1.69257 3.51135 3.6
    endloop
  endfacet
  facet normal -0.993131 0.117007 0
    outer loop
      vertex -1.69257 3.51135 4
      vertex -1.69913 3.45567 3.6
      vertex -1.69913 3.45567 4
    endloop
  endfacet
  facet normal -0.997643 0.0686228 0
    outer loop
      vertex -1.69257 3.51135 3.6
      vertex -1.68863 3.56863 4
      vertex -1.68863 3.56863 3.6
    endloop
  endfacet
  facet normal -0.997643 0.0686228 0
    outer loop
      vertex -1.68863 3.56863 4
      vertex -1.69257 3.51135 3.6
      vertex -1.69257 3.51135 4
    endloop
  endfacet
  facet normal -0.999752 0.0222545 0
    outer loop
      vertex -1.68863 3.56863 3.6
      vertex -1.68732 3.62748 4
      vertex -1.68732 3.62748 3.6
    endloop
  endfacet
  facet normal -0.999752 0.0222545 0
    outer loop
      vertex -1.68732 3.62748 4
      vertex -1.68863 3.56863 3.6
      vertex -1.68863 3.56863 4
    endloop
  endfacet
  facet normal -0.999484 -0.032107 0
    outer loop
      vertex -1.68732 3.62748 3.6
      vertex -1.69017 3.7162 4
      vertex -1.69017 3.7162 3.6
    endloop
  endfacet
  facet normal -0.999484 -0.032107 0
    outer loop
      vertex -1.69017 3.7162 4
      vertex -1.68732 3.62748 3.6
      vertex -1.68732 3.62748 4
    endloop
  endfacet
  facet normal -0.994956 -0.100309 0
    outer loop
      vertex -1.69017 3.7162 3.6
      vertex -1.69868 3.80061 4
      vertex -1.69868 3.80061 3.6
    endloop
  endfacet
  facet normal -0.994956 -0.100309 0
    outer loop
      vertex -1.69868 3.80061 4
      vertex -1.69017 3.7162 3.6
      vertex -1.69017 3.7162 4
    endloop
  endfacet
  facet normal -0.984622 -0.174697 0
    outer loop
      vertex -1.69868 3.80061 3.6
      vertex -1.71289 3.8807 4
      vertex -1.71289 3.8807 3.6
    endloop
  endfacet
  facet normal -0.984622 -0.174697 0
    outer loop
      vertex -1.71289 3.8807 4
      vertex -1.69868 3.80061 3.6
      vertex -1.69868 3.80061 4
    endloop
  endfacet
  facet normal -0.967269 -0.253752 0
    outer loop
      vertex -1.71289 3.8807 3.6
      vertex -1.73277 3.95648 4
      vertex -1.73277 3.95648 3.6
    endloop
  endfacet
  facet normal -0.967269 -0.253752 0
    outer loop
      vertex -1.73277 3.95648 4
      vertex -1.71289 3.8807 3.6
      vertex -1.71289 3.8807 4
    endloop
  endfacet
  facet normal -0.941512 -0.336979 0
    outer loop
      vertex -1.73277 3.95648 3.6
      vertex -1.75835 4.02795 4
      vertex -1.75835 4.02795 3.6
    endloop
  endfacet
  facet normal -0.941512 -0.336979 0
    outer loop
      vertex -1.75835 4.02795 4
      vertex -1.73277 3.95648 3.6
      vertex -1.73277 3.95648 4
    endloop
  endfacet
  facet normal -0.906782 -0.421599 0
    outer loop
      vertex -1.75835 4.02795 3.6
      vertex -1.78958 4.09512 4
      vertex -1.78958 4.09512 3.6
    endloop
  endfacet
  facet normal -0.906782 -0.421599 0
    outer loop
      vertex -1.78958 4.09512 4
      vertex -1.75835 4.02795 3.6
      vertex -1.75835 4.02795 4
    endloop
  endfacet
  facet normal -0.862118 -0.506708 0
    outer loop
      vertex -1.78958 4.09512 3.6
      vertex -1.82652 4.15797 4
      vertex -1.82652 4.15797 3.6
    endloop
  endfacet
  facet normal -0.862118 -0.506708 0
    outer loop
      vertex -1.82652 4.15797 4
      vertex -1.78958 4.09512 3.6
      vertex -1.78958 4.09512 4
    endloop
  endfacet
  facet normal -0.808551 -0.588426 0
    outer loop
      vertex -1.82652 4.15797 3.6
      vertex -1.86913 4.21652 4
      vertex -1.86913 4.21652 3.6
    endloop
  endfacet
  facet normal -0.808551 -0.588426 0
    outer loop
      vertex -1.86913 4.21652 4
      vertex -1.82652 4.15797 3.6
      vertex -1.82652 4.15797 4
    endloop
  endfacet
  facet normal -0.746824 -0.665022 0
    outer loop
      vertex -1.86913 4.21652 3.6
      vertex -1.91742 4.27075 4
      vertex -1.91742 4.27075 3.6
    endloop
  endfacet
  facet normal -0.746824 -0.665022 0
    outer loop
      vertex -1.91742 4.27075 4
      vertex -1.86913 4.21652 3.6
      vertex -1.86913 4.21652 4
    endloop
  endfacet
  facet normal -0.678 -0.735062 0
    outer loop
      vertex -1.97075 4.31994 3.6
      vertex -1.91742 4.27075 4
      vertex -1.97075 4.31994 4
    endloop
  endfacet
  facet normal -0.678 -0.735062 -0
    outer loop
      vertex -1.91742 4.27075 4
      vertex -1.97075 4.31994 3.6
      vertex -1.91742 4.27075 3.6
    endloop
  endfacet
  facet normal -0.600775 -0.799418 0
    outer loop
      vertex -2.0285 4.36334 3.6
      vertex -1.97075 4.31994 4
      vertex -2.0285 4.36334 4
    endloop
  endfacet
  facet normal -0.600775 -0.799418 -0
    outer loop
      vertex -1.97075 4.31994 4
      vertex -2.0285 4.36334 3.6
      vertex -1.97075 4.31994 3.6
    endloop
  endfacet
  facet normal -0.517609 -0.855617 0
    outer loop
      vertex -2.09067 4.40095 3.6
      vertex -2.0285 4.36334 4
      vertex -2.09067 4.40095 4
    endloop
  endfacet
  facet normal -0.517609 -0.855617 -0
    outer loop
      vertex -2.0285 4.36334 4
      vertex -2.09067 4.40095 3.6
      vertex -2.0285 4.36334 3.6
    endloop
  endfacet
  facet normal -0.431264 -0.902226 0
    outer loop
      vertex -2.15726 4.43278 3.6
      vertex -2.09067 4.40095 4
      vertex -2.15726 4.43278 4
    endloop
  endfacet
  facet normal -0.431264 -0.902226 -0
    outer loop
      vertex -2.09067 4.40095 4
      vertex -2.15726 4.43278 3.6
      vertex -2.09067 4.40095 3.6
    endloop
  endfacet
  facet normal -0.344449 -0.938805 0
    outer loop
      vertex -2.22826 4.45883 3.6
      vertex -2.15726 4.43278 4
      vertex -2.22826 4.45883 4
    endloop
  endfacet
  facet normal -0.344449 -0.938805 -0
    outer loop
      vertex -2.15726 4.43278 4
      vertex -2.22826 4.45883 3.6
      vertex -2.15726 4.43278 3.6
    endloop
  endfacet
  facet normal -0.259225 -0.965817 0
    outer loop
      vertex -2.30367 4.47907 3.6
      vertex -2.22826 4.45883 4
      vertex -2.30367 4.47907 4
    endloop
  endfacet
  facet normal -0.259225 -0.965817 -0
    outer loop
      vertex -2.22826 4.45883 4
      vertex -2.30367 4.47907 3.6
      vertex -2.22826 4.45883 3.6
    endloop
  endfacet
  facet normal -0.178354 -0.983966 0
    outer loop
      vertex -2.3835 4.49354 3.6
      vertex -2.30367 4.47907 4
      vertex -2.3835 4.49354 4
    endloop
  endfacet
  facet normal -0.178354 -0.983966 -0
    outer loop
      vertex -2.30367 4.47907 4
      vertex -2.3835 4.49354 3.6
      vertex -2.30367 4.47907 3.6
    endloop
  endfacet
  facet normal -0.102496 -0.994733 0
    outer loop
      vertex -2.46774 4.50222 3.6
      vertex -2.3835 4.49354 4
      vertex -2.46774 4.50222 4
    endloop
  endfacet
  facet normal -0.102496 -0.994733 -0
    outer loop
      vertex -2.3835 4.49354 4
      vertex -2.46774 4.50222 3.6
      vertex -2.3835 4.49354 3.6
    endloop
  endfacet
  facet normal -0.0326917 -0.999465 0
    outer loop
      vertex -2.5564 4.50512 3.6
      vertex -2.46774 4.50222 4
      vertex -2.5564 4.50512 4
    endloop
  endfacet
  facet normal -0.0326917 -0.999465 -0
    outer loop
      vertex -2.46774 4.50222 4
      vertex -2.5564 4.50512 3.6
      vertex -2.46774 4.50222 3.6
    endloop
  endfacet
  facet normal 0.0323576 -0.999476 0
    outer loop
      vertex -2.64505 4.50225 3.6
      vertex -2.5564 4.50512 4
      vertex -2.64505 4.50225 4
    endloop
  endfacet
  facet normal 0.0323576 -0.999476 0
    outer loop
      vertex -2.5564 4.50512 4
      vertex -2.64505 4.50225 3.6
      vertex -2.5564 4.50512 3.6
    endloop
  endfacet
  facet normal 0.101456 -0.99484 0
    outer loop
      vertex -2.72928 4.49366 3.6
      vertex -2.64505 4.50225 4
      vertex -2.72928 4.49366 4
    endloop
  endfacet
  facet normal 0.101456 -0.99484 0
    outer loop
      vertex -2.64505 4.50225 4
      vertex -2.72928 4.49366 3.6
      vertex -2.64505 4.50225 3.6
    endloop
  endfacet
  facet normal 0.176529 -0.984295 0
    outer loop
      vertex -2.80907 4.47935 3.6
      vertex -2.72928 4.49366 4
      vertex -2.80907 4.47935 4
    endloop
  endfacet
  facet normal 0.176529 -0.984295 0
    outer loop
      vertex -2.72928 4.49366 4
      vertex -2.80907 4.47935 3.6
      vertex -2.72928 4.49366 3.6
    endloop
  endfacet
  facet normal 0.257112 -0.966382 0
    outer loop
      vertex -2.88443 4.4593 3.6
      vertex -2.80907 4.47935 4
      vertex -2.88443 4.4593 4
    endloop
  endfacet
  facet normal 0.257112 -0.966382 0
    outer loop
      vertex -2.80907 4.47935 4
      vertex -2.88443 4.4593 3.6
      vertex -2.80907 4.47935 3.6
    endloop
  endfacet
  facet normal 0.341435 -0.939906 0
    outer loop
      vertex -2.95537 4.43353 3.6
      vertex -2.88443 4.4593 4
      vertex -2.95537 4.43353 4
    endloop
  endfacet
  facet normal 0.341435 -0.939906 0
    outer loop
      vertex -2.88443 4.4593 4
      vertex -2.95537 4.43353 3.6
      vertex -2.88443 4.4593 3.6
    endloop
  endfacet
  facet normal 0.428086 -0.903738 0
    outer loop
      vertex -3.02187 4.40203 3.6
      vertex -2.95537 4.43353 4
      vertex -3.02187 4.40203 4
    endloop
  endfacet
  facet normal 0.428086 -0.903738 0
    outer loop
      vertex -2.95537 4.43353 4
      vertex -3.02187 4.40203 3.6
      vertex -2.95537 4.43353 3.6
    endloop
  endfacet
  facet normal 0.514171 -0.857688 0
    outer loop
      vertex -3.08394 4.36482 3.6
      vertex -3.02187 4.40203 4
      vertex -3.08394 4.36482 4
    endloop
  endfacet
  facet normal 0.514171 -0.857688 0
    outer loop
      vertex -3.02187 4.40203 4
      vertex -3.08394 4.36482 3.6
      vertex -3.02187 4.40203 3.6
    endloop
  endfacet
  facet normal 0.59766 -0.801749 0
    outer loop
      vertex -3.14157 4.32186 3.6
      vertex -3.08394 4.36482 4
      vertex -3.14157 4.32186 4
    endloop
  endfacet
  facet normal 0.59766 -0.801749 0
    outer loop
      vertex -3.08394 4.36482 4
      vertex -3.14157 4.32186 3.6
      vertex -3.08394 4.36482 3.6
    endloop
  endfacet
  facet normal 0.674858 -0.737948 0
    outer loop
      vertex -3.19479 4.27319 3.6
      vertex -3.14157 4.32186 4
      vertex -3.19479 4.27319 4
    endloop
  endfacet
  facet normal 0.674858 -0.737948 0
    outer loop
      vertex -3.14157 4.32186 4
      vertex -3.19479 4.27319 3.6
      vertex -3.14157 4.32186 3.6
    endloop
  endfacet
  facet normal 0.74502 -0.667042 0
    outer loop
      vertex -3.24295 4.2194 4
      vertex -3.19479 4.27319 3.6
      vertex -3.19479 4.27319 4
    endloop
  endfacet
  facet normal 0.74502 -0.667042 0
    outer loop
      vertex -3.19479 4.27319 3.6
      vertex -3.24295 4.2194 4
      vertex -3.24295 4.2194 3.6
    endloop
  endfacet
  facet normal 0.807932 -0.589276 0
    outer loop
      vertex -3.28545 4.16113 4
      vertex -3.24295 4.2194 3.6
      vertex -3.24295 4.2194 4
    endloop
  endfacet
  facet normal 0.807932 -0.589276 0
    outer loop
      vertex -3.24295 4.2194 3.6
      vertex -3.28545 4.16113 4
      vertex -3.28545 4.16113 3.6
    endloop
  endfacet
  facet normal 0.86246 -0.506125 0
    outer loop
      vertex -3.32228 4.09837 4
      vertex -3.28545 4.16113 3.6
      vertex -3.28545 4.16113 4
    endloop
  endfacet
  facet normal 0.86246 -0.506125 0
    outer loop
      vertex -3.28545 4.16113 3.6
      vertex -3.32228 4.09837 4
      vertex -3.32228 4.09837 3.6
    endloop
  endfacet
  facet normal 0.907358 -0.420358 0
    outer loop
      vertex -3.35344 4.03111 4
      vertex -3.32228 4.09837 3.6
      vertex -3.32228 4.09837 4
    endloop
  endfacet
  facet normal 0.907358 -0.420358 0
    outer loop
      vertex -3.32228 4.09837 3.6
      vertex -3.35344 4.03111 4
      vertex -3.35344 4.03111 3.6
    endloop
  endfacet
  facet normal 0.942246 -0.334922 0
    outer loop
      vertex -3.37894 3.95937 4
      vertex -3.35344 4.03111 3.6
      vertex -3.35344 4.03111 4
    endloop
  endfacet
  facet normal 0.942246 -0.334922 0
    outer loop
      vertex -3.35344 4.03111 3.6
      vertex -3.37894 3.95937 4
      vertex -3.37894 3.95937 3.6
    endloop
  endfacet
  facet normal 0.967791 -0.251755 0
    outer loop
      vertex -3.39877 3.88314 4
      vertex -3.37894 3.95937 3.6
      vertex -3.37894 3.95937 4
    endloop
  endfacet
  facet normal 0.967791 -0.251755 0
    outer loop
      vertex -3.37894 3.95937 3.6
      vertex -3.39877 3.88314 4
      vertex -3.39877 3.88314 3.6
    endloop
  endfacet
  facet normal 0.984964 -0.172762 0
    outer loop
      vertex -3.41293 3.80241 4
      vertex -3.39877 3.88314 3.6
      vertex -3.39877 3.88314 4
    endloop
  endfacet
  facet normal 0.984964 -0.172762 0
    outer loop
      vertex -3.39877 3.88314 3.6
      vertex -3.41293 3.80241 4
      vertex -3.41293 3.80241 3.6
    endloop
  endfacet
  facet normal 0.995063 -0.0992494 0
    outer loop
      vertex -3.42143 3.71719 4
      vertex -3.41293 3.80241 3.6
      vertex -3.41293 3.80241 4
    endloop
  endfacet
  facet normal 0.995063 -0.0992494 0
    outer loop
      vertex -3.41293 3.80241 3.6
      vertex -3.42143 3.71719 4
      vertex -3.42143 3.71719 3.6
    endloop
  endfacet
  facet normal 0.999499 -0.0316417 0
    outer loop
      vertex -3.42427 3.62748 4
      vertex -3.42143 3.71719 3.6
      vertex -3.42143 3.71719 4
    endloop
  endfacet
  facet normal 0.999499 -0.0316417 0
    outer loop
      vertex -3.42143 3.71719 3.6
      vertex -3.42427 3.62748 4
      vertex -3.42427 3.62748 3.6
    endloop
  endfacet
  facet normal 0.999503 0.0315294 0
    outer loop
      vertex -3.42143 3.53745 4
      vertex -3.42427 3.62748 3.6
      vertex -3.42427 3.62748 4
    endloop
  endfacet
  facet normal 0.999503 0.0315294 0
    outer loop
      vertex -3.42427 3.62748 3.6
      vertex -3.42143 3.53745 4
      vertex -3.42143 3.53745 3.6
    endloop
  endfacet
  facet normal 0.995082 0.0990553 0
    outer loop
      vertex -3.4129 3.45176 4
      vertex -3.42143 3.53745 3.6
      vertex -3.42143 3.53745 4
    endloop
  endfacet
  facet normal 0.995082 0.0990553 0
    outer loop
      vertex -3.42143 3.53745 3.6
      vertex -3.4129 3.45176 4
      vertex -3.4129 3.45176 3.6
    endloop
  endfacet
  facet normal 0.985101 0.171975 0
    outer loop
      vertex -3.3987 3.37042 4
      vertex -3.4129 3.45176 3.6
      vertex -3.4129 3.45176 4
    endloop
  endfacet
  facet normal 0.985101 0.171975 0
    outer loop
      vertex -3.4129 3.45176 3.6
      vertex -3.3987 3.37042 4
      vertex -3.3987 3.37042 3.6
    endloop
  endfacet
  facet normal 0.968204 0.250163 0
    outer loop
      vertex -3.37881 3.29344 4
      vertex -3.3987 3.37042 3.6
      vertex -3.3987 3.37042 4
    endloop
  endfacet
  facet normal 0.968204 0.250163 0
    outer loop
      vertex -3.3987 3.37042 3.6
      vertex -3.37881 3.29344 4
      vertex -3.37881 3.29344 3.6
    endloop
  endfacet
  facet normal 0.943347 0.331808 0
    outer loop
      vertex -3.35326 3.2208 4
      vertex -3.37881 3.29344 3.6
      vertex -3.37881 3.29344 4
    endloop
  endfacet
  facet normal 0.943347 0.331808 0
    outer loop
      vertex -3.37881 3.29344 3.6
      vertex -3.35326 3.2208 4
      vertex -3.35326 3.2208 3.6
    endloop
  endfacet
  facet normal 0.909246 0.41626 0
    outer loop
      vertex -3.32201 3.15254 4
      vertex -3.35326 3.2208 3.6
      vertex -3.35326 3.2208 4
    endloop
  endfacet
  facet normal 0.909246 0.41626 0
    outer loop
      vertex -3.35326 3.2208 3.6
      vertex -3.32201 3.15254 4
      vertex -3.32201 3.15254 3.6
    endloop
  endfacet
  facet normal 0.865874 0.500262 0
    outer loop
      vertex -3.28508 3.08862 4
      vertex -3.32201 3.15254 3.6
      vertex -3.32201 3.15254 4
    endloop
  endfacet
  facet normal 0.865874 0.500262 0
    outer loop
      vertex -3.32201 3.15254 3.6
      vertex -3.28508 3.08862 4
      vertex -3.28508 3.08862 3.6
    endloop
  endfacet
  facet normal 0.813235 0.581935 0
    outer loop
      vertex -3.24246 3.02906 4
      vertex -3.28508 3.08862 3.6
      vertex -3.28508 3.08862 4
    endloop
  endfacet
  facet normal 0.813235 0.581935 0
    outer loop
      vertex -3.28508 3.08862 3.6
      vertex -3.24246 3.02906 4
      vertex -3.24246 3.02906 3.6
    endloop
  endfacet
  facet normal 0.752644 0.658427 0
    outer loop
      vertex -3.19417 2.97386 4
      vertex -3.24246 3.02906 3.6
      vertex -3.24246 3.02906 4
    endloop
  endfacet
  facet normal 0.752644 0.658427 0
    outer loop
      vertex -3.24246 3.02906 3.6
      vertex -3.19417 2.97386 4
      vertex -3.19417 2.97386 3.6
    endloop
  endfacet
  facet normal 0.684819 0.728714 -0
    outer loop
      vertex -3.14088 2.92378 3.6
      vertex -3.19417 2.97386 4
      vertex -3.14088 2.92378 4
    endloop
  endfacet
  facet normal 0.684819 0.728714 0
    outer loop
      vertex -3.19417 2.97386 4
      vertex -3.14088 2.92378 3.6
      vertex -3.19417 2.97386 3.6
    endloop
  endfacet
  facet normal 0.608799 0.793325 -0
    outer loop
      vertex -3.08327 2.87957 3.6
      vertex -3.14088 2.92378 4
      vertex -3.08327 2.87957 4
    endloop
  endfacet
  facet normal 0.608799 0.793325 0
    outer loop
      vertex -3.14088 2.92378 4
      vertex -3.08327 2.87957 3.6
      vertex -3.14088 2.92378 3.6
    endloop
  endfacet
  facet normal 0.52566 0.850695 -0
    outer loop
      vertex -3.02132 2.84129 3.6
      vertex -3.08327 2.87957 4
      vertex -3.02132 2.84129 4
    endloop
  endfacet
  facet normal 0.52566 0.850695 0
    outer loop
      vertex -3.08327 2.87957 4
      vertex -3.02132 2.84129 3.6
      vertex -3.08327 2.87957 3.6
    endloop
  endfacet
  facet normal 0.439334 0.898324 -0
    outer loop
      vertex -2.95505 2.80888 3.6
      vertex -3.02132 2.84129 4
      vertex -2.95505 2.80888 4
    endloop
  endfacet
  facet normal 0.439334 0.898324 0
    outer loop
      vertex -3.02132 2.84129 4
      vertex -2.95505 2.80888 3.6
      vertex -3.02132 2.84129 3.6
    endloop
  endfacet
  facet normal 0.35169 0.936116 -0
    outer loop
      vertex -2.88446 2.78236 3.6
      vertex -2.95505 2.80888 4
      vertex -2.88446 2.78236 4
    endloop
  endfacet
  facet normal 0.35169 0.936116 0
    outer loop
      vertex -2.95505 2.80888 4
      vertex -2.88446 2.78236 3.6
      vertex -2.95505 2.80888 3.6
    endloop
  endfacet
  facet normal 0.26536 0.964149 -0
    outer loop
      vertex -2.80954 2.76174 3.6
      vertex -2.88446 2.78236 4
      vertex -2.80954 2.76174 4
    endloop
  endfacet
  facet normal 0.26536 0.964149 0
    outer loop
      vertex -2.88446 2.78236 4
      vertex -2.80954 2.76174 3.6
      vertex -2.88446 2.78236 3.6
    endloop
  endfacet
  facet normal 0.18288 0.983135 -0
    outer loop
      vertex -2.7303 2.747 3.6
      vertex -2.80954 2.76174 4
      vertex -2.7303 2.747 4
    endloop
  endfacet
  facet normal 0.18288 0.983135 0
    outer loop
      vertex -2.80954 2.76174 4
      vertex -2.7303 2.747 3.6
      vertex -2.80954 2.76174 3.6
    endloop
  endfacet
  facet normal 0.105087 0.994463 -0
    outer loop
      vertex -2.64674 2.73817 3.6
      vertex -2.7303 2.747 4
      vertex -2.64674 2.73817 4
    endloop
  endfacet
  facet normal 0.105087 0.994463 0
    outer loop
      vertex -2.7303 2.747 4
      vertex -2.64674 2.73817 3.6
      vertex -2.7303 2.747 3.6
    endloop
  endfacet
  facet normal 0.0335458 0.999437 -0
    outer loop
      vertex -2.55885 2.73522 3.6
      vertex -2.64674 2.73817 4
      vertex -2.55885 2.73522 4
    endloop
  endfacet
  facet normal 0.0335458 0.999437 0
    outer loop
      vertex -2.64674 2.73817 4
      vertex -2.55885 2.73522 3.6
      vertex -2.64674 2.73817 3.6
    endloop
  endfacet
  facet normal -0.0230122 0.999735 0
    outer loop
      vertex -2.50107 2.73655 3.6
      vertex -2.55885 2.73522 4
      vertex -2.50107 2.73655 4
    endloop
  endfacet
  facet normal -0.0230122 0.999735 0
    outer loop
      vertex -2.55885 2.73522 4
      vertex -2.50107 2.73655 3.6
      vertex -2.55885 2.73522 3.6
    endloop
  endfacet
  facet normal -0.124415 -0.99223 0
    outer loop
      vertex -2.65761 3.02645 3.6
      vertex -2.60944 3.02041 4
      vertex -2.65761 3.02645 4
    endloop
  endfacet
  facet normal -0.124415 -0.99223 -0
    outer loop
      vertex -2.60944 3.02041 4
      vertex -2.65761 3.02645 3.6
      vertex -2.60944 3.02041 3.6
    endloop
  endfacet
  facet normal -0.214805 -0.976657 0
    outer loop
      vertex -2.70335 3.03651 3.6
      vertex -2.65761 3.02645 4
      vertex -2.70335 3.03651 4
    endloop
  endfacet
  facet normal -0.214805 -0.976657 -0
    outer loop
      vertex -2.65761 3.02645 4
      vertex -2.70335 3.03651 3.6
      vertex -2.65761 3.02645 3.6
    endloop
  endfacet
  facet normal -0.309106 -0.951028 0
    outer loop
      vertex -2.74667 3.05059 3.6
      vertex -2.70335 3.03651 4
      vertex -2.74667 3.05059 4
    endloop
  endfacet
  facet normal -0.309106 -0.951028 -0
    outer loop
      vertex -2.70335 3.03651 4
      vertex -2.74667 3.05059 3.6
      vertex -2.70335 3.03651 3.6
    endloop
  endfacet
  facet normal -0.404851 -0.914383 0
    outer loop
      vertex -2.78755 3.06869 3.6
      vertex -2.74667 3.05059 4
      vertex -2.78755 3.06869 4
    endloop
  endfacet
  facet normal -0.404851 -0.914383 -0
    outer loop
      vertex -2.74667 3.05059 4
      vertex -2.78755 3.06869 3.6
      vertex -2.74667 3.05059 3.6
    endloop
  endfacet
  facet normal -0.498805 -0.866714 0
    outer loop
      vertex -2.82602 3.09083 3.6
      vertex -2.78755 3.06869 4
      vertex -2.82602 3.09083 4
    endloop
  endfacet
  facet normal -0.498805 -0.866714 -0
    outer loop
      vertex -2.78755 3.06869 4
      vertex -2.82602 3.09083 3.6
      vertex -2.78755 3.06869 3.6
    endloop
  endfacet
  facet normal -0.587277 -0.809386 0
    outer loop
      vertex -2.86206 3.11698 3.6
      vertex -2.82602 3.09083 4
      vertex -2.86206 3.11698 4
    endloop
  endfacet
  facet normal -0.587277 -0.809386 -0
    outer loop
      vertex -2.82602 3.09083 4
      vertex -2.86206 3.11698 3.6
      vertex -2.82602 3.09083 3.6
    endloop
  endfacet
  facet normal -0.667888 -0.744262 0
    outer loop
      vertex -2.89568 3.14715 3.6
      vertex -2.86206 3.11698 4
      vertex -2.89568 3.14715 4
    endloop
  endfacet
  facet normal -0.667888 -0.744262 -0
    outer loop
      vertex -2.86206 3.11698 4
      vertex -2.89568 3.14715 3.6
      vertex -2.86206 3.11698 3.6
    endloop
  endfacet
  facet normal -0.739079 -0.673619 0
    outer loop
      vertex -2.89568 3.14715 3.6
      vertex -2.92686 3.18136 4
      vertex -2.92686 3.18136 3.6
    endloop
  endfacet
  facet normal -0.739079 -0.673619 0
    outer loop
      vertex -2.92686 3.18136 4
      vertex -2.89568 3.14715 3.6
      vertex -2.89568 3.14715 4
    endloop
  endfacet
  facet normal -0.799567 -0.600577 0
    outer loop
      vertex -2.92686 3.18136 3.6
      vertex -2.95517 3.21905 4
      vertex -2.95517 3.21905 3.6
    endloop
  endfacet
  facet normal -0.799567 -0.600577 0
    outer loop
      vertex -2.95517 3.21905 4
      vertex -2.92686 3.18136 3.6
      vertex -2.92686 3.18136 4
    endloop
  endfacet
  facet normal -0.852234 -0.523162 0
    outer loop
      vertex -2.95517 3.21905 3.6
      vertex -2.98013 3.25971 4
      vertex -2.98013 3.25971 3.6
    endloop
  endfacet
  facet normal -0.852234 -0.523162 0
    outer loop
      vertex -2.98013 3.25971 4
      vertex -2.95517 3.21905 3.6
      vertex -2.95517 3.21905 4
    endloop
  endfacet
  facet normal -0.895737 -0.444584 0
    outer loop
      vertex -2.98013 3.25971 3.6
      vertex -3.00179 3.30335 4
      vertex -3.00179 3.30335 3.6
    endloop
  endfacet
  facet normal -0.895737 -0.444584 0
    outer loop
      vertex -3.00179 3.30335 4
      vertex -2.98013 3.25971 3.6
      vertex -2.98013 3.25971 4
    endloop
  endfacet
  facet normal -0.930732 -0.365702 0
    outer loop
      vertex -3.00179 3.30335 3.6
      vertex -3.0201 3.34995 4
      vertex -3.0201 3.34995 3.6
    endloop
  endfacet
  facet normal -0.930732 -0.365702 0
    outer loop
      vertex -3.0201 3.34995 4
      vertex -3.00179 3.30335 3.6
      vertex -3.00179 3.30335 4
    endloop
  endfacet
  facet normal -0.957154 -0.289579 0
    outer loop
      vertex -3.0201 3.34995 3.6
      vertex -3.0351 3.39953 4
      vertex -3.0351 3.39953 3.6
    endloop
  endfacet
  facet normal -0.957154 -0.289579 0
    outer loop
      vertex -3.0351 3.39953 4
      vertex -3.0201 3.34995 3.6
      vertex -3.0201 3.34995 4
    endloop
  endfacet
  facet normal -0.976327 -0.216301 0
    outer loop
      vertex -3.0351 3.39953 3.6
      vertex -3.04674 3.45207 4
      vertex -3.04674 3.45207 3.6
    endloop
  endfacet
  facet normal -0.976327 -0.216301 0
    outer loop
      vertex -3.04674 3.45207 4
      vertex -3.0351 3.39953 3.6
      vertex -3.0351 3.39953 4
    endloop
  endfacet
  facet normal -0.988927 -0.148401 0
    outer loop
      vertex -3.04674 3.45207 3.6
      vertex -3.05507 3.50758 4
      vertex -3.05507 3.50758 3.6
    endloop
  endfacet
  facet normal -0.988927 -0.148401 0
    outer loop
      vertex -3.05507 3.50758 4
      vertex -3.04674 3.45207 3.6
      vertex -3.04674 3.45207 4
    endloop
  endfacet
  facet normal -0.996378 -0.0850338 0
    outer loop
      vertex -3.05507 3.50758 3.6
      vertex -3.06006 3.56605 4
      vertex -3.06006 3.56605 3.6
    endloop
  endfacet
  facet normal -0.996378 -0.0850338 0
    outer loop
      vertex -3.06006 3.56605 4
      vertex -3.05507 3.50758 3.6
      vertex -3.05507 3.50758 4
    endloop
  endfacet
  facet normal -0.999626 -0.027338 0
    outer loop
      vertex -3.06006 3.56605 3.6
      vertex -3.06174 3.62748 4
      vertex -3.06174 3.62748 3.6
    endloop
  endfacet
  facet normal -0.999626 -0.027338 0
    outer loop
      vertex -3.06174 3.62748 4
      vertex -3.06006 3.56605 3.6
      vertex -3.06006 3.56605 4
    endloop
  endfacet
  facet normal -0.999637 0.0269329 0
    outer loop
      vertex -3.06174 3.62748 3.6
      vertex -3.0601 3.68835 4
      vertex -3.0601 3.68835 3.6
    endloop
  endfacet
  facet normal -0.999637 0.0269329 0
    outer loop
      vertex -3.0601 3.68835 4
      vertex -3.06174 3.62748 3.6
      vertex -3.06174 3.62748 4
    endloop
  endfacet
  facet normal -0.996455 0.0841297 0
    outer loop
      vertex -3.0601 3.68835 3.6
      vertex -3.05522 3.74615 4
      vertex -3.05522 3.74615 3.6
    endloop
  endfacet
  facet normal -0.996455 0.0841297 0
    outer loop
      vertex -3.05522 3.74615 4
      vertex -3.0601 3.68835 3.6
      vertex -3.0601 3.68835 4
    endloop
  endfacet
  facet normal -0.989146 0.146935 0
    outer loop
      vertex -3.05522 3.74615 3.6
      vertex -3.04709 3.80088 4
      vertex -3.04709 3.80088 3.6
    endloop
  endfacet
  facet normal -0.989146 0.146935 0
    outer loop
      vertex -3.04709 3.80088 4
      vertex -3.05522 3.74615 3.6
      vertex -3.05522 3.74615 4
    endloop
  endfacet
  facet normal -0.976524 0.21541 0
    outer loop
      vertex -3.04709 3.80088 3.6
      vertex -3.03569 3.85256 4
      vertex -3.03569 3.85256 3.6
    endloop
  endfacet
  facet normal -0.976524 0.21541 0
    outer loop
      vertex -3.03569 3.85256 4
      vertex -3.04709 3.80088 3.6
      vertex -3.04709 3.80088 4
    endloop
  endfacet
  facet normal -0.957479 0.288504 0
    outer loop
      vertex -3.03569 3.85256 3.6
      vertex -3.02104 3.90118 4
      vertex -3.02104 3.90118 3.6
    endloop
  endfacet
  facet normal -0.957479 0.288504 0
    outer loop
      vertex -3.02104 3.90118 4
      vertex -3.03569 3.85256 3.6
      vertex -3.03569 3.85256 4
    endloop
  endfacet
  facet normal -0.930742 0.365678 0
    outer loop
      vertex -3.02104 3.90118 3.6
      vertex -3.00314 3.94674 4
      vertex -3.00314 3.94674 3.6
    endloop
  endfacet
  facet normal -0.930742 0.365678 0
    outer loop
      vertex -3.00314 3.94674 4
      vertex -3.02104 3.90118 3.6
      vertex -3.02104 3.90118 4
    endloop
  endfacet
  facet normal -0.89531 0.445444 0
    outer loop
      vertex -3.00314 3.94674 3.6
      vertex -2.98199 3.98925 4
      vertex -2.98199 3.98925 3.6
    endloop
  endfacet
  facet normal -0.89531 0.445444 0
    outer loop
      vertex -2.98199 3.98925 4
      vertex -3.00314 3.94674 3.6
      vertex -3.00314 3.94674 4
    endloop
  endfacet
  facet normal -0.850256 0.526369 0
    outer loop
      vertex -2.98199 3.98925 3.6
      vertex -2.95758 4.02868 4
      vertex -2.95758 4.02868 3.6
    endloop
  endfacet
  facet normal -0.850256 0.526369 0
    outer loop
      vertex -2.95758 4.02868 4
      vertex -2.98199 3.98925 3.6
      vertex -2.98199 3.98925 4
    endloop
  endfacet
  facet normal -0.796124 0.605133 0
    outer loop
      vertex -2.95758 4.02868 3.6
      vertex -2.92992 4.06507 4
      vertex -2.92992 4.06507 3.6
    endloop
  endfacet
  facet normal -0.796124 0.605133 0
    outer loop
      vertex -2.92992 4.06507 4
      vertex -2.95758 4.02868 3.6
      vertex -2.95758 4.02868 4
    endloop
  endfacet
  facet normal -0.731779 0.681542 0
    outer loop
      vertex -2.92992 4.06507 3.6
      vertex -2.89926 4.09799 4
      vertex -2.89926 4.09799 3.6
    endloop
  endfacet
  facet normal -0.731779 0.681542 0
    outer loop
      vertex -2.89926 4.09799 4
      vertex -2.92992 4.06507 3.6
      vertex -2.92992 4.06507 4
    endloop
  endfacet
  facet normal -0.656822 0.754045 0
    outer loop
      vertex -2.86591 4.12704 3.6
      vertex -2.89926 4.09799 4
      vertex -2.86591 4.12704 4
    endloop
  endfacet
  facet normal -0.656822 0.754045 0
    outer loop
      vertex -2.89926 4.09799 4
      vertex -2.86591 4.12704 3.6
      vertex -2.89926 4.09799 3.6
    endloop
  endfacet
  facet normal -0.57189 0.82033 0
    outer loop
      vertex -2.82982 4.1522 3.6
      vertex -2.86591 4.12704 4
      vertex -2.82982 4.1522 4
    endloop
  endfacet
  facet normal -0.57189 0.82033 0
    outer loop
      vertex -2.86591 4.12704 4
      vertex -2.82982 4.1522 3.6
      vertex -2.86591 4.12704 3.6
    endloop
  endfacet
  facet normal -0.48132 0.876545 0
    outer loop
      vertex -2.79103 4.1735 3.6
      vertex -2.82982 4.1522 4
      vertex -2.79103 4.1735 4
    endloop
  endfacet
  facet normal -0.48132 0.876545 0
    outer loop
      vertex -2.82982 4.1522 4
      vertex -2.79103 4.1735 3.6
      vertex -2.82982 4.1522 3.6
    endloop
  endfacet
  facet normal -0.387421 0.921903 0
    outer loop
      vertex -2.74953 4.19094 3.6
      vertex -2.79103 4.1735 4
      vertex -2.74953 4.19094 4
    endloop
  endfacet
  facet normal -0.387421 0.921903 0
    outer loop
      vertex -2.79103 4.1735 4
      vertex -2.74953 4.19094 3.6
      vertex -2.79103 4.1735 3.6
    endloop
  endfacet
  facet normal -0.293037 0.956101 0
    outer loop
      vertex -2.70532 4.20449 3.6
      vertex -2.74953 4.19094 4
      vertex -2.70532 4.20449 4
    endloop
  endfacet
  facet normal -0.293037 0.956101 0
    outer loop
      vertex -2.74953 4.19094 4
      vertex -2.70532 4.20449 3.6
      vertex -2.74953 4.19094 3.6
    endloop
  endfacet
  facet normal -0.202012 0.979383 0
    outer loop
      vertex -2.65839 4.21417 3.6
      vertex -2.70532 4.20449 4
      vertex -2.65839 4.21417 4
    endloop
  endfacet
  facet normal -0.202012 0.979383 0
    outer loop
      vertex -2.70532 4.20449 4
      vertex -2.65839 4.21417 3.6
      vertex -2.70532 4.20449 3.6
    endloop
  endfacet
  facet normal -0.116249 0.99322 0
    outer loop
      vertex -2.60875 4.21998 3.6
      vertex -2.65839 4.21417 4
      vertex -2.60875 4.21998 4
    endloop
  endfacet
  facet normal -0.116249 0.99322 0
    outer loop
      vertex -2.65839 4.21417 4
      vertex -2.60875 4.21998 3.6
      vertex -2.65839 4.21417 3.6
    endloop
  endfacet
  facet normal -0.0370328 0.999314 0
    outer loop
      vertex -2.5564 4.22192 3.6
      vertex -2.60875 4.21998 4
      vertex -2.5564 4.22192 4
    endloop
  endfacet
  facet normal -0.0370328 0.999314 0
    outer loop
      vertex -2.60875 4.21998 4
      vertex -2.5564 4.22192 3.6
      vertex -2.60875 4.21998 3.6
    endloop
  endfacet
  facet normal 0.0379718 0.999279 -0
    outer loop
      vertex -2.50482 4.21996 3.6
      vertex -2.5564 4.22192 4
      vertex -2.50482 4.21996 4
    endloop
  endfacet
  facet normal 0.0379718 0.999279 0
    outer loop
      vertex -2.5564 4.22192 4
      vertex -2.50482 4.21996 3.6
      vertex -2.5564 4.22192 3.6
    endloop
  endfacet
  facet normal 0.118441 0.992961 -0
    outer loop
      vertex -2.45586 4.21412 3.6
      vertex -2.50482 4.21996 4
      vertex -2.45586 4.21412 4
    endloop
  endfacet
  facet normal 0.118441 0.992961 0
    outer loop
      vertex -2.50482 4.21996 4
      vertex -2.45586 4.21412 3.6
      vertex -2.50482 4.21996 3.6
    endloop
  endfacet
  facet normal 0.206298 0.978489 -0
    outer loop
      vertex -2.40952 4.20435 3.6
      vertex -2.45586 4.21412 4
      vertex -2.40952 4.20435 4
    endloop
  endfacet
  facet normal 0.206298 0.978489 0
    outer loop
      vertex -2.45586 4.21412 4
      vertex -2.40952 4.20435 3.6
      vertex -2.45586 4.21412 3.6
    endloop
  endfacet
  facet normal 0.298026 0.954558 -0
    outer loop
      vertex -2.3658 4.1907 3.6
      vertex -2.40952 4.20435 4
      vertex -2.3658 4.1907 4
    endloop
  endfacet
  facet normal 0.298026 0.954558 0
    outer loop
      vertex -2.40952 4.20435 4
      vertex -2.3658 4.1907 3.6
      vertex -2.40952 4.20435 3.6
    endloop
  endfacet
  facet normal 0.393163 0.919469 -0
    outer loop
      vertex -2.32471 4.17313 3.6
      vertex -2.3658 4.1907 4
      vertex -2.32471 4.17313 4
    endloop
  endfacet
  facet normal 0.393163 0.919469 0
    outer loop
      vertex -2.3658 4.1907 4
      vertex -2.32471 4.17313 3.6
      vertex -2.3658 4.1907 3.6
    endloop
  endfacet
  facet normal 0.487165 0.87331 -0
    outer loop
      vertex -2.28624 4.15167 3.6
      vertex -2.32471 4.17313 4
      vertex -2.28624 4.15167 4
    endloop
  endfacet
  facet normal 0.487165 0.87331 0
    outer loop
      vertex -2.32471 4.17313 4
      vertex -2.28624 4.15167 3.6
      vertex -2.32471 4.17313 3.6
    endloop
  endfacet
  facet normal 0.577702 0.816248 -0
    outer loop
      vertex -2.25038 4.12629 3.6
      vertex -2.28624 4.15167 4
      vertex -2.25038 4.12629 4
    endloop
  endfacet
  facet normal 0.577702 0.816248 0
    outer loop
      vertex -2.28624 4.15167 4
      vertex -2.25038 4.12629 3.6
      vertex -2.28624 4.15167 3.6
    endloop
  endfacet
  facet normal 0.661091 0.750306 -0
    outer loop
      vertex -2.21716 4.09702 3.6
      vertex -2.25038 4.12629 4
      vertex -2.21716 4.09702 4
    endloop
  endfacet
  facet normal 0.661091 0.750306 0
    outer loop
      vertex -2.25038 4.12629 4
      vertex -2.21716 4.09702 3.6
      vertex -2.25038 4.12629 3.6
    endloop
  endfacet
  facet normal 0.734999 0.678068 0
    outer loop
      vertex -2.18655 4.06384 4
      vertex -2.21716 4.09702 3.6
      vertex -2.21716 4.09702 4
    endloop
  endfacet
  facet normal 0.734999 0.678068 0
    outer loop
      vertex -2.21716 4.09702 3.6
      vertex -2.18655 4.06384 4
      vertex -2.18655 4.06384 3.6
    endloop
  endfacet
  facet normal 0.797877 0.602821 0
    outer loop
      vertex -2.15889 4.02723 4
      vertex -2.18655 4.06384 3.6
      vertex -2.18655 4.06384 4
    endloop
  endfacet
  facet normal 0.797877 0.602821 0
    outer loop
      vertex -2.18655 4.06384 3.6
      vertex -2.15889 4.02723 4
      vertex -2.15889 4.02723 3.6
    endloop
  endfacet
  facet normal 0.851089 0.525021 0
    outer loop
      vertex -2.13448 3.98766 4
      vertex -2.15889 4.02723 3.6
      vertex -2.15889 4.02723 4
    endloop
  endfacet
  facet normal 0.851089 0.525021 0
    outer loop
      vertex -2.15889 4.02723 3.6
      vertex -2.13448 3.98766 4
      vertex -2.13448 3.98766 3.6
    endloop
  endfacet
  facet normal 0.895309 0.445445 0
    outer loop
      vertex -2.11331 3.94511 4
      vertex -2.13448 3.98766 3.6
      vertex -2.13448 3.98766 4
    endloop
  endfacet
  facet normal 0.895309 0.445445 0
    outer loop
      vertex -2.13448 3.98766 3.6
      vertex -2.11331 3.94511 4
      vertex -2.11331 3.94511 3.6
    endloop
  endfacet
  facet normal 0.930632 0.365956 0
    outer loop
      vertex -2.09541 3.89959 4
      vertex -2.11331 3.94511 3.6
      vertex -2.11331 3.94511 4
    endloop
  endfacet
  facet normal 0.930632 0.365956 0
    outer loop
      vertex -2.11331 3.94511 3.6
      vertex -2.09541 3.89959 4
      vertex -2.09541 3.89959 3.6
    endloop
  endfacet
  facet normal 0.957248 0.289267 0
    outer loop
      vertex -2.08076 3.85111 4
      vertex -2.09541 3.89959 3.6
      vertex -2.09541 3.89959 4
    endloop
  endfacet
  facet normal 0.957248 0.289267 0
    outer loop
      vertex -2.09541 3.89959 3.6
      vertex -2.08076 3.85111 4
      vertex -2.08076 3.85111 3.6
    endloop
  endfacet
  facet normal 0.976361 0.216147 0
    outer loop
      vertex -2.06937 3.79966 4
      vertex -2.08076 3.85111 3.6
      vertex -2.08076 3.85111 4
    endloop
  endfacet
  facet normal 0.976361 0.216147 0
    outer loop
      vertex -2.08076 3.85111 3.6
      vertex -2.06937 3.79966 4
      vertex -2.06937 3.79966 3.6
    endloop
  endfacet
  facet normal 0.989002 0.147905 0
    outer loop
      vertex -2.06123 3.74523 4
      vertex -2.06937 3.79966 3.6
      vertex -2.06937 3.79966 4
    endloop
  endfacet
  facet normal 0.989002 0.147905 0
    outer loop
      vertex -2.06937 3.79966 3.6
      vertex -2.06123 3.74523 4
      vertex -2.06123 3.74523 3.6
    endloop
  endfacet
  facet normal 0.996404 0.0847265 0
    outer loop
      vertex -2.05635 3.68784 4
      vertex -2.06123 3.74523 3.6
      vertex -2.06123 3.74523 4
    endloop
  endfacet
  facet normal 0.996404 0.0847265 0
    outer loop
      vertex -2.06123 3.74523 3.6
      vertex -2.05635 3.68784 4
      vertex -2.05635 3.68784 3.6
    endloop
  endfacet
  facet normal 0.999636 0.0269948 0
    outer loop
      vertex -2.05472 3.62748 4
      vertex -2.05635 3.68784 3.6
      vertex -2.05635 3.68784 4
    endloop
  endfacet
  facet normal 0.999636 0.0269948 0
    outer loop
      vertex -2.05635 3.68784 3.6
      vertex -2.05472 3.62748 4
      vertex -2.05472 3.62748 3.6
    endloop
  endfacet
  facet normal 0.999671 -0.0256367 0
    outer loop
      vertex -2.05634 3.56431 4
      vertex -2.05472 3.62748 3.6
      vertex -2.05472 3.62748 4
    endloop
  endfacet
  facet normal 0.999671 -0.0256367 0
    outer loop
      vertex -2.05472 3.62748 3.6
      vertex -2.05634 3.56431 4
      vertex -2.05634 3.56431 3.6
    endloop
  endfacet
  facet normal 0.996724 -0.0808829 0
    outer loop
      vertex -2.0612 3.50442 4
      vertex -2.05634 3.56431 3.6
      vertex -2.05634 3.56431 4
    endloop
  endfacet
  facet normal 0.996724 -0.0808829 0
    outer loop
      vertex -2.05634 3.56431 3.6
      vertex -2.0612 3.50442 4
      vertex -2.0612 3.50442 3.6
    endloop
  endfacet
  facet normal 0.9899 -0.141764 0
    outer loop
      vertex -2.06931 3.44779 4
      vertex -2.0612 3.50442 3.6
      vertex -2.0612 3.50442 4
    endloop
  endfacet
  facet normal 0.9899 -0.141764 0
    outer loop
      vertex -2.0612 3.50442 3.6
      vertex -2.06931 3.44779 4
      vertex -2.06931 3.44779 3.6
    endloop
  endfacet
  facet normal 0.978169 -0.207813 0
    outer loop
      vertex -2.08064 3.39446 4
      vertex -2.06931 3.44779 3.6
      vertex -2.06931 3.44779 4
    endloop
  endfacet
  facet normal 0.978169 -0.207813 0
    outer loop
      vertex -2.06931 3.44779 3.6
      vertex -2.08064 3.39446 4
      vertex -2.08064 3.39446 3.6
    endloop
  endfacet
  facet normal 0.960114 -0.279609 0
    outer loop
      vertex -2.09521 3.34443 4
      vertex -2.08064 3.39446 3.6
      vertex -2.08064 3.39446 4
    endloop
  endfacet
  facet normal 0.960114 -0.279609 0
    outer loop
      vertex -2.08064 3.39446 3.6
      vertex -2.09521 3.34443 4
      vertex -2.09521 3.34443 3.6
    endloop
  endfacet
  facet normal 0.934402 -0.35622 0
    outer loop
      vertex -2.11304 3.29766 4
      vertex -2.09521 3.34443 3.6
      vertex -2.09521 3.34443 4
    endloop
  endfacet
  facet normal 0.934402 -0.35622 0
    outer loop
      vertex -2.09521 3.34443 3.6
      vertex -2.11304 3.29766 4
      vertex -2.11304 3.29766 3.6
    endloop
  endfacet
  facet normal 0.900028 -0.435831 0
    outer loop
      vertex -2.13409 3.25419 4
      vertex -2.11304 3.29766 3.6
      vertex -2.11304 3.29766 4
    endloop
  endfacet
  facet normal 0.900028 -0.435831 0
    outer loop
      vertex -2.11304 3.29766 3.6
      vertex -2.13409 3.25419 4
      vertex -2.13409 3.25419 3.6
    endloop
  endfacet
  facet normal 0.855646 -0.517561 0
    outer loop
      vertex -2.1584 3.214 4
      vertex -2.13409 3.25419 3.6
      vertex -2.13409 3.25419 4
    endloop
  endfacet
  facet normal 0.855646 -0.517561 0
    outer loop
      vertex -2.13409 3.25419 3.6
      vertex -2.1584 3.214 4
      vertex -2.1584 3.214 3.6
    endloop
  endfacet
  facet normal 0.801483 -0.598018 0
    outer loop
      vertex -2.18594 3.17709 4
      vertex -2.1584 3.214 3.6
      vertex -2.1584 3.214 4
    endloop
  endfacet
  facet normal 0.801483 -0.598018 0
    outer loop
      vertex -2.1584 3.214 3.6
      vertex -2.18594 3.17709 4
      vertex -2.18594 3.17709 3.6
    endloop
  endfacet
  facet normal 0.73731 -0.675554 0
    outer loop
      vertex -2.21646 3.14378 4
      vertex -2.18594 3.17709 3.6
      vertex -2.18594 3.17709 4
    endloop
  endfacet
  facet normal 0.73731 -0.675554 0
    outer loop
      vertex -2.18594 3.17709 3.6
      vertex -2.21646 3.14378 4
      vertex -2.21646 3.14378 3.6
    endloop
  endfacet
  facet normal 0.662151 -0.749371 0
    outer loop
      vertex -2.24971 3.1144 3.6
      vertex -2.21646 3.14378 4
      vertex -2.24971 3.1144 4
    endloop
  endfacet
  facet normal 0.662151 -0.749371 0
    outer loop
      vertex -2.21646 3.14378 4
      vertex -2.24971 3.1144 3.6
      vertex -2.21646 3.14378 3.6
    endloop
  endfacet
  facet normal 0.577929 -0.816087 0
    outer loop
      vertex -2.28569 3.08892 3.6
      vertex -2.24971 3.1144 4
      vertex -2.28569 3.08892 4
    endloop
  endfacet
  facet normal 0.577929 -0.816087 0
    outer loop
      vertex -2.24971 3.1144 4
      vertex -2.28569 3.08892 3.6
      vertex -2.24971 3.1144 3.6
    endloop
  endfacet
  facet normal 0.486237 -0.873827 0
    outer loop
      vertex -2.3244 3.06738 3.6
      vertex -2.28569 3.08892 4
      vertex -2.3244 3.06738 4
    endloop
  endfacet
  facet normal 0.486237 -0.873827 0
    outer loop
      vertex -2.28569 3.08892 4
      vertex -2.3244 3.06738 3.6
      vertex -2.28569 3.08892 3.6
    endloop
  endfacet
  facet normal 0.391559 -0.920153 0
    outer loop
      vertex -2.36583 3.04975 3.6
      vertex -2.3244 3.06738 4
      vertex -2.36583 3.04975 4
    endloop
  endfacet
  facet normal 0.391559 -0.920153 0
    outer loop
      vertex -2.3244 3.06738 4
      vertex -2.36583 3.04975 3.6
      vertex -2.3244 3.06738 3.6
    endloop
  endfacet
  facet normal 0.296637 -0.95499 0
    outer loop
      vertex -2.41 3.03603 3.6
      vertex -2.36583 3.04975 4
      vertex -2.41 3.03603 4
    endloop
  endfacet
  facet normal 0.296637 -0.95499 0
    outer loop
      vertex -2.36583 3.04975 4
      vertex -2.41 3.03603 3.6
      vertex -2.36583 3.04975 3.6
    endloop
  endfacet
  facet normal 0.204421 -0.978883 0
    outer loop
      vertex -2.45688 3.02624 3.6
      vertex -2.41 3.03603 4
      vertex -2.45688 3.02624 4
    endloop
  endfacet
  facet normal 0.204421 -0.978883 0
    outer loop
      vertex -2.41 3.03603 4
      vertex -2.45688 3.02624 3.6
      vertex -2.41 3.03603 3.6
    endloop
  endfacet
  facet normal 0.117677 -0.993052 0
    outer loop
      vertex -2.5065 3.02036 3.6
      vertex -2.45688 3.02624 4
      vertex -2.5065 3.02036 4
    endloop
  endfacet
  facet normal 0.117677 -0.993052 0
    outer loop
      vertex -2.45688 3.02624 4
      vertex -2.5065 3.02036 3.6
      vertex -2.45688 3.02624 3.6
    endloop
  endfacet
  facet normal 0.0374141 -0.9993 0
    outer loop
      vertex -2.55885 3.0184 3.6
      vertex -2.5065 3.02036 4
      vertex -2.55885 3.0184 4
    endloop
  endfacet
  facet normal 0.0374141 -0.9993 0
    outer loop
      vertex -2.5065 3.02036 4
      vertex -2.55885 3.0184 3.6
      vertex -2.5065 3.02036 3.6
    endloop
  endfacet
  facet normal -0.0396999 -0.999212 0
    outer loop
      vertex -2.60944 3.02041 3.6
      vertex -2.55885 3.0184 4
      vertex -2.60944 3.02041 4
    endloop
  endfacet
  facet normal -0.0396999 -0.999212 -0
    outer loop
      vertex -2.55885 3.0184 4
      vertex -2.60944 3.02041 3.6
      vertex -2.55885 3.0184 3.6
    endloop
  endfacet
  facet normal -0.07343 0.9973 0
    outer loop
      vertex -0.467911 2.76595 3.6
      vertex -0.532288 2.76121 4
      vertex -0.467911 2.76595 4
    endloop
  endfacet
  facet normal -0.07343 0.9973 0
    outer loop
      vertex -0.532288 2.76121 4
      vertex -0.467911 2.76595 3.6
      vertex -0.532288 2.76121 3.6
    endloop
  endfacet
  facet normal -0.128745 0.991678 0
    outer loop
      vertex -0.406906 2.77387 3.6
      vertex -0.467911 2.76595 4
      vertex -0.406906 2.77387 4
    endloop
  endfacet
  facet normal -0.128745 0.991678 0
    outer loop
      vertex -0.467911 2.76595 4
      vertex -0.406906 2.77387 3.6
      vertex -0.467911 2.76595 3.6
    endloop
  endfacet
  facet normal -0.188797 0.982016 0
    outer loop
      vertex -0.349274 2.78495 3.6
      vertex -0.406906 2.77387 4
      vertex -0.349274 2.78495 4
    endloop
  endfacet
  facet normal -0.188797 0.982016 0
    outer loop
      vertex -0.406906 2.77387 4
      vertex -0.349274 2.78495 3.6
      vertex -0.406906 2.77387 3.6
    endloop
  endfacet
  facet normal -0.25391 0.967228 0
    outer loop
      vertex -0.295029 2.79919 3.6
      vertex -0.349274 2.78495 4
      vertex -0.295029 2.79919 4
    endloop
  endfacet
  facet normal -0.25391 0.967228 0
    outer loop
      vertex -0.349274 2.78495 4
      vertex -0.295029 2.79919 3.6
      vertex -0.349274 2.78495 3.6
    endloop
  endfacet
  facet normal -0.323789 0.946129 0
    outer loop
      vertex -0.244156 2.8166 3.6
      vertex -0.295029 2.79919 4
      vertex -0.244156 2.8166 4
    endloop
  endfacet
  facet normal -0.323789 0.946129 0
    outer loop
      vertex -0.295029 2.79919 4
      vertex -0.244156 2.8166 3.6
      vertex -0.295029 2.79919 3.6
    endloop
  endfacet
  facet normal -0.397384 0.917653 0
    outer loop
      vertex -0.196655 2.83717 3.6
      vertex -0.244156 2.8166 4
      vertex -0.196655 2.83717 4
    endloop
  endfacet
  facet normal -0.397384 0.917653 0
    outer loop
      vertex -0.244156 2.8166 4
      vertex -0.196655 2.83717 3.6
      vertex -0.244156 2.8166 3.6
    endloop
  endfacet
  facet normal -0.473462 0.880814 0
    outer loop
      vertex -0.152527 2.86089 3.6
      vertex -0.196655 2.83717 4
      vertex -0.152527 2.86089 4
    endloop
  endfacet
  facet normal -0.473462 0.880814 0
    outer loop
      vertex -0.196655 2.83717 4
      vertex -0.152527 2.86089 3.6
      vertex -0.196655 2.83717 3.6
    endloop
  endfacet
  facet normal -0.551141 0.834412 0
    outer loop
      vertex -0.111786 2.8878 3.6
      vertex -0.152527 2.86089 4
      vertex -0.111786 2.8878 4
    endloop
  endfacet
  facet normal -0.551141 0.834412 0
    outer loop
      vertex -0.152527 2.86089 4
      vertex -0.111786 2.8878 3.6
      vertex -0.152527 2.86089 3.6
    endloop
  endfacet
  facet normal -0.628075 0.778153 0
    outer loop
      vertex -0.0748901 2.91758 3.6
      vertex -0.111786 2.8878 4
      vertex -0.0748901 2.91758 4
    endloop
  endfacet
  facet normal -0.628075 0.778153 0
    outer loop
      vertex -0.111786 2.8878 4
      vertex -0.0748901 2.91758 3.6
      vertex -0.111786 2.8878 3.6
    endloop
  endfacet
  facet normal -0.705832 0.708379 0
    outer loop
      vertex -0.0423431 2.95001 3.6
      vertex -0.0748901 2.91758 4
      vertex -0.0423431 2.95001 4
    endloop
  endfacet
  facet normal -0.705832 0.708379 0
    outer loop
      vertex -0.0748901 2.91758 4
      vertex -0.0423431 2.95001 3.6
      vertex -0.0748901 2.91758 3.6
    endloop
  endfacet
  facet normal -0.778809 0.627261 0
    outer loop
      vertex -0.0423431 2.95001 3.6
      vertex -0.0141296 2.98504 4
      vertex -0.0141296 2.98504 3.6
    endloop
  endfacet
  facet normal -0.778809 0.627261 0
    outer loop
      vertex -0.0141296 2.98504 4
      vertex -0.0423431 2.95001 3.6
      vertex -0.0423431 2.95001 4
    endloop
  endfacet
  facet normal -0.844838 0.535022 0
    outer loop
      vertex -0.0141296 2.98504 3.6
      vertex 0.00971985 3.0227 4
      vertex 0.00971985 3.0227 3.6
    endloop
  endfacet
  facet normal -0.844838 0.535022 0
    outer loop
      vertex 0.00971985 3.0227 4
      vertex -0.0141296 2.98504 3.6
      vertex -0.0141296 2.98504 4
    endloop
  endfacet
  facet normal -0.8998 0.436302 0
    outer loop
      vertex 0.00971985 3.0227 3.6
      vertex 0.0292511 3.06298 4
      vertex 0.0292511 3.06298 3.6
    endloop
  endfacet
  facet normal -0.8998 0.436302 0
    outer loop
      vertex 0.0292511 3.06298 4
      vertex 0.00971985 3.0227 3.6
      vertex 0.00971985 3.0227 4
    endloop
  endfacet
  facet normal -0.942624 0.333857 0
    outer loop
      vertex 0.0292511 3.06298 3.6
      vertex 0.0444489 3.10589 4
      vertex 0.0444489 3.10589 3.6
    endloop
  endfacet
  facet normal -0.942624 0.333857 0
    outer loop
      vertex 0.0444489 3.10589 4
      vertex 0.0292511 3.06298 3.6
      vertex 0.0292511 3.06298 4
    endloop
  endfacet
  facet normal -0.972754 0.231841 0
    outer loop
      vertex 0.0444489 3.10589 3.6
      vertex 0.0552979 3.15141 4
      vertex 0.0552979 3.15141 3.6
    endloop
  endfacet
  facet normal -0.972754 0.231841 0
    outer loop
      vertex 0.0552979 3.15141 4
      vertex 0.0444489 3.10589 3.6
      vertex 0.0444489 3.10589 4
    endloop
  endfacet
  facet normal -0.99101 0.133785 0
    outer loop
      vertex 0.0552979 3.15141 3.6
      vertex 0.0617981 3.19956 4
      vertex 0.0617981 3.19956 3.6
    endloop
  endfacet
  facet normal -0.99101 0.133785 0
    outer loop
      vertex 0.0617981 3.19956 4
      vertex 0.0552979 3.15141 3.6
      vertex 0.0552979 3.15141 4
    endloop
  endfacet
  facet normal -0.999091 0.042638 0
    outer loop
      vertex 0.0617981 3.19956 3.6
      vertex 0.0639648 3.25033 4
      vertex 0.0639648 3.25033 3.6
    endloop
  endfacet
  facet normal -0.999091 0.042638 0
    outer loop
      vertex 0.0639648 3.25033 4
      vertex 0.0617981 3.19956 3.6
      vertex 0.0617981 3.19956 4
    endloop
  endfacet
  facet normal -0.999383 -0.0351183 0
    outer loop
      vertex 0.0639648 3.25033 3.6
      vertex 0.0626221 3.28854 4
      vertex 0.0626221 3.28854 3.6
    endloop
  endfacet
  facet normal -0.999383 -0.0351183 0
    outer loop
      vertex 0.0626221 3.28854 4
      vertex 0.0639648 3.25033 3.6
      vertex 0.0639648 3.25033 4
    endloop
  endfacet
  facet normal -0.993923 -0.11008 0
    outer loop
      vertex 0.0626221 3.28854 3.6
      vertex 0.0585785 3.32505 4
      vertex 0.0585785 3.32505 3.6
    endloop
  endfacet
  facet normal -0.993923 -0.11008 0
    outer loop
      vertex 0.0585785 3.32505 4
      vertex 0.0626221 3.28854 3.6
      vertex 0.0626221 3.28854 4
    endloop
  endfacet
  facet normal -0.981723 -0.190317 0
    outer loop
      vertex 0.0585785 3.32505 3.6
      vertex 0.0518341 3.35984 4
      vertex 0.0518341 3.35984 3.6
    endloop
  endfacet
  facet normal -0.981723 -0.190317 0
    outer loop
      vertex 0.0518341 3.35984 4
      vertex 0.0585785 3.32505 3.6
      vertex 0.0585785 3.32505 4
    endloop
  endfacet
  facet normal -0.961616 -0.2744 0
    outer loop
      vertex 0.0518341 3.35984 3.6
      vertex 0.0423889 3.39294 4
      vertex 0.0423889 3.39294 3.6
    endloop
  endfacet
  facet normal -0.961616 -0.2744 0
    outer loop
      vertex 0.0423889 3.39294 4
      vertex 0.0518341 3.35984 3.6
      vertex 0.0518341 3.35984 4
    endloop
  endfacet
  facet normal -0.932809 -0.36037 0
    outer loop
      vertex 0.0423889 3.39294 3.6
      vertex 0.0302582 3.42434 4
      vertex 0.0302582 3.42434 3.6
    endloop
  endfacet
  facet normal -0.932809 -0.36037 0
    outer loop
      vertex 0.0302582 3.42434 4
      vertex 0.0423889 3.39294 3.6
      vertex 0.0423889 3.39294 4
    endloop
  endfacet
  facet normal -0.894589 -0.446891 0
    outer loop
      vertex 0.0302582 3.42434 3.6
      vertex 0.0154266 3.45403 4
      vertex 0.0154266 3.45403 3.6
    endloop
  endfacet
  facet normal -0.894589 -0.446891 0
    outer loop
      vertex 0.0154266 3.45403 4
      vertex 0.0302582 3.42434 3.6
      vertex 0.0302582 3.42434 4
    endloop
  endfacet
  facet normal -0.847681 -0.530506 0
    outer loop
      vertex 0.0154266 3.45403 3.6
      vertex -0.00209045 3.48202 4
      vertex -0.00209045 3.48202 3.6
    endloop
  endfacet
  facet normal -0.847681 -0.530506 0
    outer loop
      vertex -0.00209045 3.48202 4
      vertex 0.0154266 3.45403 3.6
      vertex 0.0154266 3.45403 4
    endloop
  endfacet
  facet normal -0.792477 -0.609902 0
    outer loop
      vertex -0.00209045 3.48202 3.6
      vertex -0.0223236 3.50831 4
      vertex -0.0223236 3.50831 3.6
    endloop
  endfacet
  facet normal -0.792477 -0.609902 0
    outer loop
      vertex -0.0223236 3.50831 4
      vertex -0.00209045 3.48202 3.6
      vertex -0.00209045 3.48202 4
    endloop
  endfacet
  facet normal -0.731164 -0.682202 0
    outer loop
      vertex -0.0223236 3.50831 3.6
      vertex -0.0452576 3.53289 4
      vertex -0.0452576 3.53289 3.6
    endloop
  endfacet
  facet normal -0.731164 -0.682202 0
    outer loop
      vertex -0.0452576 3.53289 4
      vertex -0.0223236 3.50831 3.6
      vertex -0.0223236 3.50831 4
    endloop
  endfacet
  facet normal -0.665274 -0.7466 0
    outer loop
      vertex -0.070755 3.55561 3.6
      vertex -0.0452576 3.53289 4
      vertex -0.070755 3.55561 4
    endloop
  endfacet
  facet normal -0.665274 -0.7466 -0
    outer loop
      vertex -0.0452576 3.53289 4
      vertex -0.070755 3.55561 3.6
      vertex -0.0452576 3.53289 3.6
    endloop
  endfacet
  facet normal -0.594706 -0.803943 0
    outer loop
      vertex -0.0987244 3.5763 3.6
      vertex -0.070755 3.55561 4
      vertex -0.0987244 3.5763 4
    endloop
  endfacet
  facet normal -0.594706 -0.803943 -0
    outer loop
      vertex -0.070755 3.55561 4
      vertex -0.0987244 3.5763 3.6
      vertex -0.070755 3.55561 3.6
    endloop
  endfacet
  facet normal -0.522791 -0.852461 0
    outer loop
      vertex -0.129135 3.59495 3.6
      vertex -0.0987244 3.5763 4
      vertex -0.129135 3.59495 4
    endloop
  endfacet
  facet normal -0.522791 -0.852461 -0
    outer loop
      vertex -0.0987244 3.5763 4
      vertex -0.129135 3.59495 3.6
      vertex -0.0987244 3.5763 3.6
    endloop
  endfacet
  facet normal -0.450653 -0.892699 0
    outer loop
      vertex -0.162018 3.61155 3.6
      vertex -0.129135 3.59495 4
      vertex -0.162018 3.61155 4
    endloop
  endfacet
  facet normal -0.450653 -0.892699 -0
    outer loop
      vertex -0.129135 3.59495 4
      vertex -0.162018 3.61155 3.6
      vertex -0.129135 3.59495 3.6
    endloop
  endfacet
  facet normal -0.381305 -0.924449 0
    outer loop
      vertex -0.197342 3.62612 3.6
      vertex -0.162018 3.61155 4
      vertex -0.197342 3.62612 4
    endloop
  endfacet
  facet normal -0.381305 -0.924449 -0
    outer loop
      vertex -0.162018 3.61155 4
      vertex -0.197342 3.62612 3.6
      vertex -0.162018 3.61155 3.6
    endloop
  endfacet
  facet normal -0.31524 -0.949012 0
    outer loop
      vertex -0.235123 3.63867 3.6
      vertex -0.197342 3.62612 4
      vertex -0.235123 3.63867 4
    endloop
  endfacet
  facet normal -0.31524 -0.949012 -0
    outer loop
      vertex -0.197342 3.62612 4
      vertex -0.235123 3.63867 3.6
      vertex -0.197342 3.62612 3.6
    endloop
  endfacet
  facet normal -0.252635 -0.967562 0
    outer loop
      vertex -0.275375 3.64918 3.6
      vertex -0.235123 3.63867 4
      vertex -0.275375 3.64918 4
    endloop
  endfacet
  facet normal -0.252635 -0.967562 -0
    outer loop
      vertex -0.235123 3.63867 4
      vertex -0.275375 3.64918 3.6
      vertex -0.235123 3.63867 3.6
    endloop
  endfacet
  facet normal -0.194817 -0.98084 0
    outer loop
      vertex -0.318069 3.65766 3.6
      vertex -0.275375 3.64918 4
      vertex -0.318069 3.65766 4
    endloop
  endfacet
  facet normal -0.194817 -0.98084 -0
    outer loop
      vertex -0.275375 3.64918 4
      vertex -0.318069 3.65766 3.6
      vertex -0.275375 3.64918 3.6
    endloop
  endfacet
  facet normal -0.141203 -0.989981 0
    outer loop
      vertex -0.36322 3.6641 3.6
      vertex -0.318069 3.65766 4
      vertex -0.36322 3.6641 4
    endloop
  endfacet
  facet normal -0.141203 -0.989981 -0
    outer loop
      vertex -0.318069 3.65766 4
      vertex -0.36322 3.6641 3.6
      vertex -0.318069 3.65766 3.6
    endloop
  endfacet
  facet normal -0.235108 0.971969 0
    outer loop
      vertex -0.327377 3.67277 3.6
      vertex -0.36322 3.6641 4
      vertex -0.327377 3.67277 4
    endloop
  endfacet
  facet normal -0.235108 0.971969 0
    outer loop
      vertex -0.36322 3.6641 4
      vertex -0.327377 3.67277 3.6
      vertex -0.36322 3.6641 3.6
    endloop
  endfacet
  facet normal -0.291479 0.956577 0
    outer loop
      vertex -0.29364 3.68305 3.6
      vertex -0.327377 3.67277 4
      vertex -0.29364 3.68305 4
    endloop
  endfacet
  facet normal -0.291479 0.956577 0
    outer loop
      vertex -0.327377 3.67277 4
      vertex -0.29364 3.68305 3.6
      vertex -0.327377 3.67277 3.6
    endloop
  endfacet
  facet normal -0.351963 0.936014 0
    outer loop
      vertex -0.261993 3.69495 3.6
      vertex -0.29364 3.68305 4
      vertex -0.261993 3.69495 4
    endloop
  endfacet
  facet normal -0.351963 0.936014 0
    outer loop
      vertex -0.29364 3.68305 4
      vertex -0.261993 3.69495 3.6
      vertex -0.29364 3.68305 3.6
    endloop
  endfacet
  facet normal -0.415981 0.909373 0
    outer loop
      vertex -0.232437 3.70847 3.6
      vertex -0.261993 3.69495 4
      vertex -0.232437 3.70847 4
    endloop
  endfacet
  facet normal -0.415981 0.909373 0
    outer loop
      vertex -0.261993 3.69495 4
      vertex -0.232437 3.70847 3.6
      vertex -0.261993 3.69495 3.6
    endloop
  endfacet
  facet normal -0.482499 0.875897 0
    outer loop
      vertex -0.204971 3.7236 3.6
      vertex -0.232437 3.70847 4
      vertex -0.204971 3.7236 4
    endloop
  endfacet
  facet normal -0.482499 0.875897 0
    outer loop
      vertex -0.232437 3.70847 4
      vertex -0.204971 3.7236 3.6
      vertex -0.232437 3.70847 3.6
    endloop
  endfacet
  facet normal -0.550212 0.835025 0
    outer loop
      vertex -0.179596 3.74032 3.6
      vertex -0.204971 3.7236 4
      vertex -0.179596 3.74032 4
    endloop
  endfacet
  facet normal -0.550212 0.835025 0
    outer loop
      vertex -0.204971 3.7236 4
      vertex -0.179596 3.74032 3.6
      vertex -0.204971 3.7236 3.6
    endloop
  endfacet
  facet normal -0.619415 0.785064 0
    outer loop
      vertex -0.156326 3.75868 3.6
      vertex -0.179596 3.74032 4
      vertex -0.156326 3.75868 4
    endloop
  endfacet
  facet normal -0.619415 0.785064 0
    outer loop
      vertex -0.179596 3.74032 4
      vertex -0.156326 3.75868 3.6
      vertex -0.179596 3.74032 3.6
    endloop
  endfacet
  facet normal -0.685671 0.727911 0
    outer loop
      vertex -0.135147 3.77863 3.6
      vertex -0.156326 3.75868 4
      vertex -0.135147 3.77863 4
    endloop
  endfacet
  facet normal -0.685671 0.727911 0
    outer loop
      vertex -0.156326 3.75868 4
      vertex -0.135147 3.77863 3.6
      vertex -0.156326 3.75868 3.6
    endloop
  endfacet
  facet normal -0.748985 0.662587 0
    outer loop
      vertex -0.135147 3.77863 3.6
      vertex -0.116074 3.80019 4
      vertex -0.116074 3.80019 3.6
    endloop
  endfacet
  facet normal -0.748985 0.662587 0
    outer loop
      vertex -0.116074 3.80019 4
      vertex -0.135147 3.77863 3.6
      vertex -0.135147 3.77863 4
    endloop
  endfacet
  facet normal -0.802812 0.596232 0
    outer loop
      vertex -0.116074 3.80019 3.6
      vertex -0.0990295 3.82314 4
      vertex -0.0990295 3.82314 3.6
    endloop
  endfacet
  facet normal -0.802812 0.596232 0
    outer loop
      vertex -0.0990295 3.82314 4
      vertex -0.116074 3.80019 3.6
      vertex -0.116074 3.80019 4
    endloop
  endfacet
  facet normal -0.848316 0.52949 0
    outer loop
      vertex -0.0990295 3.82314 3.6
      vertex -0.0839996 3.84722 4
      vertex -0.0839996 3.84722 3.6
    endloop
  endfacet
  facet normal -0.848316 0.52949 0
    outer loop
      vertex -0.0839996 3.84722 4
      vertex -0.0990295 3.82314 3.6
      vertex -0.0990295 3.82314 4
    endloop
  endfacet
  facet normal -0.888193 0.45947 0
    outer loop
      vertex -0.0839996 3.84722 3.6
      vertex -0.0709686 3.87241 4
      vertex -0.0709686 3.87241 3.6
    endloop
  endfacet
  facet normal -0.888193 0.45947 0
    outer loop
      vertex -0.0709686 3.87241 4
      vertex -0.0839996 3.84722 3.6
      vertex -0.0839996 3.84722 4
    endloop
  endfacet
  facet normal -0.922365 0.386318 0
    outer loop
      vertex -0.0709686 3.87241 3.6
      vertex -0.0599365 3.89875 4
      vertex -0.0599365 3.89875 3.6
    endloop
  endfacet
  facet normal -0.922365 0.386318 0
    outer loop
      vertex -0.0599365 3.89875 4
      vertex -0.0709686 3.87241 3.6
      vertex -0.0709686 3.87241 4
    endloop
  endfacet
  facet normal -0.950113 0.311905 0
    outer loop
      vertex -0.0599365 3.89875 3.6
      vertex -0.0509186 3.92622 4
      vertex -0.0509186 3.92622 3.6
    endloop
  endfacet
  facet normal -0.950113 0.311905 0
    outer loop
      vertex -0.0509186 3.92622 4
      vertex -0.0599365 3.89875 3.6
      vertex -0.0599365 3.89875 4
    endloop
  endfacet
  facet normal -0.97116 0.238428 0
    outer loop
      vertex -0.0509186 3.92622 3.6
      vertex -0.0438995 3.95481 4
      vertex -0.0438995 3.95481 3.6
    endloop
  endfacet
  facet normal -0.97116 0.238428 0
    outer loop
      vertex -0.0438995 3.95481 4
      vertex -0.0509186 3.92622 3.6
      vertex -0.0509186 3.92622 4
    endloop
  endfacet
  facet normal -0.986125 0.166006 0
    outer loop
      vertex -0.0438995 3.95481 3.6
      vertex -0.0388947 3.98454 4
      vertex -0.0388947 3.98454 3.6
    endloop
  endfacet
  facet normal -0.986125 0.166006 0
    outer loop
      vertex -0.0388947 3.98454 4
      vertex -0.0438995 3.95481 3.6
      vertex -0.0438995 3.95481 4
    endloop
  endfacet
  facet normal -0.995286 0.0969799 0
    outer loop
      vertex -0.0388947 3.98454 3.6
      vertex -0.0358887 4.01539 4
      vertex -0.0358887 4.01539 3.6
    endloop
  endfacet
  facet normal -0.995286 0.0969799 0
    outer loop
      vertex -0.0358887 4.01539 4
      vertex -0.0388947 3.98454 3.6
      vertex -0.0388947 3.98454 4
    endloop
  endfacet
  facet normal -0.999505 0.031476 0
    outer loop
      vertex -0.0358887 4.01539 3.6
      vertex -0.0348816 4.04737 4
      vertex -0.0348816 4.04737 3.6
    endloop
  endfacet
  facet normal -0.999505 0.031476 0
    outer loop
      vertex -0.0348816 4.04737 4
      vertex -0.0358887 4.01539 3.6
      vertex -0.0358887 4.01539 4
    endloop
  endfacet
  facet normal -0.999064 -0.0432538 0
    outer loop
      vertex -0.0348816 4.04737 3.6
      vertex -0.0368805 4.09354 4
      vertex -0.0368805 4.09354 3.6
    endloop
  endfacet
  facet normal -0.999064 -0.0432538 0
    outer loop
      vertex -0.0368805 4.09354 4
      vertex -0.0348816 4.04737 3.6
      vertex -0.0348816 4.04737 4
    endloop
  endfacet
  facet normal -0.990678 -0.136226 0
    outer loop
      vertex -0.0368805 4.09354 3.6
      vertex -0.0428772 4.13715 4
      vertex -0.0428772 4.13715 3.6
    endloop
  endfacet
  facet normal -0.990678 -0.136226 0
    outer loop
      vertex -0.0428772 4.13715 4
      vertex -0.0368805 4.09354 3.6
      vertex -0.0368805 4.09354 4
    endloop
  endfacet
  facet normal -0.971687 -0.236273 0
    outer loop
      vertex -0.0428772 4.13715 3.6
      vertex -0.0528564 4.17819 4
      vertex -0.0528564 4.17819 3.6
    endloop
  endfacet
  facet normal -0.971687 -0.236273 0
    outer loop
      vertex -0.0528564 4.17819 4
      vertex -0.0428772 4.13715 3.6
      vertex -0.0428772 4.13715 4
    endloop
  endfacet
  facet normal -0.939773 -0.341798 0
    outer loop
      vertex -0.0528564 4.17819 3.6
      vertex -0.0668335 4.21662 4
      vertex -0.0668335 4.21662 3.6
    endloop
  endfacet
  facet normal -0.939773 -0.341798 0
    outer loop
      vertex -0.0668335 4.21662 4
      vertex -0.0528564 4.17819 3.6
      vertex -0.0528564 4.17819 4
    endloop
  endfacet
  facet normal -0.89408 -0.447907 0
    outer loop
      vertex -0.0668335 4.21662 3.6
      vertex -0.0848083 4.2525 4
      vertex -0.0848083 4.2525 3.6
    endloop
  endfacet
  facet normal -0.89408 -0.447907 0
    outer loop
      vertex -0.0848083 4.2525 4
      vertex -0.0668335 4.21662 3.6
      vertex -0.0668335 4.21662 4
    endloop
  endfacet
  facet normal -0.834767 -0.550603 0
    outer loop
      vertex -0.0848083 4.2525 3.6
      vertex -0.106766 4.28579 4
      vertex -0.106766 4.28579 3.6
    endloop
  endfacet
  facet normal -0.834767 -0.550603 0
    outer loop
      vertex -0.106766 4.28579 4
      vertex -0.0848083 4.2525 3.6
      vertex -0.0848083 4.2525 4
    endloop
  endfacet
  facet normal -0.763966 -0.645257 0
    outer loop
      vertex -0.106766 4.28579 3.6
      vertex -0.132721 4.31652 4
      vertex -0.132721 4.31652 3.6
    endloop
  endfacet
  facet normal -0.763966 -0.645257 0
    outer loop
      vertex -0.132721 4.31652 4
      vertex -0.106766 4.28579 3.6
      vertex -0.106766 4.28579 4
    endloop
  endfacet
  facet normal -0.684706 -0.72882 0
    outer loop
      vertex -0.162674 4.34466 3.6
      vertex -0.132721 4.31652 4
      vertex -0.162674 4.34466 4
    endloop
  endfacet
  facet normal -0.684706 -0.72882 -0
    outer loop
      vertex -0.132721 4.31652 4
      vertex -0.162674 4.34466 3.6
      vertex -0.132721 4.31652 3.6
    endloop
  endfacet
  facet normal -0.601637 -0.79877 0
    outer loop
      vertex -0.196609 4.37022 3.6
      vertex -0.162674 4.34466 4
      vertex -0.196609 4.37022 4
    endloop
  endfacet
  facet normal -0.601637 -0.79877 -0
    outer loop
      vertex -0.162674 4.34466 4
      vertex -0.196609 4.37022 3.6
      vertex -0.162674 4.34466 3.6
    endloop
  endfacet
  facet normal -0.518227 -0.855243 0
    outer loop
      vertex -0.234451 4.39315 3.6
      vertex -0.196609 4.37022 4
      vertex -0.234451 4.39315 4
    endloop
  endfacet
  facet normal -0.518227 -0.855243 -0
    outer loop
      vertex -0.196609 4.37022 4
      vertex -0.234451 4.39315 3.6
      vertex -0.196609 4.37022 3.6
    endloop
  endfacet
  facet normal -0.437235 -0.899347 0
    outer loop
      vertex -0.276062 4.41338 3.6
      vertex -0.234451 4.39315 4
      vertex -0.276062 4.41338 4
    endloop
  endfacet
  facet normal -0.437235 -0.899347 -0
    outer loop
      vertex -0.234451 4.39315 4
      vertex -0.276062 4.41338 3.6
      vertex -0.234451 4.39315 3.6
    endloop
  endfacet
  facet normal -0.360418 -0.932791 0
    outer loop
      vertex -0.321457 4.43092 3.6
      vertex -0.276062 4.41338 4
      vertex -0.321457 4.43092 4
    endloop
  endfacet
  facet normal -0.360418 -0.932791 -0
    outer loop
      vertex -0.276062 4.41338 4
      vertex -0.321457 4.43092 3.6
      vertex -0.276062 4.41338 3.6
    endloop
  endfacet
  facet normal -0.288889 -0.957363 0
    outer loop
      vertex -0.370636 4.44576 3.6
      vertex -0.321457 4.43092 4
      vertex -0.370636 4.44576 4
    endloop
  endfacet
  facet normal -0.288889 -0.957363 -0
    outer loop
      vertex -0.321457 4.43092 4
      vertex -0.370636 4.44576 3.6
      vertex -0.321457 4.43092 3.6
    endloop
  endfacet
  facet normal -0.223248 -0.974762 0
    outer loop
      vertex -0.423599 4.45789 3.6
      vertex -0.370636 4.44576 4
      vertex -0.423599 4.45789 4
    endloop
  endfacet
  facet normal -0.223248 -0.974762 -0
    outer loop
      vertex -0.370636 4.44576 4
      vertex -0.423599 4.45789 3.6
      vertex -0.370636 4.44576 3.6
    endloop
  endfacet
  facet normal -0.164264 -0.986416 0
    outer loop
      vertex -0.480347 4.46734 3.6
      vertex -0.423599 4.45789 4
      vertex -0.480347 4.46734 4
    endloop
  endfacet
  facet normal -0.164264 -0.986416 -0
    outer loop
      vertex -0.423599 4.45789 4
      vertex -0.480347 4.46734 3.6
      vertex -0.423599 4.45789 3.6
    endloop
  endfacet
  facet normal -0.110664 -0.993858 0
    outer loop
      vertex -0.540878 4.47408 3.6
      vertex -0.480347 4.46734 4
      vertex -0.540878 4.47408 4
    endloop
  endfacet
  facet normal -0.110664 -0.993858 -0
    outer loop
      vertex -0.480347 4.46734 4
      vertex -0.540878 4.47408 3.6
      vertex -0.480347 4.46734 3.6
    endloop
  endfacet
  facet normal -0.0628605 -0.998022 0
    outer loop
      vertex -0.605179 4.47813 3.6
      vertex -0.540878 4.47408 4
      vertex -0.605179 4.47813 4
    endloop
  endfacet
  facet normal -0.0628605 -0.998022 -0
    outer loop
      vertex -0.540878 4.47408 4
      vertex -0.605179 4.47813 3.6
      vertex -0.540878 4.47408 3.6
    endloop
  endfacet
  facet normal -0.0199667 -0.999801 0
    outer loop
      vertex -0.673279 4.47949 3.6
      vertex -0.605179 4.47813 4
      vertex -0.673279 4.47949 4
    endloop
  endfacet
  facet normal -0.0199667 -0.999801 -0
    outer loop
      vertex -0.605179 4.47813 4
      vertex -0.673279 4.47949 3.6
      vertex -0.605179 4.47813 3.6
    endloop
  endfacet
  facet normal 0 -1 0
    outer loop
      vertex -1.46057 4.47949 3.6
      vertex -0.673279 4.47949 4
      vertex -1.46057 4.47949 4
    endloop
  endfacet
  facet normal 0 -1 -0
    outer loop
      vertex -0.673279 4.47949 4
      vertex -1.46057 4.47949 3.6
      vertex -0.673279 4.47949 3.6
    endloop
  endfacet
  facet normal 1 -0 0
    outer loop
      vertex -1.46057 2.75964 4
      vertex -1.46057 4.47949 3.6
      vertex -1.46057 4.47949 4
    endloop
  endfacet
  facet normal 1 0 0
    outer loop
      vertex -1.46057 4.47949 3.6
      vertex -1.46057 2.75964 4
      vertex -1.46057 2.75964 3.6
    endloop
  endfacet
  facet normal 0 1 -0
    outer loop
      vertex -0.600037 2.75964 3.6
      vertex -1.46057 2.75964 4
      vertex -0.600037 2.75964 4
    endloop
  endfacet
  facet normal 0 1 0
    outer loop
      vertex -1.46057 2.75964 4
      vertex -0.600037 2.75964 3.6
      vertex -1.46057 2.75964 3.6
    endloop
  endfacet
  facet normal -0.0231676 0.999732 0
    outer loop
      vertex -0.532288 2.76121 3.6
      vertex -0.600037 2.75964 4
      vertex -0.532288 2.76121 4
    endloop
  endfacet
  facet normal -0.0231676 0.999732 0
    outer loop
      vertex -0.600037 2.75964 4
      vertex -0.532288 2.76121 3.6
      vertex -0.600037 2.75964 3.6
    endloop
  endfacet
  facet normal -1 0 0
    outer loop
      vertex -1.10049 3.78616 3.6
      vertex -1.10049 4.21217 4
      vertex -1.10049 4.21217 3.6
    endloop
  endfacet
  facet normal -1 -0 0
    outer loop
      vertex -1.10049 4.21217 4
      vertex -1.10049 3.78616 3.6
      vertex -1.10049 3.78616 4
    endloop
  endfacet
  facet normal 0 1 -0
    outer loop
      vertex -0.690353 4.21217 3.6
      vertex -1.10049 4.21217 4
      vertex -0.690353 4.21217 4
    endloop
  endfacet
  facet normal 0 1 0
    outer loop
      vertex -1.10049 4.21217 4
      vertex -0.690353 4.21217 3.6
      vertex -1.10049 4.21217 3.6
    endloop
  endfacet
  facet normal 0.0194311 0.999811 -0
    outer loop
      vertex -0.658966 4.21156 3.6
      vertex -0.690353 4.21217 4
      vertex -0.658966 4.21156 4
    endloop
  endfacet
  facet normal 0.0194311 0.999811 0
    outer loop
      vertex -0.690353 4.21217 4
      vertex -0.658966 4.21156 3.6
      vertex -0.690353 4.21217 3.6
    endloop
  endfacet
  facet normal 0.0606008 0.998162 -0
    outer loop
      vertex -0.629318 4.20976 3.6
      vertex -0.658966 4.21156 4
      vertex -0.629318 4.20976 4
    endloop
  endfacet
  facet normal 0.0606008 0.998162 0
    outer loop
      vertex -0.658966 4.21156 4
      vertex -0.629318 4.20976 3.6
      vertex -0.658966 4.21156 3.6
    endloop
  endfacet
  facet normal 0.108113 0.994139 -0
    outer loop
      vertex -0.601456 4.20673 3.6
      vertex -0.629318 4.20976 4
      vertex -0.601456 4.20673 4
    endloop
  endfacet
  facet normal 0.108113 0.994139 0
    outer loop
      vertex -0.629318 4.20976 4
      vertex -0.601456 4.20673 3.6
      vertex -0.629318 4.20976 3.6
    endloop
  endfacet
  facet normal 0.159197 0.987247 -0
    outer loop
      vertex -0.575348 4.20252 3.6
      vertex -0.601456 4.20673 4
      vertex -0.575348 4.20252 4
    endloop
  endfacet
  facet normal 0.159197 0.987247 0
    outer loop
      vertex -0.601456 4.20673 4
      vertex -0.575348 4.20252 3.6
      vertex -0.601456 4.20673 3.6
    endloop
  endfacet
  facet normal 0.217626 0.976032 -0
    outer loop
      vertex -0.550995 4.19709 3.6
      vertex -0.575348 4.20252 4
      vertex -0.550995 4.19709 4
    endloop
  endfacet
  facet normal 0.217626 0.976032 0
    outer loop
      vertex -0.575348 4.20252 4
      vertex -0.550995 4.19709 3.6
      vertex -0.575348 4.20252 3.6
    endloop
  endfacet
  facet normal 0.282258 0.959338 -0
    outer loop
      vertex -0.528427 4.19045 3.6
      vertex -0.550995 4.19709 4
      vertex -0.528427 4.19045 4
    endloop
  endfacet
  facet normal 0.282258 0.959338 0
    outer loop
      vertex -0.550995 4.19709 4
      vertex -0.528427 4.19045 3.6
      vertex -0.550995 4.19709 3.6
    endloop
  endfacet
  facet normal 0.351498 0.936189 -0
    outer loop
      vertex -0.507599 4.18263 3.6
      vertex -0.528427 4.19045 4
      vertex -0.507599 4.18263 4
    endloop
  endfacet
  facet normal 0.351498 0.936189 0
    outer loop
      vertex -0.528427 4.19045 4
      vertex -0.507599 4.18263 3.6
      vertex -0.528427 4.19045 3.6
    endloop
  endfacet
  facet normal 0.429234 0.903193 -0
    outer loop
      vertex -0.488556 4.17358 3.6
      vertex -0.507599 4.18263 4
      vertex -0.488556 4.17358 4
    endloop
  endfacet
  facet normal 0.429234 0.903193 0
    outer loop
      vertex -0.507599 4.18263 4
      vertex -0.488556 4.17358 3.6
      vertex -0.507599 4.18263 3.6
    endloop
  endfacet
  facet normal 0.510364 0.859958 -0
    outer loop
      vertex -0.471268 4.16332 3.6
      vertex -0.488556 4.17358 4
      vertex -0.471268 4.16332 4
    endloop
  endfacet
  facet normal 0.510364 0.859958 0
    outer loop
      vertex -0.488556 4.17358 4
      vertex -0.471268 4.16332 3.6
      vertex -0.488556 4.17358 3.6
    endloop
  endfacet
  facet normal 0.601409 0.798941 -0
    outer loop
      vertex -0.455765 4.15165 3.6
      vertex -0.471268 4.16332 4
      vertex -0.455765 4.15165 4
    endloop
  endfacet
  facet normal 0.601409 0.798941 0
    outer loop
      vertex -0.471268 4.16332 4
      vertex -0.455765 4.15165 3.6
      vertex -0.471268 4.16332 3.6
    endloop
  endfacet
  facet normal 0.697971 0.716126 -0
    outer loop
      vertex -0.442078 4.13831 3.6
      vertex -0.455765 4.15165 4
      vertex -0.442078 4.13831 4
    endloop
  endfacet
  facet normal 0.697971 0.716126 0
    outer loop
      vertex -0.455765 4.15165 4
      vertex -0.442078 4.13831 3.6
      vertex -0.455765 4.15165 3.6
    endloop
  endfacet
  facet normal 0.784509 0.620118 0
    outer loop
      vertex -0.430237 4.12333 4
      vertex -0.442078 4.13831 3.6
      vertex -0.442078 4.13831 4
    endloop
  endfacet
  facet normal 0.784509 0.620118 0
    outer loop
      vertex -0.442078 4.13831 3.6
      vertex -0.430237 4.12333 4
      vertex -0.430237 4.12333 3.6
    endloop
  endfacet
  facet normal 0.856493 0.516158 0
    outer loop
      vertex -0.420197 4.10667 4
      vertex -0.430237 4.12333 3.6
      vertex -0.430237 4.12333 4
    endloop
  endfacet
  facet normal 0.856493 0.516158 0
    outer loop
      vertex -0.430237 4.12333 3.6
      vertex -0.420197 4.10667 4
      vertex -0.420197 4.10667 3.6
    endloop
  endfacet
  facet normal 0.912685 0.408663 0
    outer loop
      vertex -0.412003 4.08837 4
      vertex -0.420197 4.10667 3.6
      vertex -0.420197 4.10667 4
    endloop
  endfacet
  facet normal 0.912685 0.408663 0
    outer loop
      vertex -0.420197 4.10667 3.6
      vertex -0.412003 4.08837 4
      vertex -0.412003 4.08837 3.6
    endloop
  endfacet
  facet normal 0.952374 0.304931 0
    outer loop
      vertex -0.405609 4.0684 4
      vertex -0.412003 4.08837 3.6
      vertex -0.412003 4.08837 4
    endloop
  endfacet
  facet normal 0.952374 0.304931 0
    outer loop
      vertex -0.412003 4.08837 3.6
      vertex -0.405609 4.0684 4
      vertex -0.405609 4.0684 3.6
    endloop
  endfacet
  facet normal 0.978455 0.206462 0
    outer loop
      vertex -0.401047 4.04678 4
      vertex -0.405609 4.0684 3.6
      vertex -0.405609 4.0684 4
    endloop
  endfacet
  facet normal 0.978455 0.206462 0
    outer loop
      vertex -0.405609 4.0684 3.6
      vertex -0.401047 4.04678 4
      vertex -0.401047 4.04678 3.6
    endloop
  endfacet
  facet normal 0.99319 0.116505 0
    outer loop
      vertex -0.398315 4.02349 4
      vertex -0.401047 4.04678 3.6
      vertex -0.401047 4.04678 4
    endloop
  endfacet
  facet normal 0.99319 0.116505 0
    outer loop
      vertex -0.401047 4.04678 3.6
      vertex -0.398315 4.02349 4
      vertex -0.398315 4.02349 3.6
    endloop
  endfacet
  facet normal 0.999327 0.0366781 0
    outer loop
      vertex -0.3974 3.99856 4
      vertex -0.398315 4.02349 3.6
      vertex -0.398315 4.02349 4
    endloop
  endfacet
  facet normal 0.999327 0.0366781 0
    outer loop
      vertex -0.398315 4.02349 3.6
      vertex -0.3974 3.99856 4
      vertex -0.3974 3.99856 3.6
    endloop
  endfacet
  facet normal 0.999308 -0.0371856 0
    outer loop
      vertex -0.398254 3.97561 4
      vertex -0.3974 3.99856 3.6
      vertex -0.3974 3.99856 4
    endloop
  endfacet
  facet normal 0.999308 -0.0371856 0
    outer loop
      vertex -0.3974 3.99856 3.6
      vertex -0.398254 3.97561 4
      vertex -0.398254 3.97561 3.6
    endloop
  endfacet
  facet normal 0.993054 -0.117661 0
    outer loop
      vertex -0.400818 3.95397 4
      vertex -0.398254 3.97561 3.6
      vertex -0.398254 3.97561 4
    endloop
  endfacet
  facet normal 0.993054 -0.117661 0
    outer loop
      vertex -0.398254 3.97561 3.6
      vertex -0.400818 3.95397 4
      vertex -0.400818 3.95397 3.6
    endloop
  endfacet
  facet normal 0.978732 -0.205143 0
    outer loop
      vertex -0.405075 3.93366 4
      vertex -0.400818 3.95397 3.6
      vertex -0.400818 3.95397 4
    endloop
  endfacet
  facet normal 0.978732 -0.205143 0
    outer loop
      vertex -0.400818 3.95397 3.6
      vertex -0.405075 3.93366 4
      vertex -0.405075 3.93366 3.6
    endloop
  endfacet
  facet normal 0.954332 -0.298749 0
    outer loop
      vertex -0.411026 3.91465 4
      vertex -0.405075 3.93366 3.6
      vertex -0.405075 3.93366 4
    endloop
  endfacet
  facet normal 0.954332 -0.298749 0
    outer loop
      vertex -0.405075 3.93366 3.6
      vertex -0.411026 3.91465 4
      vertex -0.411026 3.91465 3.6
    endloop
  endfacet
  facet normal 0.917461 -0.397826 0
    outer loop
      vertex -0.418701 3.89695 4
      vertex -0.411026 3.91465 3.6
      vertex -0.411026 3.91465 4
    endloop
  endfacet
  facet normal 0.917461 -0.397826 0
    outer loop
      vertex -0.411026 3.91465 3.6
      vertex -0.418701 3.89695 4
      vertex -0.418701 3.89695 3.6
    endloop
  endfacet
  facet normal 0.868168 -0.49627 0
    outer loop
      vertex -0.42807 3.88056 4
      vertex -0.418701 3.89695 3.6
      vertex -0.418701 3.89695 4
    endloop
  endfacet
  facet normal 0.868168 -0.49627 0
    outer loop
      vertex -0.418701 3.89695 3.6
      vertex -0.42807 3.88056 4
      vertex -0.42807 3.88056 3.6
    endloop
  endfacet
  facet normal 0.806481 -0.591259 0
    outer loop
      vertex -0.439133 3.86547 4
      vertex -0.42807 3.88056 3.6
      vertex -0.42807 3.88056 4
    endloop
  endfacet
  facet normal 0.806481 -0.591259 0
    outer loop
      vertex -0.42807 3.88056 3.6
      vertex -0.439133 3.86547 4
      vertex -0.439133 3.86547 3.6
    endloop
  endfacet
  facet normal 0.732957 -0.680275 0
    outer loop
      vertex -0.451904 3.85171 4
      vertex -0.439133 3.86547 3.6
      vertex -0.439133 3.86547 4
    endloop
  endfacet
  facet normal 0.732957 -0.680275 0
    outer loop
      vertex -0.439133 3.86547 3.6
      vertex -0.451904 3.85171 4
      vertex -0.451904 3.85171 3.6
    endloop
  endfacet
  facet normal 0.651929 -0.75828 0
    outer loop
      vertex -0.466385 3.83926 3.6
      vertex -0.451904 3.85171 4
      vertex -0.466385 3.83926 4
    endloop
  endfacet
  facet normal 0.651929 -0.75828 0
    outer loop
      vertex -0.451904 3.85171 4
      vertex -0.466385 3.83926 3.6
      vertex -0.451904 3.85171 3.6
    endloop
  endfacet
  facet normal 0.562906 -0.826521 0
    outer loop
      vertex -0.482742 3.82812 3.6
      vertex -0.466385 3.83926 4
      vertex -0.482742 3.82812 4
    endloop
  endfacet
  facet normal 0.562906 -0.826521 0
    outer loop
      vertex -0.466385 3.83926 4
      vertex -0.482742 3.82812 3.6
      vertex -0.466385 3.83926 3.6
    endloop
  endfacet
  facet normal 0.471224 -0.882013 0
    outer loop
      vertex -0.50116 3.81828 3.6
      vertex -0.482742 3.82812 4
      vertex -0.50116 3.81828 4
    endloop
  endfacet
  facet normal 0.471224 -0.882013 0
    outer loop
      vertex -0.482742 3.82812 4
      vertex -0.50116 3.81828 3.6
      vertex -0.482742 3.82812 3.6
    endloop
  endfacet
  facet normal 0.383911 -0.92337 0
    outer loop
      vertex -0.521652 3.80976 3.6
      vertex -0.50116 3.81828 4
      vertex -0.521652 3.80976 4
    endloop
  endfacet
  facet normal 0.383911 -0.92337 0
    outer loop
      vertex -0.50116 3.81828 4
      vertex -0.521652 3.80976 3.6
      vertex -0.50116 3.81828 3.6
    endloop
  endfacet
  facet normal 0.305088 -0.952324 0
    outer loop
      vertex -0.544189 3.80254 3.6
      vertex -0.521652 3.80976 4
      vertex -0.544189 3.80254 4
    endloop
  endfacet
  facet normal 0.305088 -0.952324 0
    outer loop
      vertex -0.521652 3.80976 4
      vertex -0.544189 3.80254 3.6
      vertex -0.521652 3.80976 3.6
    endloop
  endfacet
  facet normal 0.233107 -0.972451 0
    outer loop
      vertex -0.568802 3.79664 3.6
      vertex -0.544189 3.80254 4
      vertex -0.568802 3.79664 4
    endloop
  endfacet
  facet normal 0.233107 -0.972451 0
    outer loop
      vertex -0.544189 3.80254 4
      vertex -0.568802 3.79664 3.6
      vertex -0.544189 3.80254 3.6
    endloop
  endfacet
  facet normal 0.16914 -0.985592 0
    outer loop
      vertex -0.59549 3.79206 3.6
      vertex -0.568802 3.79664 4
      vertex -0.59549 3.79206 4
    endloop
  endfacet
  facet normal 0.16914 -0.985592 0
    outer loop
      vertex -0.568802 3.79664 4
      vertex -0.59549 3.79206 3.6
      vertex -0.568802 3.79664 3.6
    endloop
  endfacet
  facet normal 0.113363 -0.993554 0
    outer loop
      vertex -0.624237 3.78878 3.6
      vertex -0.59549 3.79206 4
      vertex -0.624237 3.78878 4
    endloop
  endfacet
  facet normal 0.113363 -0.993554 0
    outer loop
      vertex -0.59549 3.79206 4
      vertex -0.624237 3.78878 3.6
      vertex -0.59549 3.79206 3.6
    endloop
  endfacet
  facet normal 0.0638141 -0.997962 0
    outer loop
      vertex -0.655045 3.78681 3.6
      vertex -0.624237 3.78878 4
      vertex -0.655045 3.78681 4
    endloop
  endfacet
  facet normal 0.0638141 -0.997962 0
    outer loop
      vertex -0.624237 3.78878 4
      vertex -0.655045 3.78681 3.6
      vertex -0.624237 3.78878 3.6
    endloop
  endfacet
  facet normal 0.0197728 -0.999804 0
    outer loop
      vertex -0.687912 3.78616 3.6
      vertex -0.655045 3.78681 4
      vertex -0.687912 3.78616 4
    endloop
  endfacet
  facet normal 0.0197728 -0.999804 0
    outer loop
      vertex -0.655045 3.78681 4
      vertex -0.687912 3.78616 3.6
      vertex -0.655045 3.78681 3.6
    endloop
  endfacet
  facet normal 0 -1 0
    outer loop
      vertex -1.10049 3.78616 3.6
      vertex -0.687912 3.78616 4
      vertex -1.10049 3.78616 4
    endloop
  endfacet
  facet normal 0 -1 -0
    outer loop
      vertex -0.687912 3.78616 4
      vertex -1.10049 3.78616 3.6
      vertex -0.687912 3.78616 3.6
    endloop
  endfacet
  facet normal -1 0 0
    outer loop
      vertex -1.10049 3.02696 3.6
      vertex -1.10049 3.52007 4
      vertex -1.10049 3.52007 3.6
    endloop
  endfacet
  facet normal -1 -0 0
    outer loop
      vertex -1.10049 3.52007 4
      vertex -1.10049 3.02696 3.6
      vertex -1.10049 3.02696 4
    endloop
  endfacet
  facet normal 0 1 -0
    outer loop
      vertex -0.643967 3.52007 3.6
      vertex -1.10049 3.52007 4
      vertex -0.643967 3.52007 4
    endloop
  endfacet
  facet normal 0 1 0
    outer loop
      vertex -1.10049 3.52007 4
      vertex -0.643967 3.52007 3.6
      vertex -1.10049 3.52007 3.6
    endloop
  endfacet
  facet normal 0.0407885 0.999168 -0
    outer loop
      vertex -0.571213 3.5171 3.6
      vertex -0.643967 3.52007 4
      vertex -0.571213 3.5171 4
    endloop
  endfacet
  facet normal 0.0407885 0.999168 0
    outer loop
      vertex -0.643967 3.52007 4
      vertex -0.571213 3.5171 3.6
      vertex -0.643967 3.52007 3.6
    endloop
  endfacet
  facet normal 0.138237 0.990399 -0
    outer loop
      vertex -0.507019 3.50814 3.6
      vertex -0.571213 3.5171 4
      vertex -0.507019 3.50814 4
    endloop
  endfacet
  facet normal 0.138237 0.990399 0
    outer loop
      vertex -0.571213 3.5171 4
      vertex -0.507019 3.50814 3.6
      vertex -0.571213 3.5171 3.6
    endloop
  endfacet
  facet normal 0.259028 0.96587 -0
    outer loop
      vertex -0.451385 3.49322 3.6
      vertex -0.507019 3.50814 4
      vertex -0.451385 3.49322 4
    endloop
  endfacet
  facet normal 0.259028 0.96587 0
    outer loop
      vertex -0.507019 3.50814 4
      vertex -0.451385 3.49322 3.6
      vertex -0.507019 3.50814 3.6
    endloop
  endfacet
  facet normal 0.40536 0.914157 -0
    outer loop
      vertex -0.404297 3.47234 3.6
      vertex -0.451385 3.49322 4
      vertex -0.404297 3.47234 4
    endloop
  endfacet
  facet normal 0.40536 0.914157 0
    outer loop
      vertex -0.451385 3.49322 4
      vertex -0.404297 3.47234 3.6
      vertex -0.451385 3.49322 3.6
    endloop
  endfacet
  facet normal 0.571902 0.820322 -0
    outer loop
      vertex -0.365784 3.44549 3.6
      vertex -0.404297 3.47234 4
      vertex -0.365784 3.44549 4
    endloop
  endfacet
  facet normal 0.571902 0.820322 0
    outer loop
      vertex -0.404297 3.47234 4
      vertex -0.365784 3.44549 3.6
      vertex -0.404297 3.47234 3.6
    endloop
  endfacet
  facet normal 0.738632 0.674109 0
    outer loop
      vertex -0.335831 3.41267 4
      vertex -0.365784 3.44549 3.6
      vertex -0.365784 3.44549 4
    endloop
  endfacet
  facet normal 0.738632 0.674109 0
    outer loop
      vertex -0.365784 3.44549 3.6
      vertex -0.335831 3.41267 4
      vertex -0.335831 3.41267 3.6
    endloop
  endfacet
  facet normal 0.875514 0.483192 0
    outer loop
      vertex -0.314423 3.37388 4
      vertex -0.335831 3.41267 3.6
      vertex -0.335831 3.41267 4
    endloop
  endfacet
  facet normal 0.875514 0.483192 0
    outer loop
      vertex -0.335831 3.41267 3.6
      vertex -0.314423 3.37388 4
      vertex -0.314423 3.37388 3.6
    endloop
  endfacet
  facet normal 0.961288 0.275546 0
    outer loop
      vertex -0.30159 3.32911 4
      vertex -0.314423 3.37388 3.6
      vertex -0.314423 3.37388 4
    endloop
  endfacet
  facet normal 0.961288 0.275546 0
    outer loop
      vertex -0.314423 3.37388 3.6
      vertex -0.30159 3.32911 4
      vertex -0.30159 3.32911 3.6
    endloop
  endfacet
  facet normal 0.996445 0.0842421 0
    outer loop
      vertex -0.297302 3.27839 4
      vertex -0.30159 3.32911 3.6
      vertex -0.30159 3.32911 4
    endloop
  endfacet
  facet normal 0.996445 0.0842421 0
    outer loop
      vertex -0.30159 3.32911 3.6
      vertex -0.297302 3.27839 4
      vertex -0.297302 3.27839 3.6
    endloop
  endfacet
  facet normal 0.999334 -0.0365 0
    outer loop
      vertex -0.298294 3.25123 4
      vertex -0.297302 3.27839 3.6
      vertex -0.297302 3.27839 4
    endloop
  endfacet
  facet normal 0.999334 -0.0365 0
    outer loop
      vertex -0.297302 3.27839 3.6
      vertex -0.298294 3.25123 4
      vertex -0.298294 3.25123 3.6
    endloop
  endfacet
  facet normal 0.993382 -0.11486 0
    outer loop
      vertex -0.301254 3.22563 4
      vertex -0.298294 3.25123 3.6
      vertex -0.298294 3.25123 4
    endloop
  endfacet
  facet normal 0.993382 -0.11486 0
    outer loop
      vertex -0.298294 3.25123 3.6
      vertex -0.301254 3.22563 4
      vertex -0.301254 3.22563 3.6
    endloop
  endfacet
  facet normal 0.97955 -0.2012 0
    outer loop
      vertex -0.306198 3.20156 4
      vertex -0.301254 3.22563 3.6
      vertex -0.301254 3.22563 4
    endloop
  endfacet
  facet normal 0.97955 -0.2012 0
    outer loop
      vertex -0.301254 3.22563 3.6
      vertex -0.306198 3.20156 4
      vertex -0.306198 3.20156 3.6
    endloop
  endfacet
  facet normal 0.955911 -0.293656 0
    outer loop
      vertex -0.31311 3.17906 4
      vertex -0.306198 3.20156 3.6
      vertex -0.306198 3.20156 4
    endloop
  endfacet
  facet normal 0.955911 -0.293656 0
    outer loop
      vertex -0.306198 3.20156 3.6
      vertex -0.31311 3.17906 4
      vertex -0.31311 3.17906 3.6
    endloop
  endfacet
  facet normal 0.920757 -0.390136 0
    outer loop
      vertex -0.321991 3.1581 4
      vertex -0.31311 3.17906 3.6
      vertex -0.31311 3.17906 4
    endloop
  endfacet
  facet normal 0.920757 -0.390136 0
    outer loop
      vertex -0.31311 3.17906 3.6
      vertex -0.321991 3.1581 4
      vertex -0.321991 3.1581 3.6
    endloop
  endfacet
  facet normal 0.872686 -0.488281 0
    outer loop
      vertex -0.33284 3.13871 4
      vertex -0.321991 3.1581 3.6
      vertex -0.321991 3.1581 4
    endloop
  endfacet
  facet normal 0.872686 -0.488281 0
    outer loop
      vertex -0.321991 3.1581 3.6
      vertex -0.33284 3.13871 4
      vertex -0.33284 3.13871 3.6
    endloop
  endfacet
  facet normal 0.811944 -0.583735 0
    outer loop
      vertex -0.345673 3.12086 4
      vertex -0.33284 3.13871 3.6
      vertex -0.33284 3.13871 4
    endloop
  endfacet
  facet normal 0.811944 -0.583735 0
    outer loop
      vertex -0.33284 3.13871 3.6
      vertex -0.345673 3.12086 4
      vertex -0.345673 3.12086 3.6
    endloop
  endfacet
  facet normal 0.740195 -0.672393 0
    outer loop
      vertex -0.360489 3.10455 4
      vertex -0.345673 3.12086 3.6
      vertex -0.345673 3.12086 4
    endloop
  endfacet
  facet normal 0.740195 -0.672393 0
    outer loop
      vertex -0.345673 3.12086 3.6
      vertex -0.360489 3.10455 4
      vertex -0.360489 3.10455 3.6
    endloop
  endfacet
  facet normal 0.660206 -0.751085 0
    outer loop
      vertex -0.377258 3.08981 3.6
      vertex -0.360489 3.10455 4
      vertex -0.377258 3.08981 4
    endloop
  endfacet
  facet normal 0.660206 -0.751085 0
    outer loop
      vertex -0.360489 3.10455 4
      vertex -0.377258 3.08981 3.6
      vertex -0.360489 3.10455 3.6
    endloop
  endfacet
  facet normal 0.572161 -0.820141 0
    outer loop
      vertex -0.396179 3.07661 3.6
      vertex -0.377258 3.08981 4
      vertex -0.396179 3.07661 4
    endloop
  endfacet
  facet normal 0.572161 -0.820141 0
    outer loop
      vertex -0.377258 3.08981 4
      vertex -0.396179 3.07661 3.6
      vertex -0.377258 3.08981 3.6
    endloop
  endfacet
  facet normal 0.48053 -0.876978 0
    outer loop
      vertex -0.417404 3.06498 3.6
      vertex -0.396179 3.07661 4
      vertex -0.417404 3.06498 4
    endloop
  endfacet
  facet normal 0.48053 -0.876978 0
    outer loop
      vertex -0.396179 3.07661 4
      vertex -0.417404 3.06498 3.6
      vertex -0.396179 3.07661 3.6
    endloop
  endfacet
  facet normal 0.39424 -0.919008 0
    outer loop
      vertex -0.440948 3.05488 3.6
      vertex -0.417404 3.06498 4
      vertex -0.440948 3.05488 4
    endloop
  endfacet
  facet normal 0.39424 -0.919008 0
    outer loop
      vertex -0.417404 3.06498 4
      vertex -0.440948 3.05488 3.6
      vertex -0.417404 3.06498 3.6
    endloop
  endfacet
  facet normal 0.313536 -0.949576 0
    outer loop
      vertex -0.466782 3.04635 3.6
      vertex -0.440948 3.05488 4
      vertex -0.466782 3.04635 4
    endloop
  endfacet
  facet normal 0.313536 -0.949576 0
    outer loop
      vertex -0.440948 3.05488 4
      vertex -0.466782 3.04635 3.6
      vertex -0.440948 3.05488 3.6
    endloop
  endfacet
  facet normal 0.241099 -0.970501 0
    outer loop
      vertex -0.494919 3.03936 3.6
      vertex -0.466782 3.04635 4
      vertex -0.494919 3.03936 4
    endloop
  endfacet
  facet normal 0.241099 -0.970501 0
    outer loop
      vertex -0.466782 3.04635 4
      vertex -0.494919 3.03936 3.6
      vertex -0.466782 3.04635 3.6
    endloop
  endfacet
  facet normal 0.175522 -0.984475 0
    outer loop
      vertex -0.525375 3.03393 3.6
      vertex -0.494919 3.03936 4
      vertex -0.525375 3.03393 4
    endloop
  endfacet
  facet normal 0.175522 -0.984475 0
    outer loop
      vertex -0.494919 3.03936 4
      vertex -0.525375 3.03393 3.6
      vertex -0.494919 3.03936 3.6
    endloop
  endfacet
  facet normal 0.117665 -0.993053 0
    outer loop
      vertex -0.558121 3.03005 3.6
      vertex -0.525375 3.03393 4
      vertex -0.558121 3.03005 4
    endloop
  endfacet
  facet normal 0.117665 -0.993053 0
    outer loop
      vertex -0.525375 3.03393 4
      vertex -0.558121 3.03005 3.6
      vertex -0.525375 3.03393 3.6
    endloop
  endfacet
  facet normal 0.0663037 -0.997799 0
    outer loop
      vertex -0.593185 3.02772 3.6
      vertex -0.558121 3.03005 4
      vertex -0.593185 3.02772 4
    endloop
  endfacet
  facet normal 0.0663037 -0.997799 0
    outer loop
      vertex -0.558121 3.03005 4
      vertex -0.593185 3.02772 3.6
      vertex -0.558121 3.03005 3.6
    endloop
  endfacet
  facet normal 0.0203417 -0.999793 0
    outer loop
      vertex -0.630539 3.02696 3.6
      vertex -0.593185 3.02772 4
      vertex -0.630539 3.02696 4
    endloop
  endfacet
  facet normal 0.0203417 -0.999793 0
    outer loop
      vertex -0.593185 3.02772 4
      vertex -0.630539 3.02696 3.6
      vertex -0.593185 3.02772 3.6
    endloop
  endfacet
  facet normal 0 -1 0
    outer loop
      vertex -1.10049 3.02696 3.6
      vertex -0.630539 3.02696 4
      vertex -1.10049 3.02696 4
    endloop
  endfacet
  facet normal 0 -1 -0
    outer loop
      vertex -0.630539 3.02696 4
      vertex -1.10049 3.02696 3.6
      vertex -0.630539 3.02696 3.6
    endloop
  endfacet
  facet normal 0 -1 0
    outer loop
      vertex 0.662598 3.03793 3.6
      vertex 1.70502 3.03793 4
      vertex 0.662598 3.03793 4
    endloop
  endfacet
  facet normal 0 -1 -0
    outer loop
      vertex 1.70502 3.03793 4
      vertex 0.662598 3.03793 3.6
      vertex 1.70502 3.03793 3.6
    endloop
  endfacet
  facet normal -1 0 0
    outer loop
      vertex 0.662598 3.03793 3.6
      vertex 0.662598 3.49079 4
      vertex 0.662598 3.49079 3.6
    endloop
  endfacet
  facet normal -1 -0 0
    outer loop
      vertex 0.662598 3.49079 4
      vertex 0.662598 3.03793 3.6
      vertex 0.662598 3.03793 4
    endloop
  endfacet
  facet normal 0 1 -0
    outer loop
      vertex 1.58051 3.49079 3.6
      vertex 0.662598 3.49079 4
      vertex 1.58051 3.49079 4
    endloop
  endfacet
  facet normal 0 1 0
    outer loop
      vertex 0.662598 3.49079 4
      vertex 1.58051 3.49079 3.6
      vertex 0.662598 3.49079 3.6
    endloop
  endfacet
  facet normal -1 0 0
    outer loop
      vertex 1.58051 3.49079 3.6
      vertex 1.58051 3.76908 4
      vertex 1.58051 3.76908 3.6
    endloop
  endfacet
  facet normal -1 -0 0
    outer loop
      vertex 1.58051 3.76908 4
      vertex 1.58051 3.49079 3.6
      vertex 1.58051 3.49079 4
    endloop
  endfacet
  facet normal 0 -1 0
    outer loop
      vertex 0.662598 3.76908 3.6
      vertex 1.58051 3.76908 4
      vertex 0.662598 3.76908 4
    endloop
  endfacet
  facet normal 0 -1 -0
    outer loop
      vertex 1.58051 3.76908 4
      vertex 0.662598 3.76908 3.6
      vertex 1.58051 3.76908 3.6
    endloop
  endfacet
  facet normal -1 0 0
    outer loop
      vertex 0.662598 3.76908 3.6
      vertex 0.662598 4.20118 4
      vertex 0.662598 4.20118 3.6
    endloop
  endfacet
  facet normal -1 -0 0
    outer loop
      vertex 0.662598 4.20118 4
      vertex 0.662598 3.76908 3.6
      vertex 0.662598 3.76908 4
    endloop
  endfacet
  facet normal 0 1 -0
    outer loop
      vertex 1.65498 4.20118 3.6
      vertex 0.662598 4.20118 4
      vertex 1.65498 4.20118 4
    endloop
  endfacet
  facet normal 0 1 0
    outer loop
      vertex 0.662598 4.20118 4
      vertex 1.65498 4.20118 3.6
      vertex 0.662598 4.20118 3.6
    endloop
  endfacet
  facet normal -1 0 0
    outer loop
      vertex 1.65498 4.20118 3.6
      vertex 1.65498 4.47949 4
      vertex 1.65498 4.47949 3.6
    endloop
  endfacet
  facet normal -1 -0 0
    outer loop
      vertex 1.65498 4.47949 4
      vertex 1.65498 4.20118 3.6
      vertex 1.65498 4.20118 4
    endloop
  endfacet
  facet normal 0 -1 0
    outer loop
      vertex 0.302505 4.47949 3.6
      vertex 1.65498 4.47949 4
      vertex 0.302505 4.47949 4
    endloop
  endfacet
  facet normal 0 -1 -0
    outer loop
      vertex 1.65498 4.47949 4
      vertex 0.302505 4.47949 3.6
      vertex 1.65498 4.47949 3.6
    endloop
  endfacet
  facet normal 1 -0 0
    outer loop
      vertex 0.302505 2.75964 4
      vertex 0.302505 4.47949 3.6
      vertex 0.302505 4.47949 4
    endloop
  endfacet
  facet normal 1 0 0
    outer loop
      vertex 0.302505 4.47949 3.6
      vertex 0.302505 2.75964 4
      vertex 0.302505 2.75964 3.6
    endloop
  endfacet
  facet normal 0 1 -0
    outer loop
      vertex 1.70502 2.75964 3.6
      vertex 0.302505 2.75964 4
      vertex 1.70502 2.75964 4
    endloop
  endfacet
  facet normal 0 1 0
    outer loop
      vertex 0.302505 2.75964 4
      vertex 1.70502 2.75964 3.6
      vertex 0.302505 2.75964 3.6
    endloop
  endfacet
  facet normal -1 0 0
    outer loop
      vertex 1.70502 2.75964 3.6
      vertex 1.70502 3.03793 4
      vertex 1.70502 3.03793 3.6
    endloop
  endfacet
  facet normal -1 -0 0
    outer loop
      vertex 1.70502 3.03793 4
      vertex 1.70502 2.75964 3.6
      vertex 1.70502 2.75964 4
    endloop
  endfacet
  facet normal -0.999946 -0.0103775 0
    outer loop
      vertex 2.25072 3.77395 3.6
      vertex 2.25044 3.80093 4
      vertex 2.25044 3.80093 3.6
    endloop
  endfacet
  facet normal -0.999946 -0.0103775 0
    outer loop
      vertex 2.25044 3.80093 4
      vertex 2.25072 3.77395 3.6
      vertex 2.25072 3.77395 4
    endloop
  endfacet
  facet normal -0.999606 -0.0280749 0
    outer loop
      vertex 2.25044 3.80093 3.6
      vertex 2.24963 3.82977 4
      vertex 2.24963 3.82977 3.6
    endloop
  endfacet
  facet normal -0.999606 -0.0280749 0
    outer loop
      vertex 2.24963 3.82977 4
      vertex 2.25044 3.80093 3.6
      vertex 2.25044 3.80093 4
    endloop
  endfacet
  facet normal -0.999035 -0.0439172 0
    outer loop
      vertex 2.24963 3.82977 3.6
      vertex 2.24828 3.86048 4
      vertex 2.24828 3.86048 3.6
    endloop
  endfacet
  facet normal -0.999035 -0.0439172 0
    outer loop
      vertex 2.24828 3.86048 4
      vertex 2.24963 3.82977 3.6
      vertex 2.24963 3.82977 4
    endloop
  endfacet
  facet normal -0.998304 -0.0582191 0
    outer loop
      vertex 2.24828 3.86048 3.6
      vertex 2.24638 3.89306 4
      vertex 2.24638 3.89306 3.6
    endloop
  endfacet
  facet normal -0.998304 -0.0582191 0
    outer loop
      vertex 2.24638 3.89306 4
      vertex 2.24828 3.86048 3.6
      vertex 2.24828 3.86048 4
    endloop
  endfacet
  facet normal -0.997501 -0.0706503 0
    outer loop
      vertex 2.24638 3.89306 3.6
      vertex 2.24394 3.92751 4
      vertex 2.24394 3.92751 3.6
    endloop
  endfacet
  facet normal -0.997501 -0.0706503 0
    outer loop
      vertex 2.24394 3.92751 4
      vertex 2.24638 3.89306 3.6
      vertex 2.24638 3.89306 4
    endloop
  endfacet
  facet normal -0.996673 -0.0815011 0
    outer loop
      vertex 2.24394 3.92751 3.6
      vertex 2.24097 3.96383 4
      vertex 2.24097 3.96383 3.6
    endloop
  endfacet
  facet normal -0.996673 -0.0815011 0
    outer loop
      vertex 2.24097 3.96383 4
      vertex 2.24394 3.92751 3.6
      vertex 2.24394 3.92751 4
    endloop
  endfacet
  facet normal -0.995755 -0.0920402 0
    outer loop
      vertex 2.24097 3.96383 3.6
      vertex 2.23744 4.00202 4
      vertex 2.23744 4.00202 3.6
    endloop
  endfacet
  facet normal -0.995755 -0.0920402 0
    outer loop
      vertex 2.23744 4.00202 4
      vertex 2.24097 3.96383 3.6
      vertex 2.24097 3.96383 4
    endloop
  endfacet
  facet normal -0.994879 -0.101077 0
    outer loop
      vertex 2.23744 4.00202 3.6
      vertex 2.23337 4.04208 4
      vertex 2.23337 4.04208 3.6
    endloop
  endfacet
  facet normal -0.994879 -0.101077 0
    outer loop
      vertex 2.23337 4.04208 4
      vertex 2.23744 4.00202 3.6
      vertex 2.23744 4.00202 4
    endloop
  endfacet
  facet normal -0.99401 -0.109287 0
    outer loop
      vertex 2.23337 4.04208 3.6
      vertex 2.22876 4.08401 4
      vertex 2.22876 4.08401 3.6
    endloop
  endfacet
  facet normal -0.99401 -0.109287 0
    outer loop
      vertex 2.22876 4.08401 4
      vertex 2.23337 4.04208 3.6
      vertex 2.23337 4.04208 4
    endloop
  endfacet
  facet normal 0.870311 0.492502 0
    outer loop
      vertex 2.97821 2.75964 4
      vertex 2.22876 4.08401 3.6
      vertex 2.22876 4.08401 4
    endloop
  endfacet
  facet normal 0.870311 0.492502 0
    outer loop
      vertex 2.22876 4.08401 3.6
      vertex 2.97821 2.75964 4
      vertex 2.97821 2.75964 3.6
    endloop
  endfacet
  facet normal 0 1 -0
    outer loop
      vertex 3.40056 2.75964 3.6
      vertex 2.97821 2.75964 4
      vertex 3.40056 2.75964 4
    endloop
  endfacet
  facet normal 0 1 0
    outer loop
      vertex 2.97821 2.75964 4
      vertex 3.40056 2.75964 3.6
      vertex 2.97821 2.75964 3.6
    endloop
  endfacet
  facet normal -1 0 0
    outer loop
      vertex 3.40056 2.75964 3.6
      vertex 3.40056 4.47949 4
      vertex 3.40056 4.47949 3.6
    endloop
  endfacet
  facet normal -1 -0 0
    outer loop
      vertex 3.40056 4.47949 4
      vertex 3.40056 2.75964 3.6
      vertex 3.40056 2.75964 4
    endloop
  endfacet
  facet normal 0 -1 0
    outer loop
      vertex 3.08075 4.47949 3.6
      vertex 3.40056 4.47949 4
      vertex 3.08075 4.47949 4
    endloop
  endfacet
  facet normal 0 -1 -0
    outer loop
      vertex 3.40056 4.47949 4
      vertex 3.08075 4.47949 3.6
      vertex 3.40056 4.47949 3.6
    endloop
  endfacet
  facet normal 1 -0 0
    outer loop
      vertex 3.08075 3.47979 4
      vertex 3.08075 4.47949 3.6
      vertex 3.08075 4.47949 4
    endloop
  endfacet
  facet normal 1 0 0
    outer loop
      vertex 3.08075 4.47949 3.6
      vertex 3.08075 3.47979 4
      vertex 3.08075 3.47979 3.6
    endloop
  endfacet
  facet normal 0.999969 0.0079316 0
    outer loop
      vertex 3.08102 3.44575 4
      vertex 3.08075 3.47979 3.6
      vertex 3.08075 3.47979 4
    endloop
  endfacet
  facet normal 0.999969 0.0079316 0
    outer loop
      vertex 3.08075 3.47979 3.6
      vertex 3.08102 3.44575 4
      vertex 3.08102 3.44575 3.6
    endloop
  endfacet
  facet normal 0.99973 0.0232362 0
    outer loop
      vertex 3.08183 3.4109 4
      vertex 3.08102 3.44575 3.6
      vertex 3.08102 3.44575 4
    endloop
  endfacet
  facet normal 0.99973 0.0232362 0
    outer loop
      vertex 3.08102 3.44575 3.6
      vertex 3.08183 3.4109 4
      vertex 3.08183 3.4109 3.6
    endloop
  endfacet
  facet normal 0.999274 0.0381103 0
    outer loop
      vertex 3.08319 3.37524 4
      vertex 3.08183 3.4109 3.6
      vertex 3.08183 3.4109 4
    endloop
  endfacet
  facet normal 0.999274 0.0381103 0
    outer loop
      vertex 3.08183 3.4109 3.6
      vertex 3.08319 3.37524 4
      vertex 3.08319 3.37524 3.6
    endloop
  endfacet
  facet normal 0.998633 0.0522715 0
    outer loop
      vertex 3.0851 3.33875 4
      vertex 3.08319 3.37524 3.6
      vertex 3.08319 3.37524 4
    endloop
  endfacet
  facet normal 0.998633 0.0522715 0
    outer loop
      vertex 3.08319 3.37524 3.6
      vertex 3.0851 3.33875 4
      vertex 3.0851 3.33875 3.6
    endloop
  endfacet
  facet normal 0.997901 0.0647605 0
    outer loop
      vertex 3.08752 3.30146 4
      vertex 3.0851 3.33875 3.6
      vertex 3.0851 3.33875 4
    endloop
  endfacet
  facet normal 0.997901 0.0647605 0
    outer loop
      vertex 3.0851 3.33875 3.6
      vertex 3.08752 3.30146 4
      vertex 3.08752 3.30146 3.6
    endloop
  endfacet
  facet normal 0.996918 0.0784563 0
    outer loop
      vertex 3.09052 3.26334 4
      vertex 3.08752 3.30146 3.6
      vertex 3.08752 3.30146 4
    endloop
  endfacet
  facet normal 0.996918 0.0784563 0
    outer loop
      vertex 3.08752 3.30146 3.6
      vertex 3.09052 3.26334 4
      vertex 3.09052 3.26334 3.6
    endloop
  endfacet
  facet normal 0.995935 0.0900743 0
    outer loop
      vertex 3.09404 3.22442 4
      vertex 3.09052 3.26334 3.6
      vertex 3.09052 3.26334 4
    endloop
  endfacet
  facet normal 0.995935 0.0900743 0
    outer loop
      vertex 3.09052 3.26334 3.6
      vertex 3.09404 3.22442 4
      vertex 3.09404 3.22442 3.6
    endloop
  endfacet
  facet normal 0.994819 0.10166 0
    outer loop
      vertex 3.0981 3.18469 4
      vertex 3.09404 3.22442 3.6
      vertex 3.09404 3.22442 4
    endloop
  endfacet
  facet normal 0.994819 0.10166 0
    outer loop
      vertex 3.09404 3.22442 3.6
      vertex 3.0981 3.18469 4
      vertex 3.0981 3.18469 3.6
    endloop
  endfacet
  facet normal 0.993603 0.112932 0
    outer loop
      vertex 3.10271 3.14413 4
      vertex 3.0981 3.18469 3.6
      vertex 3.0981 3.18469 4
    endloop
  endfacet
  facet normal 0.993603 0.112932 0
    outer loop
      vertex 3.0981 3.18469 3.6
      vertex 3.10271 3.14413 4
      vertex 3.10271 3.14413 3.6
    endloop
  endfacet
  facet normal -0.868977 -0.494852 0
    outer loop
      vertex 3.10271 3.14413 3.6
      vertex 2.34227 4.47949 4
      vertex 2.34227 4.47949 3.6
    endloop
  endfacet
  facet normal -0.868977 -0.494852 0
    outer loop
      vertex 2.34227 4.47949 4
      vertex 3.10271 3.14413 3.6
      vertex 3.10271 3.14413 4
    endloop
  endfacet
  facet normal 0 -1 0
    outer loop
      vertex 1.93091 4.47949 3.6
      vertex 2.34227 4.47949 4
      vertex 1.93091 4.47949 4
    endloop
  endfacet
  facet normal 0 -1 -0
    outer loop
      vertex 2.34227 4.47949 4
      vertex 1.93091 4.47949 3.6
      vertex 2.34227 4.47949 3.6
    endloop
  endfacet
  facet normal 1 -0 0
    outer loop
      vertex 1.93091 2.75964 4
      vertex 1.93091 4.47949 3.6
      vertex 1.93091 4.47949 4
    endloop
  endfacet
  facet normal 1 0 0
    outer loop
      vertex 1.93091 4.47949 3.6
      vertex 1.93091 2.75964 4
      vertex 1.93091 2.75964 3.6
    endloop
  endfacet
  facet normal 0 1 -0
    outer loop
      vertex 2.25072 2.75964 3.6
      vertex 1.93091 2.75964 4
      vertex 2.25072 2.75964 4
    endloop
  endfacet
  facet normal 0 1 0
    outer loop
      vertex 1.93091 2.75964 4
      vertex 2.25072 2.75964 3.6
      vertex 1.93091 2.75964 3.6
    endloop
  endfacet
  facet normal -1 0 0
    outer loop
      vertex 2.25072 2.75964 3.6
      vertex 2.25072 3.77395 4
      vertex 2.25072 3.77395 3.6
    endloop
  endfacet
  facet normal -1 -0 0
    outer loop
      vertex 2.25072 3.77395 4
      vertex 2.25072 2.75964 3.6
      vertex 2.25072 2.75964 4
    endloop
  endfacet
endsolid OpenSCAD_Model
