solid OpenSCAD_Model
  facet normal -0.671591 -0.740922 0
    outer loop
      vertex -10.748 -10.748 1.6
      vertex -9.64278 -11.7498 4.6
      vertex -10.748 -10.748 4.6
    endloop
  endfacet
  facet normal -0.671591 -0.740922 -0
    outer loop
      vertex -9.64278 -11.7498 4.6
      vertex -10.748 -10.748 1.6
      vertex -9.64278 -11.7498 1.6
    endloop
  endfacet
  facet normal -0.941549 0.336876 0
    outer loop
      vertex -14.5455 4.41233 1.6
      vertex -14.043 5.81679 4.6
      vertex -14.043 5.81679 1.6
    endloop
  endfacet
  facet normal -0.941549 0.336876 0
    outer loop
      vertex -14.043 5.81679 4.6
      vertex -14.5455 4.41233 1.6
      vertex -14.5455 4.41233 4.6
    endloop
  endfacet
  facet normal 0.989174 0.146749 0
    outer loop
      vertex 15.1268 1.48986 4.6
      vertex 14.9079 2.96537 1.6
      vertex 14.9079 2.96537 4.6
    endloop
  endfacet
  facet normal 0.989174 0.146749 0
    outer loop
      vertex 14.9079 2.96537 1.6
      vertex 15.1268 1.48986 4.6
      vertex 15.1268 1.48986 1.6
    endloop
  endfacet
  facet normal 0.998795 0.0490729 0
    outer loop
      vertex 15.2 0 4.6
      vertex 15.1268 1.48986 1.6
      vertex 15.1268 1.48986 4.6
    endloop
  endfacet
  facet normal 0.998795 0.0490729 0
    outer loop
      vertex 15.1268 1.48986 1.6
      vertex 15.2 0 4.6
      vertex 15.2 0 1.6
    endloop
  endfacet
  facet normal -0.514119 -0.857719 0
    outer loop
      vertex -8.44467 -12.6383 1.6
      vertex -7.16523 -13.4052 4.6
      vertex -8.44467 -12.6383 4.6
    endloop
  endfacet
  facet normal -0.514119 -0.857719 -0
    outer loop
      vertex -7.16523 -13.4052 4.6
      vertex -8.44467 -12.6383 1.6
      vertex -7.16523 -13.4052 1.6
    endloop
  endfacet
  facet normal 0.671591 0.740922 -0
    outer loop
      vertex 10.748 10.748 1.6
      vertex 9.64278 11.7498 4.6
      vertex 10.748 10.748 4.6
    endloop
  endfacet
  facet normal 0.671591 0.740922 0
    outer loop
      vertex 9.64278 11.7498 4.6
      vertex 10.748 10.748 1.6
      vertex 9.64278 11.7498 1.6
    endloop
  endfacet
  facet normal -0.146749 -0.989174 0
    outer loop
      vertex -2.96537 -14.9079 1.6
      vertex -1.48986 -15.1268 4.6
      vertex -2.96537 -14.9079 4.6
    endloop
  endfacet
  facet normal -0.146749 -0.989174 -0
    outer loop
      vertex -1.48986 -15.1268 4.6
      vertex -2.96537 -14.9079 1.6
      vertex -1.48986 -15.1268 1.6
    endloop
  endfacet
  facet normal 0.740922 0.671591 0
    outer loop
      vertex 11.7498 9.64278 4.6
      vertex 10.748 10.748 1.6
      vertex 10.748 10.748 4.6
    endloop
  endfacet
  facet normal 0.740922 0.671591 0
    outer loop
      vertex 10.748 10.748 1.6
      vertex 11.7498 9.64278 4.6
      vertex 11.7498 9.64278 1.6
    endloop
  endfacet
  facet normal 0.427574 0.90398 -0
    outer loop
      vertex 7.16523 13.4052 1.6
      vertex 5.81679 14.043 4.6
      vertex 7.16523 13.4052 4.6
    endloop
  endfacet
  facet normal 0.427574 0.90398 0
    outer loop
      vertex 5.81679 14.043 4.6
      vertex 7.16523 13.4052 1.6
      vertex 5.81679 14.043 1.6
    endloop
  endfacet
  facet normal 0.0490729 -0.998795 0
    outer loop
      vertex 0 -15.2 1.6
      vertex 1.48986 -15.1268 4.6
      vertex 0 -15.2 4.6
    endloop
  endfacet
  facet normal 0.0490729 -0.998795 0
    outer loop
      vertex 1.48986 -15.1268 4.6
      vertex 0 -15.2 1.6
      vertex 1.48986 -15.1268 1.6
    endloop
  endfacet
  facet normal -0.740922 0.671591 0
    outer loop
      vertex -11.7498 9.64278 1.6
      vertex -10.748 10.748 4.6
      vertex -10.748 10.748 1.6
    endloop
  endfacet
  facet normal -0.740922 0.671591 0
    outer loop
      vertex -10.748 10.748 4.6
      vertex -11.7498 9.64278 1.6
      vertex -11.7498 9.64278 4.6
    endloop
  endfacet
  facet normal 0.989174 -0.146749 0
    outer loop
      vertex 14.9079 -2.96537 4.6
      vertex 15.1268 -1.48986 1.6
      vertex 15.1268 -1.48986 4.6
    endloop
  endfacet
  facet normal 0.989174 -0.146749 0
    outer loop
      vertex 15.1268 -1.48986 1.6
      vertex 14.9079 -2.96537 4.6
      vertex 14.9079 -2.96537 1.6
    endloop
  endfacet
  facet normal 0.90398 0.427574 0
    outer loop
      vertex 14.043 5.81679 4.6
      vertex 13.4052 7.16523 1.6
      vertex 13.4052 7.16523 4.6
    endloop
  endfacet
  facet normal 0.90398 0.427574 0
    outer loop
      vertex 13.4052 7.16523 1.6
      vertex 14.043 5.81679 4.6
      vertex 14.043 5.81679 1.6
    endloop
  endfacet
  facet normal -0.242953 0.970038 0
    outer loop
      vertex -3.5 14.774 1.6
      vertex -4.41233 14.5455 4.6
      vertex -3.5 14.774 4.6
    endloop
  endfacet
  facet normal -0.242953 0.970038 0
    outer loop
      vertex -4.41233 14.5455 4.6
      vertex -3.5 14.774 1.6
      vertex -4.41233 14.5455 1.6
    endloop
  endfacet
  facet normal -0.803233 0.595665 0
    outer loop
      vertex -12.6383 8.44467 1.6
      vertex -11.7498 9.64278 4.6
      vertex -11.7498 9.64278 1.6
    endloop
  endfacet
  facet normal -0.803233 0.595665 0
    outer loop
      vertex -11.7498 9.64278 4.6
      vertex -12.6383 8.44467 1.6
      vertex -12.6383 8.44467 4.6
    endloop
  endfacet
  facet normal 0.242953 0.970038 -0
    outer loop
      vertex 4.41233 14.5455 1.6
      vertex 3.5 14.774 4.6
      vertex 4.41233 14.5455 4.6
    endloop
  endfacet
  facet normal 0.242953 0.970038 0
    outer loop
      vertex 3.5 14.774 4.6
      vertex 4.41233 14.5455 1.6
      vertex 3.5 14.774 1.6
    endloop
  endfacet
  facet normal 0.336876 0.941549 -0
    outer loop
      vertex 5.81679 14.043 1.6
      vertex 4.41233 14.5455 4.6
      vertex 5.81679 14.043 4.6
    endloop
  endfacet
  facet normal 0.336876 0.941549 0
    outer loop
      vertex 4.41233 14.5455 4.6
      vertex 5.81679 14.043 1.6
      vertex 4.41233 14.5455 1.6
    endloop
  endfacet
  facet normal 0.941549 0.336876 0
    outer loop
      vertex 14.5455 4.41233 4.6
      vertex 14.043 5.81679 1.6
      vertex 14.043 5.81679 4.6
    endloop
  endfacet
  facet normal 0.941549 0.336876 0
    outer loop
      vertex 14.043 5.81679 1.6
      vertex 14.5455 4.41233 4.6
      vertex 14.5455 4.41233 1.6
    endloop
  endfacet
  facet normal 0.595665 0.803233 -0
    outer loop
      vertex 9.64278 11.7498 1.6
      vertex 8.44467 12.6383 4.6
      vertex 9.64278 11.7498 4.6
    endloop
  endfacet
  facet normal 0.595665 0.803233 0
    outer loop
      vertex 8.44467 12.6383 4.6
      vertex 9.64278 11.7498 1.6
      vertex 8.44467 12.6383 1.6
    endloop
  endfacet
  facet normal -0.857719 -0.514119 0
    outer loop
      vertex -12.6383 -8.44467 1.6
      vertex -13.4052 -7.16523 4.6
      vertex -13.4052 -7.16523 1.6
    endloop
  endfacet
  facet normal -0.857719 -0.514119 0
    outer loop
      vertex -13.4052 -7.16523 4.6
      vertex -12.6383 -8.44467 1.6
      vertex -12.6383 -8.44467 4.6
    endloop
  endfacet
  facet normal 0.514119 0.857719 -0
    outer loop
      vertex 8.44467 12.6383 1.6
      vertex 7.16523 13.4052 4.6
      vertex 8.44467 12.6383 4.6
    endloop
  endfacet
  facet normal 0.514119 0.857719 0
    outer loop
      vertex 7.16523 13.4052 4.6
      vertex 8.44467 12.6383 1.6
      vertex 7.16523 13.4052 1.6
    endloop
  endfacet
  facet normal 0.941549 -0.336876 0
    outer loop
      vertex 14.043 -5.81679 4.6
      vertex 14.5455 -4.41233 1.6
      vertex 14.5455 -4.41233 4.6
    endloop
  endfacet
  facet normal 0.941549 -0.336876 0
    outer loop
      vertex 14.5455 -4.41233 1.6
      vertex 14.043 -5.81679 4.6
      vertex 14.043 -5.81679 1.6
    endloop
  endfacet
  facet normal -0.857719 0.514119 0
    outer loop
      vertex -13.4052 7.16523 1.6
      vertex -12.6383 8.44467 4.6
      vertex -12.6383 8.44467 1.6
    endloop
  endfacet
  facet normal -0.857719 0.514119 0
    outer loop
      vertex -12.6383 8.44467 4.6
      vertex -13.4052 7.16523 1.6
      vertex -13.4052 7.16523 4.6
    endloop
  endfacet
  facet normal -0.970038 -0.242952 0
    outer loop
      vertex -14.5455 -4.41233 1.6
      vertex -14.9079 -2.96537 4.6
      vertex -14.9079 -2.96537 1.6
    endloop
  endfacet
  facet normal -0.970038 -0.242952 0
    outer loop
      vertex -14.9079 -2.96537 4.6
      vertex -14.5455 -4.41233 1.6
      vertex -14.5455 -4.41233 4.6
    endloop
  endfacet
  facet normal 0.857719 0.514119 0
    outer loop
      vertex 13.4052 7.16523 4.6
      vertex 12.6383 8.44467 1.6
      vertex 12.6383 8.44467 4.6
    endloop
  endfacet
  facet normal 0.857719 0.514119 0
    outer loop
      vertex 12.6383 8.44467 1.6
      vertex 13.4052 7.16523 4.6
      vertex 13.4052 7.16523 1.6
    endloop
  endfacet
  facet normal -0.941549 -0.336876 0
    outer loop
      vertex -14.043 -5.81679 1.6
      vertex -14.5455 -4.41233 4.6
      vertex -14.5455 -4.41233 1.6
    endloop
  endfacet
  facet normal -0.941549 -0.336876 0
    outer loop
      vertex -14.5455 -4.41233 4.6
      vertex -14.043 -5.81679 1.6
      vertex -14.043 -5.81679 4.6
    endloop
  endfacet
  facet normal -0.671591 0.740922 0
    outer loop
      vertex -9.64278 11.7498 1.6
      vertex -10.748 10.748 4.6
      vertex -9.64278 11.7498 4.6
    endloop
  endfacet
  facet normal -0.671591 0.740922 0
    outer loop
      vertex -10.748 10.748 4.6
      vertex -9.64278 11.7498 1.6
      vertex -10.748 10.748 1.6
    endloop
  endfacet
  facet normal 0.970038 -0.242952 0
    outer loop
      vertex 14.5455 -4.41233 4.6
      vertex 14.9079 -2.96537 1.6
      vertex 14.9079 -2.96537 4.6
    endloop
  endfacet
  facet normal 0.970038 -0.242952 0
    outer loop
      vertex 14.9079 -2.96537 1.6
      vertex 14.5455 -4.41233 4.6
      vertex 14.5455 -4.41233 1.6
    endloop
  endfacet
  facet normal 0 0 -1
    outer loop
      vertex 14 0 1.6
      vertex 15.2 0 1.6
      vertex 15.1268 -1.48986 1.6
    endloop
  endfacet
  facet normal 0 0 -1
    outer loop
      vertex 13.9326 -1.37224 1.6
      vertex 15.1268 -1.48986 1.6
      vertex 14.9079 -2.96537 1.6
    endloop
  endfacet
  facet normal 0 0 -1
    outer loop
      vertex 15.2 0 1.6
      vertex 14 0 1.6
      vertex 15.1268 1.48986 1.6
    endloop
  endfacet
  facet normal 0 0 -1
    outer loop
      vertex 13.731 -2.73126 1.6
      vertex 14.9079 -2.96537 1.6
      vertex 14.5455 -4.41233 1.6
    endloop
  endfacet
  facet normal 0 0 -1
    outer loop
      vertex 13.9326 1.37224 1.6
      vertex 15.1268 1.48986 1.6
      vertex 14 0 1.6
    endloop
  endfacet
  facet normal 0 0 -1
    outer loop
      vertex 13.3972 -4.06398 1.6
      vertex 14.5455 -4.41233 1.6
      vertex 14.043 -5.81679 1.6
    endloop
  endfacet
  facet normal -0 0 -1
    outer loop
      vertex 15.1268 1.48986 1.6
      vertex 13.9326 1.37224 1.6
      vertex 14.9079 2.96537 1.6
    endloop
  endfacet
  facet normal 0 0 -1
    outer loop
      vertex 13.731 2.73126 1.6
      vertex 14.9079 2.96537 1.6
      vertex 13.9326 1.37224 1.6
    endloop
  endfacet
  facet normal 0 0 -1
    outer loop
      vertex 15.1268 -1.48986 1.6
      vertex 13.9326 -1.37224 1.6
      vertex 14 0 1.6
    endloop
  endfacet
  facet normal 0 0 -1
    outer loop
      vertex 14.9079 -2.96537 1.6
      vertex 13.731 -2.73126 1.6
      vertex 13.9326 -1.37224 1.6
    endloop
  endfacet
  facet normal 0 0 -1
    outer loop
      vertex 12.9343 -5.35757 1.6
      vertex 14.043 -5.81679 1.6
      vertex 13.4052 -7.16523 1.6
    endloop
  endfacet
  facet normal 0 0 -1
    outer loop
      vertex 14.5455 -4.41233 1.6
      vertex 13.3972 -4.06398 1.6
      vertex 13.731 -2.73126 1.6
    endloop
  endfacet
  facet normal 0 0 -1
    outer loop
      vertex 14.043 -5.81679 1.6
      vertex 12.9343 -5.35757 1.6
      vertex 13.3972 -4.06398 1.6
    endloop
  endfacet
  facet normal 0 0 -1
    outer loop
      vertex 12.3469 -6.59955 1.6
      vertex 13.4052 -7.16523 1.6
      vertex 12.6383 -8.44467 1.6
    endloop
  endfacet
  facet normal 0 0 -1
    outer loop
      vertex 13.4052 -7.16523 1.6
      vertex 12.3469 -6.59955 1.6
      vertex 12.9343 -5.35757 1.6
    endloop
  endfacet
  facet normal 0 0 -1
    outer loop
      vertex 11.6406 -7.77798 1.6
      vertex 12.6383 -8.44467 1.6
      vertex 11.7498 -9.64278 1.6
    endloop
  endfacet
  facet normal 0 0 -1
    outer loop
      vertex 12.6383 -8.44467 1.6
      vertex 11.6406 -7.77798 1.6
      vertex 12.3469 -6.59955 1.6
    endloop
  endfacet
  facet normal 0 0 -1
    outer loop
      vertex 11.7498 -9.64278 1.6
      vertex 10.8221 -8.88151 1.6
      vertex 11.6406 -7.77798 1.6
    endloop
  endfacet
  facet normal 0 0 -1
    outer loop
      vertex 10.748 -10.748 1.6
      vertex 10.8221 -8.88151 1.6
      vertex 11.7498 -9.64278 1.6
    endloop
  endfacet
  facet normal 0 0 -1
    outer loop
      vertex 10.748 -10.748 1.6
      vertex 9.89949 -9.89949 1.6
      vertex 10.8221 -8.88151 1.6
    endloop
  endfacet
  facet normal 0 0 -1
    outer loop
      vertex 9.64278 -11.7498 1.6
      vertex 9.89949 -9.89949 1.6
      vertex 10.748 -10.748 1.6
    endloop
  endfacet
  facet normal 0 0 -1
    outer loop
      vertex 9.64278 -11.7498 1.6
      vertex 8.88151 -10.8221 1.6
      vertex 9.89949 -9.89949 1.6
    endloop
  endfacet
  facet normal 0 0 -1
    outer loop
      vertex 8.44467 -12.6383 1.6
      vertex 8.88151 -10.8221 1.6
      vertex 9.64278 -11.7498 1.6
    endloop
  endfacet
  facet normal 0 0 -1
    outer loop
      vertex 8.44467 -12.6383 1.6
      vertex 7.77798 -11.6406 1.6
      vertex 8.88151 -10.8221 1.6
    endloop
  endfacet
  facet normal 0 0 -1
    outer loop
      vertex 7.16523 -13.4052 1.6
      vertex 7.77798 -11.6406 1.6
      vertex 8.44467 -12.6383 1.6
    endloop
  endfacet
  facet normal 0 0 -1
    outer loop
      vertex 7.16523 -13.4052 1.6
      vertex 6.59955 -12.3469 1.6
      vertex 7.77798 -11.6406 1.6
    endloop
  endfacet
  facet normal 0 0 -1
    outer loop
      vertex 5.81679 -14.043 1.6
      vertex 6.59955 -12.3469 1.6
      vertex 7.16523 -13.4052 1.6
    endloop
  endfacet
  facet normal 0 0 -1
    outer loop
      vertex 5.81679 -14.043 1.6
      vertex 5.35757 -12.9343 1.6
      vertex 6.59955 -12.3469 1.6
    endloop
  endfacet
  facet normal 0 0 -1
    outer loop
      vertex 4.41233 -14.5455 1.6
      vertex 5.35757 -12.9343 1.6
      vertex 5.81679 -14.043 1.6
    endloop
  endfacet
  facet normal 0 0 -1
    outer loop
      vertex 4.41233 -14.5455 1.6
      vertex 4.06398 -13.3972 1.6
      vertex 5.35757 -12.9343 1.6
    endloop
  endfacet
  facet normal 0 0 -1
    outer loop
      vertex 2.96537 -14.9079 1.6
      vertex 4.06398 -13.3972 1.6
      vertex 4.41233 -14.5455 1.6
    endloop
  endfacet
  facet normal 0 0 -1
    outer loop
      vertex 2.96537 -14.9079 1.6
      vertex 2.73126 -13.731 1.6
      vertex 4.06398 -13.3972 1.6
    endloop
  endfacet
  facet normal 0 0 -1
    outer loop
      vertex 1.48986 -15.1268 1.6
      vertex 2.73126 -13.731 1.6
      vertex 2.96537 -14.9079 1.6
    endloop
  endfacet
  facet normal 0 0 -1
    outer loop
      vertex 1.48986 -15.1268 1.6
      vertex 1.37224 -13.9326 1.6
      vertex 2.73126 -13.731 1.6
    endloop
  endfacet
  facet normal 0 0 -1
    outer loop
      vertex 0 -15.2 1.6
      vertex 1.37224 -13.9326 1.6
      vertex 1.48986 -15.1268 1.6
    endloop
  endfacet
  facet normal 0 0 -1
    outer loop
      vertex 0 -15.2 1.6
      vertex 0 -14 1.6
      vertex 1.37224 -13.9326 1.6
    endloop
  endfacet
  facet normal 0 0 -1
    outer loop
      vertex 0 -15.2 1.6
      vertex -1.37224 -13.9326 1.6
      vertex 0 -14 1.6
    endloop
  endfacet
  facet normal 0 0 -1
    outer loop
      vertex -1.48986 -15.1268 1.6
      vertex -1.37224 -13.9326 1.6
      vertex 0 -15.2 1.6
    endloop
  endfacet
  facet normal 0 0 -1
    outer loop
      vertex -1.48986 -15.1268 1.6
      vertex -2.73126 -13.731 1.6
      vertex -1.37224 -13.9326 1.6
    endloop
  endfacet
  facet normal 0 0 -1
    outer loop
      vertex -2.96537 -14.9079 1.6
      vertex -2.73126 -13.731 1.6
      vertex -1.48986 -15.1268 1.6
    endloop
  endfacet
  facet normal 0 0 -1
    outer loop
      vertex -2.96537 -14.9079 1.6
      vertex -4.06398 -13.3972 1.6
      vertex -2.73126 -13.731 1.6
    endloop
  endfacet
  facet normal 0 0 -1
    outer loop
      vertex -4.41233 -14.5455 1.6
      vertex -4.06398 -13.3972 1.6
      vertex -2.96537 -14.9079 1.6
    endloop
  endfacet
  facet normal 0 0 -1
    outer loop
      vertex -4.41233 -14.5455 1.6
      vertex -5.35757 -12.9343 1.6
      vertex -4.06398 -13.3972 1.6
    endloop
  endfacet
  facet normal 0 0 -1
    outer loop
      vertex -5.81679 -14.043 1.6
      vertex -5.35757 -12.9343 1.6
      vertex -4.41233 -14.5455 1.6
    endloop
  endfacet
  facet normal 0 0 -1
    outer loop
      vertex -5.81679 -14.043 1.6
      vertex -6.59955 -12.3469 1.6
      vertex -5.35757 -12.9343 1.6
    endloop
  endfacet
  facet normal 0 0 -1
    outer loop
      vertex -7.16523 -13.4052 1.6
      vertex -6.59955 -12.3469 1.6
      vertex -5.81679 -14.043 1.6
    endloop
  endfacet
  facet normal 0 0 -1
    outer loop
      vertex -7.16523 -13.4052 1.6
      vertex -7.77798 -11.6406 1.6
      vertex -6.59955 -12.3469 1.6
    endloop
  endfacet
  facet normal 0 0 -1
    outer loop
      vertex -8.44467 -12.6383 1.6
      vertex -7.77798 -11.6406 1.6
      vertex -7.16523 -13.4052 1.6
    endloop
  endfacet
  facet normal 0 0 -1
    outer loop
      vertex -8.44467 -12.6383 1.6
      vertex -8.88151 -10.8221 1.6
      vertex -7.77798 -11.6406 1.6
    endloop
  endfacet
  facet normal 0 0 -1
    outer loop
      vertex -9.64278 -11.7498 1.6
      vertex -8.88151 -10.8221 1.6
      vertex -8.44467 -12.6383 1.6
    endloop
  endfacet
  facet normal 0 0 -1
    outer loop
      vertex -9.64278 -11.7498 1.6
      vertex -9.89949 -9.89949 1.6
      vertex -8.88151 -10.8221 1.6
    endloop
  endfacet
  facet normal 0 0 -1
    outer loop
      vertex -10.748 -10.748 1.6
      vertex -9.89949 -9.89949 1.6
      vertex -9.64278 -11.7498 1.6
    endloop
  endfacet
  facet normal 0 0 -1
    outer loop
      vertex -10.748 -10.748 1.6
      vertex -10.8221 -8.88151 1.6
      vertex -9.89949 -9.89949 1.6
    endloop
  endfacet
  facet normal 0 0 -1
    outer loop
      vertex -11.7498 -9.64278 1.6
      vertex -10.8221 -8.88151 1.6
      vertex -10.748 -10.748 1.6
    endloop
  endfacet
  facet normal -0 0 -1
    outer loop
      vertex -10.8221 -8.88151 1.6
      vertex -11.7498 -9.64278 1.6
      vertex -11.6406 -7.77798 1.6
    endloop
  endfacet
  facet normal 0 0 -1
    outer loop
      vertex -12.6383 -8.44467 1.6
      vertex -11.6406 -7.77798 1.6
      vertex -11.7498 -9.64278 1.6
    endloop
  endfacet
  facet normal -0 0 -1
    outer loop
      vertex -11.6406 -7.77798 1.6
      vertex -12.6383 -8.44467 1.6
      vertex -12.3469 -6.59955 1.6
    endloop
  endfacet
  facet normal 0 0 -1
    outer loop
      vertex -13.4052 -7.16523 1.6
      vertex -12.3469 -6.59955 1.6
      vertex -12.6383 -8.44467 1.6
    endloop
  endfacet
  facet normal -0 0 -1
    outer loop
      vertex -12.3469 -6.59955 1.6
      vertex -13.4052 -7.16523 1.6
      vertex -12.9343 -5.35757 1.6
    endloop
  endfacet
  facet normal 0 0 -1
    outer loop
      vertex -14.043 -5.81679 1.6
      vertex -12.9343 -5.35757 1.6
      vertex -13.4052 -7.16523 1.6
    endloop
  endfacet
  facet normal -0 0 -1
    outer loop
      vertex -12.9343 -5.35757 1.6
      vertex -14.043 -5.81679 1.6
      vertex -13.3972 -4.06398 1.6
    endloop
  endfacet
  facet normal 0 0 -1
    outer loop
      vertex -14.5455 -4.41233 1.6
      vertex -13.3972 -4.06398 1.6
      vertex -14.043 -5.81679 1.6
    endloop
  endfacet
  facet normal 0 0 -1
    outer loop
      vertex -14.9079 -2.96537 1.6
      vertex -13.731 -2.73126 1.6
      vertex -14.5455 -4.41233 1.6
    endloop
  endfacet
  facet normal -0 0 -1
    outer loop
      vertex -13.3972 -4.06398 1.6
      vertex -14.5455 -4.41233 1.6
      vertex -13.731 -2.73126 1.6
    endloop
  endfacet
  facet normal -0 0 -1
    outer loop
      vertex 14.9079 2.96537 1.6
      vertex 13.731 2.73126 1.6
      vertex 14.5455 4.41233 1.6
    endloop
  endfacet
  facet normal 0 0 -1
    outer loop
      vertex 13.3972 4.06398 1.6
      vertex 14.5455 4.41233 1.6
      vertex 13.731 2.73126 1.6
    endloop
  endfacet
  facet normal -0 0 -1
    outer loop
      vertex 14.5455 4.41233 1.6
      vertex 13.3972 4.06398 1.6
      vertex 14.043 5.81679 1.6
    endloop
  endfacet
  facet normal 0 0 -1
    outer loop
      vertex 12.9343 5.35757 1.6
      vertex 14.043 5.81679 1.6
      vertex 13.3972 4.06398 1.6
    endloop
  endfacet
  facet normal -0 0 -1
    outer loop
      vertex 14.043 5.81679 1.6
      vertex 12.9343 5.35757 1.6
      vertex 13.4052 7.16523 1.6
    endloop
  endfacet
  facet normal 0 0 -1
    outer loop
      vertex 12.3469 6.59955 1.6
      vertex 13.4052 7.16523 1.6
      vertex 12.9343 5.35757 1.6
    endloop
  endfacet
  facet normal -0 0 -1
    outer loop
      vertex 13.4052 7.16523 1.6
      vertex 12.3469 6.59955 1.6
      vertex 12.6383 8.44467 1.6
    endloop
  endfacet
  facet normal 0 0 -1
    outer loop
      vertex 11.6406 7.77798 1.6
      vertex 12.6383 8.44467 1.6
      vertex 12.3469 6.59955 1.6
    endloop
  endfacet
  facet normal -0 0 -1
    outer loop
      vertex 12.6383 8.44467 1.6
      vertex 11.6406 7.77798 1.6
      vertex 11.7498 9.64278 1.6
    endloop
  endfacet
  facet normal 0 0 -1
    outer loop
      vertex 10.8221 8.88151 1.6
      vertex 11.7498 9.64278 1.6
      vertex 11.6406 7.77798 1.6
    endloop
  endfacet
  facet normal 0 0 -1
    outer loop
      vertex 10.8221 8.88151 1.6
      vertex 10.748 10.748 1.6
      vertex 11.7498 9.64278 1.6
    endloop
  endfacet
  facet normal 0 0 -1
    outer loop
      vertex 9.89949 9.89949 1.6
      vertex 10.748 10.748 1.6
      vertex 10.8221 8.88151 1.6
    endloop
  endfacet
  facet normal 0 0 -1
    outer loop
      vertex 9.89949 9.89949 1.6
      vertex 9.64278 11.7498 1.6
      vertex 10.748 10.748 1.6
    endloop
  endfacet
  facet normal 0 0 -1
    outer loop
      vertex 8.88151 10.8221 1.6
      vertex 9.64278 11.7498 1.6
      vertex 9.89949 9.89949 1.6
    endloop
  endfacet
  facet normal 0 0 -1
    outer loop
      vertex 8.88151 10.8221 1.6
      vertex 8.44467 12.6383 1.6
      vertex 9.64278 11.7498 1.6
    endloop
  endfacet
  facet normal 0 0 -1
    outer loop
      vertex 7.77798 11.6406 1.6
      vertex 8.44467 12.6383 1.6
      vertex 8.88151 10.8221 1.6
    endloop
  endfacet
  facet normal 0 0 -1
    outer loop
      vertex 7.77798 11.6406 1.6
      vertex 7.16523 13.4052 1.6
      vertex 8.44467 12.6383 1.6
    endloop
  endfacet
  facet normal 0 0 -1
    outer loop
      vertex 6.59955 12.3469 1.6
      vertex 7.16523 13.4052 1.6
      vertex 7.77798 11.6406 1.6
    endloop
  endfacet
  facet normal 0 0 -1
    outer loop
      vertex 6.59955 12.3469 1.6
      vertex 5.81679 14.043 1.6
      vertex 7.16523 13.4052 1.6
    endloop
  endfacet
  facet normal 0 0 -1
    outer loop
      vertex 5.35757 12.9343 1.6
      vertex 5.81679 14.043 1.6
      vertex 6.59955 12.3469 1.6
    endloop
  endfacet
  facet normal 0 0 -1
    outer loop
      vertex 5.35757 12.9343 1.6
      vertex 4.41233 14.5455 1.6
      vertex 5.81679 14.043 1.6
    endloop
  endfacet
  facet normal 0 0 -1
    outer loop
      vertex 4.06398 13.3972 1.6
      vertex 4.41233 14.5455 1.6
      vertex 5.35757 12.9343 1.6
    endloop
  endfacet
  facet normal 0 0 -1
    outer loop
      vertex 3.5 13.5384 1.6
      vertex 4.41233 14.5455 1.6
      vertex 4.06398 13.3972 1.6
    endloop
  endfacet
  facet normal -0 0 -1
    outer loop
      vertex 4.41233 14.5455 1.6
      vertex 3.5 13.5384 1.6
      vertex 3.5 14.774 1.6
    endloop
  endfacet
  facet normal 0 0 -1
    outer loop
      vertex -4.41233 14.5455 1.6
      vertex -3.5 13.5384 1.6
      vertex -4.06398 13.3972 1.6
    endloop
  endfacet
  facet normal 0 0 -1
    outer loop
      vertex -3.5 13.5384 1.6
      vertex -4.41233 14.5455 1.6
      vertex -3.5 14.774 1.6
    endloop
  endfacet
  facet normal 0 0 -1
    outer loop
      vertex -5.35757 12.9343 1.6
      vertex -4.41233 14.5455 1.6
      vertex -4.06398 13.3972 1.6
    endloop
  endfacet
  facet normal 0 0 -1
    outer loop
      vertex -5.35757 12.9343 1.6
      vertex -5.81679 14.043 1.6
      vertex -4.41233 14.5455 1.6
    endloop
  endfacet
  facet normal 0 0 -1
    outer loop
      vertex -6.59955 12.3469 1.6
      vertex -5.81679 14.043 1.6
      vertex -5.35757 12.9343 1.6
    endloop
  endfacet
  facet normal 0 0 -1
    outer loop
      vertex -6.59955 12.3469 1.6
      vertex -7.16523 13.4052 1.6
      vertex -5.81679 14.043 1.6
    endloop
  endfacet
  facet normal 0 0 -1
    outer loop
      vertex -7.77798 11.6406 1.6
      vertex -7.16523 13.4052 1.6
      vertex -6.59955 12.3469 1.6
    endloop
  endfacet
  facet normal 0 0 -1
    outer loop
      vertex -7.77798 11.6406 1.6
      vertex -8.44467 12.6383 1.6
      vertex -7.16523 13.4052 1.6
    endloop
  endfacet
  facet normal 0 0 -1
    outer loop
      vertex -8.88151 10.8221 1.6
      vertex -8.44467 12.6383 1.6
      vertex -7.77798 11.6406 1.6
    endloop
  endfacet
  facet normal 0 0 -1
    outer loop
      vertex -8.88151 10.8221 1.6
      vertex -9.64278 11.7498 1.6
      vertex -8.44467 12.6383 1.6
    endloop
  endfacet
  facet normal 0 0 -1
    outer loop
      vertex -9.89949 9.89949 1.6
      vertex -9.64278 11.7498 1.6
      vertex -8.88151 10.8221 1.6
    endloop
  endfacet
  facet normal 0 0 -1
    outer loop
      vertex -9.89949 9.89949 1.6
      vertex -10.748 10.748 1.6
      vertex -9.64278 11.7498 1.6
    endloop
  endfacet
  facet normal 0 0 -1
    outer loop
      vertex -10.8221 8.88151 1.6
      vertex -10.748 10.748 1.6
      vertex -9.89949 9.89949 1.6
    endloop
  endfacet
  facet normal 0 0 -1
    outer loop
      vertex -11.7498 9.64278 1.6
      vertex -10.8221 8.88151 1.6
      vertex -11.6406 7.77798 1.6
    endloop
  endfacet
  facet normal 0 0 -1
    outer loop
      vertex -10.8221 8.88151 1.6
      vertex -11.7498 9.64278 1.6
      vertex -10.748 10.748 1.6
    endloop
  endfacet
  facet normal 0 0 -1
    outer loop
      vertex -12.6383 8.44467 1.6
      vertex -11.6406 7.77798 1.6
      vertex -12.3469 6.59955 1.6
    endloop
  endfacet
  facet normal 0 0 -1
    outer loop
      vertex -11.6406 7.77798 1.6
      vertex -12.6383 8.44467 1.6
      vertex -11.7498 9.64278 1.6
    endloop
  endfacet
  facet normal 0 0 -1
    outer loop
      vertex -13.4052 7.16523 1.6
      vertex -12.3469 6.59955 1.6
      vertex -12.9343 5.35757 1.6
    endloop
  endfacet
  facet normal 0 0 -1
    outer loop
      vertex -14.043 5.81679 1.6
      vertex -12.9343 5.35757 1.6
      vertex -13.3972 4.06398 1.6
    endloop
  endfacet
  facet normal 0 0 -1
    outer loop
      vertex -12.3469 6.59955 1.6
      vertex -13.4052 7.16523 1.6
      vertex -12.6383 8.44467 1.6
    endloop
  endfacet
  facet normal 0 0 -1
    outer loop
      vertex -14.5455 4.41233 1.6
      vertex -13.3972 4.06398 1.6
      vertex -13.731 2.73126 1.6
    endloop
  endfacet
  facet normal 0 0 -1
    outer loop
      vertex -14.9079 2.96537 1.6
      vertex -13.731 2.73126 1.6
      vertex -13.9326 1.37224 1.6
    endloop
  endfacet
  facet normal 0 0 -1
    outer loop
      vertex -12.9343 5.35757 1.6
      vertex -14.043 5.81679 1.6
      vertex -13.4052 7.16523 1.6
    endloop
  endfacet
  facet normal 0 0 -1
    outer loop
      vertex -15.1268 1.48986 1.6
      vertex -13.9326 1.37224 1.6
      vertex -14 0 1.6
    endloop
  endfacet
  facet normal -0 0 -1
    outer loop
      vertex -13.731 -2.73126 1.6
      vertex -14.9079 -2.96537 1.6
      vertex -13.9326 -1.37224 1.6
    endloop
  endfacet
  facet normal 0 0 -1
    outer loop
      vertex -15.1268 -1.48986 1.6
      vertex -13.9326 -1.37224 1.6
      vertex -14.9079 -2.96537 1.6
    endloop
  endfacet
  facet normal 0 0 -1
    outer loop
      vertex -13.3972 4.06398 1.6
      vertex -14.5455 4.41233 1.6
      vertex -14.043 5.81679 1.6
    endloop
  endfacet
  facet normal -0 0 -1
    outer loop
      vertex -13.9326 -1.37224 1.6
      vertex -15.1268 -1.48986 1.6
      vertex -14 0 1.6
    endloop
  endfacet
  facet normal 0 0 -1
    outer loop
      vertex -13.731 2.73126 1.6
      vertex -14.9079 2.96537 1.6
      vertex -14.5455 4.41233 1.6
    endloop
  endfacet
  facet normal 0 0 -1
    outer loop
      vertex -15.2 0 1.6
      vertex -14 0 1.6
      vertex -15.1268 -1.48986 1.6
    endloop
  endfacet
  facet normal 0 0 -1
    outer loop
      vertex -13.9326 1.37224 1.6
      vertex -15.1268 1.48986 1.6
      vertex -14.9079 2.96537 1.6
    endloop
  endfacet
  facet normal 0 0 -1
    outer loop
      vertex -14 0 1.6
      vertex -15.2 0 1.6
      vertex -15.1268 1.48986 1.6
    endloop
  endfacet
  facet normal -0.514119 0.857719 0
    outer loop
      vertex -7.16523 13.4052 1.6
      vertex -8.44467 12.6383 4.6
      vertex -7.16523 13.4052 4.6
    endloop
  endfacet
  facet normal -0.514119 0.857719 0
    outer loop
      vertex -8.44467 12.6383 4.6
      vertex -7.16523 13.4052 1.6
      vertex -8.44467 12.6383 1.6
    endloop
  endfacet
  facet normal -0.998795 -0.0490729 0
    outer loop
      vertex -15.1268 -1.48986 1.6
      vertex -15.2 0 4.6
      vertex -15.2 0 1.6
    endloop
  endfacet
  facet normal -0.998795 -0.0490729 0
    outer loop
      vertex -15.2 0 4.6
      vertex -15.1268 -1.48986 1.6
      vertex -15.1268 -1.48986 4.6
    endloop
  endfacet
  facet normal -0.970038 0.242952 0
    outer loop
      vertex -14.9079 2.96537 1.6
      vertex -14.5455 4.41233 4.6
      vertex -14.5455 4.41233 1.6
    endloop
  endfacet
  facet normal -0.970038 0.242952 0
    outer loop
      vertex -14.5455 4.41233 4.6
      vertex -14.9079 2.96537 1.6
      vertex -14.9079 2.96537 4.6
    endloop
  endfacet
  facet normal 0.427574 -0.90398 0
    outer loop
      vertex 5.81679 -14.043 1.6
      vertex 7.16523 -13.4052 4.6
      vertex 5.81679 -14.043 4.6
    endloop
  endfacet
  facet normal 0.427574 -0.90398 0
    outer loop
      vertex 7.16523 -13.4052 4.6
      vertex 5.81679 -14.043 1.6
      vertex 7.16523 -13.4052 1.6
    endloop
  endfacet
  facet normal -0.336876 -0.941549 0
    outer loop
      vertex -5.81679 -14.043 1.6
      vertex -4.41233 -14.5455 4.6
      vertex -5.81679 -14.043 4.6
    endloop
  endfacet
  facet normal -0.336876 -0.941549 -0
    outer loop
      vertex -4.41233 -14.5455 4.6
      vertex -5.81679 -14.043 1.6
      vertex -4.41233 -14.5455 1.6
    endloop
  endfacet
  facet normal -0.336876 0.941549 0
    outer loop
      vertex -4.41233 14.5455 1.6
      vertex -5.81679 14.043 4.6
      vertex -4.41233 14.5455 4.6
    endloop
  endfacet
  facet normal -0.336876 0.941549 0
    outer loop
      vertex -5.81679 14.043 4.6
      vertex -4.41233 14.5455 1.6
      vertex -5.81679 14.043 1.6
    endloop
  endfacet
  facet normal 0.514119 -0.857719 0
    outer loop
      vertex 7.16523 -13.4052 1.6
      vertex 8.44467 -12.6383 4.6
      vertex 7.16523 -13.4052 4.6
    endloop
  endfacet
  facet normal 0.514119 -0.857719 0
    outer loop
      vertex 8.44467 -12.6383 4.6
      vertex 7.16523 -13.4052 1.6
      vertex 8.44467 -12.6383 1.6
    endloop
  endfacet
  facet normal 0.146749 -0.989174 0
    outer loop
      vertex 1.48986 -15.1268 1.6
      vertex 2.96537 -14.9079 4.6
      vertex 1.48986 -15.1268 4.6
    endloop
  endfacet
  facet normal 0.146749 -0.989174 0
    outer loop
      vertex 2.96537 -14.9079 4.6
      vertex 1.48986 -15.1268 1.6
      vertex 2.96537 -14.9079 1.6
    endloop
  endfacet
  facet normal 0.740922 -0.671591 0
    outer loop
      vertex 10.748 -10.748 4.6
      vertex 11.7498 -9.64278 1.6
      vertex 11.7498 -9.64278 4.6
    endloop
  endfacet
  facet normal 0.740922 -0.671591 0
    outer loop
      vertex 11.7498 -9.64278 1.6
      vertex 10.748 -10.748 4.6
      vertex 10.748 -10.748 1.6
    endloop
  endfacet
  facet normal 0.803233 -0.595665 0
    outer loop
      vertex 11.7498 -9.64278 4.6
      vertex 12.6383 -8.44467 1.6
      vertex 12.6383 -8.44467 4.6
    endloop
  endfacet
  facet normal 0.803233 -0.595665 0
    outer loop
      vertex 12.6383 -8.44467 1.6
      vertex 11.7498 -9.64278 4.6
      vertex 11.7498 -9.64278 1.6
    endloop
  endfacet
  facet normal -0.427574 0.90398 0
    outer loop
      vertex -5.81679 14.043 1.6
      vertex -7.16523 13.4052 4.6
      vertex -5.81679 14.043 4.6
    endloop
  endfacet
  facet normal -0.427574 0.90398 0
    outer loop
      vertex -7.16523 13.4052 4.6
      vertex -5.81679 14.043 1.6
      vertex -7.16523 13.4052 1.6
    endloop
  endfacet
  facet normal -0.595665 0.803233 0
    outer loop
      vertex -8.44467 12.6383 1.6
      vertex -9.64278 11.7498 4.6
      vertex -8.44467 12.6383 4.6
    endloop
  endfacet
  facet normal -0.595665 0.803233 0
    outer loop
      vertex -9.64278 11.7498 4.6
      vertex -8.44467 12.6383 1.6
      vertex -9.64278 11.7498 1.6
    endloop
  endfacet
  facet normal -0.989174 0.146749 0
    outer loop
      vertex -15.1268 1.48986 1.6
      vertex -14.9079 2.96537 4.6
      vertex -14.9079 2.96537 1.6
    endloop
  endfacet
  facet normal -0.989174 0.146749 0
    outer loop
      vertex -14.9079 2.96537 4.6
      vertex -15.1268 1.48986 1.6
      vertex -15.1268 1.48986 4.6
    endloop
  endfacet
  facet normal -0.242952 -0.970038 0
    outer loop
      vertex -4.41233 -14.5455 1.6
      vertex -2.96537 -14.9079 4.6
      vertex -4.41233 -14.5455 4.6
    endloop
  endfacet
  facet normal -0.242952 -0.970038 -0
    outer loop
      vertex -2.96537 -14.9079 4.6
      vertex -4.41233 -14.5455 1.6
      vertex -2.96537 -14.9079 1.6
    endloop
  endfacet
  facet normal 0.970038 0.242952 0
    outer loop
      vertex 14.9079 2.96537 4.6
      vertex 14.5455 4.41233 1.6
      vertex 14.5455 4.41233 4.6
    endloop
  endfacet
  facet normal 0.970038 0.242952 0
    outer loop
      vertex 14.5455 4.41233 1.6
      vertex 14.9079 2.96537 4.6
      vertex 14.9079 2.96537 1.6
    endloop
  endfacet
  facet normal 0.803233 0.595665 0
    outer loop
      vertex 12.6383 8.44467 4.6
      vertex 11.7498 9.64278 1.6
      vertex 11.7498 9.64278 4.6
    endloop
  endfacet
  facet normal 0.803233 0.595665 0
    outer loop
      vertex 11.7498 9.64278 1.6
      vertex 12.6383 8.44467 4.6
      vertex 12.6383 8.44467 1.6
    endloop
  endfacet
  facet normal -0.803233 -0.595665 0
    outer loop
      vertex -11.7498 -9.64278 1.6
      vertex -12.6383 -8.44467 4.6
      vertex -12.6383 -8.44467 1.6
    endloop
  endfacet
  facet normal -0.803233 -0.595665 0
    outer loop
      vertex -12.6383 -8.44467 4.6
      vertex -11.7498 -9.64278 1.6
      vertex -11.7498 -9.64278 4.6
    endloop
  endfacet
  facet normal -0.90398 -0.427574 0
    outer loop
      vertex -13.4052 -7.16523 1.6
      vertex -14.043 -5.81679 4.6
      vertex -14.043 -5.81679 1.6
    endloop
  endfacet
  facet normal -0.90398 -0.427574 0
    outer loop
      vertex -14.043 -5.81679 4.6
      vertex -13.4052 -7.16523 1.6
      vertex -13.4052 -7.16523 4.6
    endloop
  endfacet
  facet normal -0.427574 -0.90398 0
    outer loop
      vertex -7.16523 -13.4052 1.6
      vertex -5.81679 -14.043 4.6
      vertex -7.16523 -13.4052 4.6
    endloop
  endfacet
  facet normal -0.427574 -0.90398 -0
    outer loop
      vertex -5.81679 -14.043 4.6
      vertex -7.16523 -13.4052 1.6
      vertex -5.81679 -14.043 1.6
    endloop
  endfacet
  facet normal 0.595665 -0.803233 0
    outer loop
      vertex 8.44467 -12.6383 1.6
      vertex 9.64278 -11.7498 4.6
      vertex 8.44467 -12.6383 4.6
    endloop
  endfacet
  facet normal 0.595665 -0.803233 0
    outer loop
      vertex 9.64278 -11.7498 4.6
      vertex 8.44467 -12.6383 1.6
      vertex 9.64278 -11.7498 1.6
    endloop
  endfacet
  facet normal 0.998795 -0.0490729 0
    outer loop
      vertex 15.1268 -1.48986 4.6
      vertex 15.2 0 1.6
      vertex 15.2 0 4.6
    endloop
  endfacet
  facet normal 0.998795 -0.0490729 0
    outer loop
      vertex 15.2 0 1.6
      vertex 15.1268 -1.48986 4.6
      vertex 15.1268 -1.48986 1.6
    endloop
  endfacet
  facet normal -0.989174 -0.146749 0
    outer loop
      vertex -14.9079 -2.96537 1.6
      vertex -15.1268 -1.48986 4.6
      vertex -15.1268 -1.48986 1.6
    endloop
  endfacet
  facet normal -0.989174 -0.146749 0
    outer loop
      vertex -15.1268 -1.48986 4.6
      vertex -14.9079 -2.96537 1.6
      vertex -14.9079 -2.96537 4.6
    endloop
  endfacet
  facet normal 0.336876 -0.941549 0
    outer loop
      vertex 4.41233 -14.5455 1.6
      vertex 5.81679 -14.043 4.6
      vertex 4.41233 -14.5455 4.6
    endloop
  endfacet
  facet normal 0.336876 -0.941549 0
    outer loop
      vertex 5.81679 -14.043 4.6
      vertex 4.41233 -14.5455 1.6
      vertex 5.81679 -14.043 1.6
    endloop
  endfacet
  facet normal 0.242952 -0.970038 0
    outer loop
      vertex 2.96537 -14.9079 1.6
      vertex 4.41233 -14.5455 4.6
      vertex 2.96537 -14.9079 4.6
    endloop
  endfacet
  facet normal 0.242952 -0.970038 0
    outer loop
      vertex 4.41233 -14.5455 4.6
      vertex 2.96537 -14.9079 1.6
      vertex 4.41233 -14.5455 1.6
    endloop
  endfacet
  facet normal -0.740922 -0.671591 0
    outer loop
      vertex -10.748 -10.748 1.6
      vertex -11.7498 -9.64278 4.6
      vertex -11.7498 -9.64278 1.6
    endloop
  endfacet
  facet normal -0.740922 -0.671591 0
    outer loop
      vertex -11.7498 -9.64278 4.6
      vertex -10.748 -10.748 1.6
      vertex -10.748 -10.748 4.6
    endloop
  endfacet
  facet normal -0.90398 0.427574 0
    outer loop
      vertex -14.043 5.81679 1.6
      vertex -13.4052 7.16523 4.6
      vertex -13.4052 7.16523 1.6
    endloop
  endfacet
  facet normal -0.90398 0.427574 0
    outer loop
      vertex -13.4052 7.16523 4.6
      vertex -14.043 5.81679 1.6
      vertex -14.043 5.81679 4.6
    endloop
  endfacet
  facet normal -0.595665 -0.803233 0
    outer loop
      vertex -9.64278 -11.7498 1.6
      vertex -8.44467 -12.6383 4.6
      vertex -9.64278 -11.7498 4.6
    endloop
  endfacet
  facet normal -0.595665 -0.803233 -0
    outer loop
      vertex -8.44467 -12.6383 4.6
      vertex -9.64278 -11.7498 1.6
      vertex -8.44467 -12.6383 1.6
    endloop
  endfacet
  facet normal 0.90398 -0.427574 0
    outer loop
      vertex 13.4052 -7.16523 4.6
      vertex 14.043 -5.81679 1.6
      vertex 14.043 -5.81679 4.6
    endloop
  endfacet
  facet normal 0.90398 -0.427574 0
    outer loop
      vertex 14.043 -5.81679 1.6
      vertex 13.4052 -7.16523 4.6
      vertex 13.4052 -7.16523 1.6
    endloop
  endfacet
  facet normal 0.857719 -0.514119 0
    outer loop
      vertex 12.6383 -8.44467 4.6
      vertex 13.4052 -7.16523 1.6
      vertex 13.4052 -7.16523 4.6
    endloop
  endfacet
  facet normal 0.857719 -0.514119 0
    outer loop
      vertex 13.4052 -7.16523 1.6
      vertex 12.6383 -8.44467 4.6
      vertex 12.6383 -8.44467 1.6
    endloop
  endfacet
  facet normal -0.0490729 -0.998795 0
    outer loop
      vertex -1.48986 -15.1268 1.6
      vertex 0 -15.2 4.6
      vertex -1.48986 -15.1268 4.6
    endloop
  endfacet
  facet normal -0.0490729 -0.998795 -0
    outer loop
      vertex 0 -15.2 4.6
      vertex -1.48986 -15.1268 1.6
      vertex 0 -15.2 1.6
    endloop
  endfacet
  facet normal -0 0 1
    outer loop
      vertex -4.41233 14.5455 4.6
      vertex -3.5 13.5384 4.6
      vertex -3.5 14.774 4.6
    endloop
  endfacet
  facet normal 0 0 1
    outer loop
      vertex -3.5 13.5384 4.6
      vertex -4.41233 14.5455 4.6
      vertex -4.06398 13.3972 4.6
    endloop
  endfacet
  facet normal 0 0 1
    outer loop
      vertex -4.41233 14.5455 4.6
      vertex -5.35757 12.9343 4.6
      vertex -4.06398 13.3972 4.6
    endloop
  endfacet
  facet normal -0 0 1
    outer loop
      vertex -5.81679 14.043 4.6
      vertex -5.35757 12.9343 4.6
      vertex -4.41233 14.5455 4.6
    endloop
  endfacet
  facet normal 0 0 1
    outer loop
      vertex -5.81679 14.043 4.6
      vertex -6.59955 12.3469 4.6
      vertex -5.35757 12.9343 4.6
    endloop
  endfacet
  facet normal -0 0 1
    outer loop
      vertex -7.16523 13.4052 4.6
      vertex -6.59955 12.3469 4.6
      vertex -5.81679 14.043 4.6
    endloop
  endfacet
  facet normal 0 0 1
    outer loop
      vertex -7.16523 13.4052 4.6
      vertex -7.77798 11.6406 4.6
      vertex -6.59955 12.3469 4.6
    endloop
  endfacet
  facet normal -0 0 1
    outer loop
      vertex -8.44467 12.6383 4.6
      vertex -7.77798 11.6406 4.6
      vertex -7.16523 13.4052 4.6
    endloop
  endfacet
  facet normal 0 0 1
    outer loop
      vertex -8.44467 12.6383 4.6
      vertex -8.88151 10.8221 4.6
      vertex -7.77798 11.6406 4.6
    endloop
  endfacet
  facet normal -0 0 1
    outer loop
      vertex -9.64278 11.7498 4.6
      vertex -8.88151 10.8221 4.6
      vertex -8.44467 12.6383 4.6
    endloop
  endfacet
  facet normal 0 0 1
    outer loop
      vertex -9.64278 11.7498 4.6
      vertex -9.89949 9.89949 4.6
      vertex -8.88151 10.8221 4.6
    endloop
  endfacet
  facet normal -0 0 1
    outer loop
      vertex -10.748 10.748 4.6
      vertex -9.89949 9.89949 4.6
      vertex -9.64278 11.7498 4.6
    endloop
  endfacet
  facet normal 0 0 1
    outer loop
      vertex -10.748 10.748 4.6
      vertex -10.8221 8.88151 4.6
      vertex -9.89949 9.89949 4.6
    endloop
  endfacet
  facet normal -0 0 1
    outer loop
      vertex -11.7498 9.64278 4.6
      vertex -10.8221 8.88151 4.6
      vertex -10.748 10.748 4.6
    endloop
  endfacet
  facet normal 0 0 1
    outer loop
      vertex -10.8221 8.88151 4.6
      vertex -11.7498 9.64278 4.6
      vertex -11.6406 7.77798 4.6
    endloop
  endfacet
  facet normal -0 0 1
    outer loop
      vertex -12.6383 8.44467 4.6
      vertex -11.6406 7.77798 4.6
      vertex -11.7498 9.64278 4.6
    endloop
  endfacet
  facet normal 0 0 1
    outer loop
      vertex -11.6406 7.77798 4.6
      vertex -12.6383 8.44467 4.6
      vertex -12.3469 6.59955 4.6
    endloop
  endfacet
  facet normal -0 0 1
    outer loop
      vertex -13.4052 7.16523 4.6
      vertex -12.3469 6.59955 4.6
      vertex -12.6383 8.44467 4.6
    endloop
  endfacet
  facet normal 0 0 1
    outer loop
      vertex -12.3469 6.59955 4.6
      vertex -13.4052 7.16523 4.6
      vertex -12.9343 5.35757 4.6
    endloop
  endfacet
  facet normal -0 0 1
    outer loop
      vertex -14.043 5.81679 4.6
      vertex -12.9343 5.35757 4.6
      vertex -13.4052 7.16523 4.6
    endloop
  endfacet
  facet normal 0 0 1
    outer loop
      vertex -12.9343 5.35757 4.6
      vertex -14.043 5.81679 4.6
      vertex -13.3972 4.06398 4.6
    endloop
  endfacet
  facet normal -0 0 1
    outer loop
      vertex -14.5455 4.41233 4.6
      vertex -13.3972 4.06398 4.6
      vertex -14.043 5.81679 4.6
    endloop
  endfacet
  facet normal -0 0 1
    outer loop
      vertex -14.9079 2.96537 4.6
      vertex -13.731 2.73126 4.6
      vertex -14.5455 4.41233 4.6
    endloop
  endfacet
  facet normal 0 0 1
    outer loop
      vertex -13.3972 4.06398 4.6
      vertex -14.5455 4.41233 4.6
      vertex -13.731 2.73126 4.6
    endloop
  endfacet
  facet normal 0 0 1
    outer loop
      vertex 14 0 4.6
      vertex 15.2 0 4.6
      vertex 15.1268 1.48986 4.6
    endloop
  endfacet
  facet normal 0 0 1
    outer loop
      vertex 13.9326 1.37224 4.6
      vertex 15.1268 1.48986 4.6
      vertex 14.9079 2.96537 4.6
    endloop
  endfacet
  facet normal 0 0 1
    outer loop
      vertex 15.2 0 4.6
      vertex 14 0 4.6
      vertex 15.1268 -1.48986 4.6
    endloop
  endfacet
  facet normal 0 0 1
    outer loop
      vertex 13.731 2.73126 4.6
      vertex 14.9079 2.96537 4.6
      vertex 14.5455 4.41233 4.6
    endloop
  endfacet
  facet normal -0 0 1
    outer loop
      vertex 13.9326 -1.37224 4.6
      vertex 15.1268 -1.48986 4.6
      vertex 14 0 4.6
    endloop
  endfacet
  facet normal 0 0 1
    outer loop
      vertex 13.3972 4.06398 4.6
      vertex 14.5455 4.41233 4.6
      vertex 14.043 5.81679 4.6
    endloop
  endfacet
  facet normal 0 0 1
    outer loop
      vertex 15.1268 -1.48986 4.6
      vertex 13.9326 -1.37224 4.6
      vertex 14.9079 -2.96537 4.6
    endloop
  endfacet
  facet normal -0 0 1
    outer loop
      vertex 13.731 -2.73126 4.6
      vertex 14.9079 -2.96537 4.6
      vertex 13.9326 -1.37224 4.6
    endloop
  endfacet
  facet normal 0 0 1
    outer loop
      vertex 15.1268 1.48986 4.6
      vertex 13.9326 1.37224 4.6
      vertex 14 0 4.6
    endloop
  endfacet
  facet normal 0 0 1
    outer loop
      vertex 14.9079 2.96537 4.6
      vertex 13.731 2.73126 4.6
      vertex 13.9326 1.37224 4.6
    endloop
  endfacet
  facet normal 0 0 1
    outer loop
      vertex 12.9343 5.35757 4.6
      vertex 14.043 5.81679 4.6
      vertex 13.4052 7.16523 4.6
    endloop
  endfacet
  facet normal 0 0 1
    outer loop
      vertex 14.5455 4.41233 4.6
      vertex 13.3972 4.06398 4.6
      vertex 13.731 2.73126 4.6
    endloop
  endfacet
  facet normal 0 0 1
    outer loop
      vertex 14.043 5.81679 4.6
      vertex 12.9343 5.35757 4.6
      vertex 13.3972 4.06398 4.6
    endloop
  endfacet
  facet normal 0 0 1
    outer loop
      vertex 12.3469 6.59955 4.6
      vertex 13.4052 7.16523 4.6
      vertex 12.6383 8.44467 4.6
    endloop
  endfacet
  facet normal 0 0 1
    outer loop
      vertex 13.4052 7.16523 4.6
      vertex 12.3469 6.59955 4.6
      vertex 12.9343 5.35757 4.6
    endloop
  endfacet
  facet normal 0 0 1
    outer loop
      vertex 11.6406 7.77798 4.6
      vertex 12.6383 8.44467 4.6
      vertex 11.7498 9.64278 4.6
    endloop
  endfacet
  facet normal 0 0 1
    outer loop
      vertex 12.6383 8.44467 4.6
      vertex 11.6406 7.77798 4.6
      vertex 12.3469 6.59955 4.6
    endloop
  endfacet
  facet normal 0 0 1
    outer loop
      vertex 11.7498 9.64278 4.6
      vertex 10.8221 8.88151 4.6
      vertex 11.6406 7.77798 4.6
    endloop
  endfacet
  facet normal 0 0 1
    outer loop
      vertex 10.748 10.748 4.6
      vertex 10.8221 8.88151 4.6
      vertex 11.7498 9.64278 4.6
    endloop
  endfacet
  facet normal 0 0 1
    outer loop
      vertex 10.748 10.748 4.6
      vertex 9.89949 9.89949 4.6
      vertex 10.8221 8.88151 4.6
    endloop
  endfacet
  facet normal 0 0 1
    outer loop
      vertex 9.64278 11.7498 4.6
      vertex 9.89949 9.89949 4.6
      vertex 10.748 10.748 4.6
    endloop
  endfacet
  facet normal 0 0 1
    outer loop
      vertex 9.64278 11.7498 4.6
      vertex 8.88151 10.8221 4.6
      vertex 9.89949 9.89949 4.6
    endloop
  endfacet
  facet normal 0 0 1
    outer loop
      vertex 8.44467 12.6383 4.6
      vertex 8.88151 10.8221 4.6
      vertex 9.64278 11.7498 4.6
    endloop
  endfacet
  facet normal 0 0 1
    outer loop
      vertex 8.44467 12.6383 4.6
      vertex 7.77798 11.6406 4.6
      vertex 8.88151 10.8221 4.6
    endloop
  endfacet
  facet normal 0 0 1
    outer loop
      vertex 7.16523 13.4052 4.6
      vertex 7.77798 11.6406 4.6
      vertex 8.44467 12.6383 4.6
    endloop
  endfacet
  facet normal 0 0 1
    outer loop
      vertex 7.16523 13.4052 4.6
      vertex 6.59955 12.3469 4.6
      vertex 7.77798 11.6406 4.6
    endloop
  endfacet
  facet normal 0 0 1
    outer loop
      vertex 5.81679 14.043 4.6
      vertex 6.59955 12.3469 4.6
      vertex 7.16523 13.4052 4.6
    endloop
  endfacet
  facet normal 0 0 1
    outer loop
      vertex 5.81679 14.043 4.6
      vertex 5.35757 12.9343 4.6
      vertex 6.59955 12.3469 4.6
    endloop
  endfacet
  facet normal 0 0 1
    outer loop
      vertex 4.41233 14.5455 4.6
      vertex 5.35757 12.9343 4.6
      vertex 5.81679 14.043 4.6
    endloop
  endfacet
  facet normal 0 0 1
    outer loop
      vertex 4.41233 14.5455 4.6
      vertex 4.06398 13.3972 4.6
      vertex 5.35757 12.9343 4.6
    endloop
  endfacet
  facet normal 0 0 1
    outer loop
      vertex 3.5 13.5384 4.6
      vertex 4.41233 14.5455 4.6
      vertex 3.5 14.774 4.6
    endloop
  endfacet
  facet normal 0 0 1
    outer loop
      vertex 4.41233 14.5455 4.6
      vertex 3.5 13.5384 4.6
      vertex 4.06398 13.3972 4.6
    endloop
  endfacet
  facet normal 0 0 1
    outer loop
      vertex 14.9079 -2.96537 4.6
      vertex 13.731 -2.73126 4.6
      vertex 14.5455 -4.41233 4.6
    endloop
  endfacet
  facet normal -0 0 1
    outer loop
      vertex 13.3972 -4.06398 4.6
      vertex 14.5455 -4.41233 4.6
      vertex 13.731 -2.73126 4.6
    endloop
  endfacet
  facet normal 0 0 1
    outer loop
      vertex 14.5455 -4.41233 4.6
      vertex 13.3972 -4.06398 4.6
      vertex 14.043 -5.81679 4.6
    endloop
  endfacet
  facet normal -0 0 1
    outer loop
      vertex 12.9343 -5.35757 4.6
      vertex 14.043 -5.81679 4.6
      vertex 13.3972 -4.06398 4.6
    endloop
  endfacet
  facet normal 0 0 1
    outer loop
      vertex 14.043 -5.81679 4.6
      vertex 12.9343 -5.35757 4.6
      vertex 13.4052 -7.16523 4.6
    endloop
  endfacet
  facet normal -0 0 1
    outer loop
      vertex 12.3469 -6.59955 4.6
      vertex 13.4052 -7.16523 4.6
      vertex 12.9343 -5.35757 4.6
    endloop
  endfacet
  facet normal 0 0 1
    outer loop
      vertex 13.4052 -7.16523 4.6
      vertex 12.3469 -6.59955 4.6
      vertex 12.6383 -8.44467 4.6
    endloop
  endfacet
  facet normal -0 0 1
    outer loop
      vertex 11.6406 -7.77798 4.6
      vertex 12.6383 -8.44467 4.6
      vertex 12.3469 -6.59955 4.6
    endloop
  endfacet
  facet normal 0 0 1
    outer loop
      vertex 12.6383 -8.44467 4.6
      vertex 11.6406 -7.77798 4.6
      vertex 11.7498 -9.64278 4.6
    endloop
  endfacet
  facet normal -0 0 1
    outer loop
      vertex 10.8221 -8.88151 4.6
      vertex 11.7498 -9.64278 4.6
      vertex 11.6406 -7.77798 4.6
    endloop
  endfacet
  facet normal 0 0 1
    outer loop
      vertex 10.8221 -8.88151 4.6
      vertex 10.748 -10.748 4.6
      vertex 11.7498 -9.64278 4.6
    endloop
  endfacet
  facet normal -0 0 1
    outer loop
      vertex 9.89949 -9.89949 4.6
      vertex 10.748 -10.748 4.6
      vertex 10.8221 -8.88151 4.6
    endloop
  endfacet
  facet normal 0 0 1
    outer loop
      vertex 9.89949 -9.89949 4.6
      vertex 9.64278 -11.7498 4.6
      vertex 10.748 -10.748 4.6
    endloop
  endfacet
  facet normal -0 0 1
    outer loop
      vertex 8.88151 -10.8221 4.6
      vertex 9.64278 -11.7498 4.6
      vertex 9.89949 -9.89949 4.6
    endloop
  endfacet
  facet normal 0 0 1
    outer loop
      vertex 8.88151 -10.8221 4.6
      vertex 8.44467 -12.6383 4.6
      vertex 9.64278 -11.7498 4.6
    endloop
  endfacet
  facet normal -0 0 1
    outer loop
      vertex 7.77798 -11.6406 4.6
      vertex 8.44467 -12.6383 4.6
      vertex 8.88151 -10.8221 4.6
    endloop
  endfacet
  facet normal 0 0 1
    outer loop
      vertex 7.77798 -11.6406 4.6
      vertex 7.16523 -13.4052 4.6
      vertex 8.44467 -12.6383 4.6
    endloop
  endfacet
  facet normal -0 0 1
    outer loop
      vertex 6.59955 -12.3469 4.6
      vertex 7.16523 -13.4052 4.6
      vertex 7.77798 -11.6406 4.6
    endloop
  endfacet
  facet normal 0 0 1
    outer loop
      vertex 6.59955 -12.3469 4.6
      vertex 5.81679 -14.043 4.6
      vertex 7.16523 -13.4052 4.6
    endloop
  endfacet
  facet normal -0 0 1
    outer loop
      vertex 5.35757 -12.9343 4.6
      vertex 5.81679 -14.043 4.6
      vertex 6.59955 -12.3469 4.6
    endloop
  endfacet
  facet normal 0 0 1
    outer loop
      vertex 5.35757 -12.9343 4.6
      vertex 4.41233 -14.5455 4.6
      vertex 5.81679 -14.043 4.6
    endloop
  endfacet
  facet normal -0 0 1
    outer loop
      vertex 4.06398 -13.3972 4.6
      vertex 4.41233 -14.5455 4.6
      vertex 5.35757 -12.9343 4.6
    endloop
  endfacet
  facet normal 0 0 1
    outer loop
      vertex 4.06398 -13.3972 4.6
      vertex 2.96537 -14.9079 4.6
      vertex 4.41233 -14.5455 4.6
    endloop
  endfacet
  facet normal -0 0 1
    outer loop
      vertex 2.73126 -13.731 4.6
      vertex 2.96537 -14.9079 4.6
      vertex 4.06398 -13.3972 4.6
    endloop
  endfacet
  facet normal 0 0 1
    outer loop
      vertex 2.73126 -13.731 4.6
      vertex 1.48986 -15.1268 4.6
      vertex 2.96537 -14.9079 4.6
    endloop
  endfacet
  facet normal -0 0 1
    outer loop
      vertex 1.37224 -13.9326 4.6
      vertex 1.48986 -15.1268 4.6
      vertex 2.73126 -13.731 4.6
    endloop
  endfacet
  facet normal -0 0 1
    outer loop
      vertex 0 -14 4.6
      vertex 1.48986 -15.1268 4.6
      vertex 1.37224 -13.9326 4.6
    endloop
  endfacet
  facet normal 0 0 1
    outer loop
      vertex 0 -14 4.6
      vertex 0 -15.2 4.6
      vertex 1.48986 -15.1268 4.6
    endloop
  endfacet
  facet normal 0 0 1
    outer loop
      vertex -1.37224 -13.9326 4.6
      vertex 0 -15.2 4.6
      vertex 0 -14 4.6
    endloop
  endfacet
  facet normal 0 0 1
    outer loop
      vertex -1.37224 -13.9326 4.6
      vertex -1.48986 -15.1268 4.6
      vertex 0 -15.2 4.6
    endloop
  endfacet
  facet normal 0 0 1
    outer loop
      vertex -2.73126 -13.731 4.6
      vertex -1.48986 -15.1268 4.6
      vertex -1.37224 -13.9326 4.6
    endloop
  endfacet
  facet normal 0 0 1
    outer loop
      vertex -2.73126 -13.731 4.6
      vertex -2.96537 -14.9079 4.6
      vertex -1.48986 -15.1268 4.6
    endloop
  endfacet
  facet normal 0 0 1
    outer loop
      vertex -4.06398 -13.3972 4.6
      vertex -2.96537 -14.9079 4.6
      vertex -2.73126 -13.731 4.6
    endloop
  endfacet
  facet normal 0 0 1
    outer loop
      vertex -4.06398 -13.3972 4.6
      vertex -4.41233 -14.5455 4.6
      vertex -2.96537 -14.9079 4.6
    endloop
  endfacet
  facet normal 0 0 1
    outer loop
      vertex -5.35757 -12.9343 4.6
      vertex -4.41233 -14.5455 4.6
      vertex -4.06398 -13.3972 4.6
    endloop
  endfacet
  facet normal 0 0 1
    outer loop
      vertex -5.35757 -12.9343 4.6
      vertex -5.81679 -14.043 4.6
      vertex -4.41233 -14.5455 4.6
    endloop
  endfacet
  facet normal 0 0 1
    outer loop
      vertex -6.59955 -12.3469 4.6
      vertex -5.81679 -14.043 4.6
      vertex -5.35757 -12.9343 4.6
    endloop
  endfacet
  facet normal 0 0 1
    outer loop
      vertex -6.59955 -12.3469 4.6
      vertex -7.16523 -13.4052 4.6
      vertex -5.81679 -14.043 4.6
    endloop
  endfacet
  facet normal 0 0 1
    outer loop
      vertex -7.77798 -11.6406 4.6
      vertex -7.16523 -13.4052 4.6
      vertex -6.59955 -12.3469 4.6
    endloop
  endfacet
  facet normal 0 0 1
    outer loop
      vertex -7.77798 -11.6406 4.6
      vertex -8.44467 -12.6383 4.6
      vertex -7.16523 -13.4052 4.6
    endloop
  endfacet
  facet normal 0 0 1
    outer loop
      vertex -8.88151 -10.8221 4.6
      vertex -8.44467 -12.6383 4.6
      vertex -7.77798 -11.6406 4.6
    endloop
  endfacet
  facet normal 0 0 1
    outer loop
      vertex -8.88151 -10.8221 4.6
      vertex -9.64278 -11.7498 4.6
      vertex -8.44467 -12.6383 4.6
    endloop
  endfacet
  facet normal 0 0 1
    outer loop
      vertex -9.89949 -9.89949 4.6
      vertex -9.64278 -11.7498 4.6
      vertex -8.88151 -10.8221 4.6
    endloop
  endfacet
  facet normal 0 0 1
    outer loop
      vertex -9.89949 -9.89949 4.6
      vertex -10.748 -10.748 4.6
      vertex -9.64278 -11.7498 4.6
    endloop
  endfacet
  facet normal 0 0 1
    outer loop
      vertex -10.8221 -8.88151 4.6
      vertex -10.748 -10.748 4.6
      vertex -9.89949 -9.89949 4.6
    endloop
  endfacet
  facet normal 0 0 1
    outer loop
      vertex -11.7498 -9.64278 4.6
      vertex -10.8221 -8.88151 4.6
      vertex -11.6406 -7.77798 4.6
    endloop
  endfacet
  facet normal 0 0 1
    outer loop
      vertex -10.8221 -8.88151 4.6
      vertex -11.7498 -9.64278 4.6
      vertex -10.748 -10.748 4.6
    endloop
  endfacet
  facet normal 0 0 1
    outer loop
      vertex -12.6383 -8.44467 4.6
      vertex -11.6406 -7.77798 4.6
      vertex -12.3469 -6.59955 4.6
    endloop
  endfacet
  facet normal 0 0 1
    outer loop
      vertex -11.6406 -7.77798 4.6
      vertex -12.6383 -8.44467 4.6
      vertex -11.7498 -9.64278 4.6
    endloop
  endfacet
  facet normal 0 0 1
    outer loop
      vertex -13.4052 -7.16523 4.6
      vertex -12.3469 -6.59955 4.6
      vertex -12.9343 -5.35757 4.6
    endloop
  endfacet
  facet normal 0 0 1
    outer loop
      vertex -14.043 -5.81679 4.6
      vertex -12.9343 -5.35757 4.6
      vertex -13.3972 -4.06398 4.6
    endloop
  endfacet
  facet normal 0 0 1
    outer loop
      vertex -12.3469 -6.59955 4.6
      vertex -13.4052 -7.16523 4.6
      vertex -12.6383 -8.44467 4.6
    endloop
  endfacet
  facet normal 0 0 1
    outer loop
      vertex -14.5455 -4.41233 4.6
      vertex -13.3972 -4.06398 4.6
      vertex -13.731 -2.73126 4.6
    endloop
  endfacet
  facet normal 0 0 1
    outer loop
      vertex -14.9079 -2.96537 4.6
      vertex -13.731 -2.73126 4.6
      vertex -13.9326 -1.37224 4.6
    endloop
  endfacet
  facet normal 0 0 1
    outer loop
      vertex -12.9343 -5.35757 4.6
      vertex -14.043 -5.81679 4.6
      vertex -13.4052 -7.16523 4.6
    endloop
  endfacet
  facet normal 0 0 1
    outer loop
      vertex -15.1268 -1.48986 4.6
      vertex -13.9326 -1.37224 4.6
      vertex -14 0 4.6
    endloop
  endfacet
  facet normal 0 0 1
    outer loop
      vertex -13.731 2.73126 4.6
      vertex -14.9079 2.96537 4.6
      vertex -13.9326 1.37224 4.6
    endloop
  endfacet
  facet normal -0 0 1
    outer loop
      vertex -15.1268 1.48986 4.6
      vertex -13.9326 1.37224 4.6
      vertex -14.9079 2.96537 4.6
    endloop
  endfacet
  facet normal 0 0 1
    outer loop
      vertex -13.3972 -4.06398 4.6
      vertex -14.5455 -4.41233 4.6
      vertex -14.043 -5.81679 4.6
    endloop
  endfacet
  facet normal 0 0 1
    outer loop
      vertex -13.9326 1.37224 4.6
      vertex -15.1268 1.48986 4.6
      vertex -14 0 4.6
    endloop
  endfacet
  facet normal 0 0 1
    outer loop
      vertex -13.731 -2.73126 4.6
      vertex -14.9079 -2.96537 4.6
      vertex -14.5455 -4.41233 4.6
    endloop
  endfacet
  facet normal 0 0 1
    outer loop
      vertex -15.2 0 4.6
      vertex -14 0 4.6
      vertex -15.1268 1.48986 4.6
    endloop
  endfacet
  facet normal 0 0 1
    outer loop
      vertex -13.9326 -1.37224 4.6
      vertex -15.1268 -1.48986 4.6
      vertex -14.9079 -2.96537 4.6
    endloop
  endfacet
  facet normal 0 0 1
    outer loop
      vertex -14 0 4.6
      vertex -15.2 0 4.6
      vertex -15.1268 -1.48986 4.6
    endloop
  endfacet
  facet normal -0.998795 0.0490729 0
    outer loop
      vertex -15.2 0 1.6
      vertex -15.1268 1.48986 4.6
      vertex -15.1268 1.48986 1.6
    endloop
  endfacet
  facet normal -0.998795 0.0490729 0
    outer loop
      vertex -15.1268 1.48986 4.6
      vertex -15.2 0 1.6
      vertex -15.2 0 4.6
    endloop
  endfacet
  facet normal 0.671591 -0.740922 0
    outer loop
      vertex 9.64278 -11.7498 1.6
      vertex 10.748 -10.748 4.6
      vertex 9.64278 -11.7498 4.6
    endloop
  endfacet
  facet normal 0.671591 -0.740922 0
    outer loop
      vertex 10.748 -10.748 4.6
      vertex 9.64278 -11.7498 1.6
      vertex 10.748 -10.748 1.6
    endloop
  endfacet
  facet normal -0.989176 -0.146736 0
    outer loop
      vertex 13.9326 1.37224 1.6
      vertex 13.731 2.73126 4.6
      vertex 13.731 2.73126 1.6
    endloop
  endfacet
  facet normal -0.989176 -0.146736 0
    outer loop
      vertex 13.731 2.73126 4.6
      vertex 13.9326 1.37224 1.6
      vertex 13.9326 1.37224 4.6
    endloop
  endfacet
  facet normal -0.998796 -0.0490576 0
    outer loop
      vertex 14 0 1.6
      vertex 13.9326 1.37224 4.6
      vertex 13.9326 1.37224 1.6
    endloop
  endfacet
  facet normal -0.998796 -0.0490576 0
    outer loop
      vertex 13.9326 1.37224 4.6
      vertex 14 0 1.6
      vertex 14 0 4.6
    endloop
  endfacet
  facet normal -0.970036 -0.24296 0
    outer loop
      vertex 13.731 2.73126 1.6
      vertex 13.3972 4.06398 4.6
      vertex 13.3972 4.06398 1.6
    endloop
  endfacet
  facet normal -0.970036 -0.24296 0
    outer loop
      vertex 13.3972 4.06398 4.6
      vertex 13.731 2.73126 1.6
      vertex 13.731 2.73126 4.6
    endloop
  endfacet
  facet normal -0.33692 0.941533 0
    outer loop
      vertex 5.35757 -12.9343 1.6
      vertex 4.06398 -13.3972 4.6
      vertex 5.35757 -12.9343 4.6
    endloop
  endfacet
  facet normal -0.33692 0.941533 0
    outer loop
      vertex 4.06398 -13.3972 4.6
      vertex 5.35757 -12.9343 1.6
      vertex 4.06398 -13.3972 1.6
    endloop
  endfacet
  facet normal -0.671546 -0.740963 0
    outer loop
      vertex 8.88151 10.8221 1.6
      vertex 9.89949 9.89949 4.6
      vertex 8.88151 10.8221 4.6
    endloop
  endfacet
  facet normal -0.671546 -0.740963 -0
    outer loop
      vertex 9.89949 9.89949 4.6
      vertex 8.88151 10.8221 1.6
      vertex 9.89949 9.89949 1.6
    endloop
  endfacet
  facet normal -0.941533 -0.33692 0
    outer loop
      vertex 13.3972 4.06398 1.6
      vertex 12.9343 5.35757 4.6
      vertex 12.9343 5.35757 1.6
    endloop
  endfacet
  facet normal -0.941533 -0.33692 0
    outer loop
      vertex 12.9343 5.35757 4.6
      vertex 13.3972 4.06398 1.6
      vertex 13.3972 4.06398 4.6
    endloop
  endfacet
  facet normal 0.51409 0.857736 -0
    outer loop
      vertex -6.59955 -12.3469 1.6
      vertex -7.77798 -11.6406 4.6
      vertex -6.59955 -12.3469 4.6
    endloop
  endfacet
  facet normal 0.51409 0.857736 0
    outer loop
      vertex -7.77798 -11.6406 4.6
      vertex -6.59955 -12.3469 1.6
      vertex -7.77798 -11.6406 1.6
    endloop
  endfacet
  facet normal -0.740963 -0.671546 0
    outer loop
      vertex 10.8221 8.88151 1.6
      vertex 9.89949 9.89949 4.6
      vertex 9.89949 9.89949 1.6
    endloop
  endfacet
  facet normal -0.740963 -0.671546 0
    outer loop
      vertex 9.89949 9.89949 4.6
      vertex 10.8221 8.88151 1.6
      vertex 10.8221 8.88151 4.6
    endloop
  endfacet
  facet normal -0.51409 0.857736 0
    outer loop
      vertex 7.77798 -11.6406 1.6
      vertex 6.59955 -12.3469 4.6
      vertex 7.77798 -11.6406 4.6
    endloop
  endfacet
  facet normal -0.51409 0.857736 0
    outer loop
      vertex 6.59955 -12.3469 4.6
      vertex 7.77798 -11.6406 1.6
      vertex 6.59955 -12.3469 1.6
    endloop
  endfacet
  facet normal 0.427547 -0.903993 0
    outer loop
      vertex -6.59955 12.3469 1.6
      vertex -5.35757 12.9343 4.6
      vertex -6.59955 12.3469 4.6
    endloop
  endfacet
  facet normal 0.427547 -0.903993 0
    outer loop
      vertex -5.35757 12.9343 4.6
      vertex -6.59955 12.3469 1.6
      vertex -5.35757 12.9343 1.6
    endloop
  endfacet
  facet normal -0.989176 0.146736 0
    outer loop
      vertex 13.731 -2.73126 1.6
      vertex 13.9326 -1.37224 4.6
      vertex 13.9326 -1.37224 1.6
    endloop
  endfacet
  facet normal -0.989176 0.146736 0
    outer loop
      vertex 13.9326 -1.37224 4.6
      vertex 13.731 -2.73126 1.6
      vertex 13.731 -2.73126 4.6
    endloop
  endfacet
  facet normal -0.24296 0.970036 0
    outer loop
      vertex 4.06398 -13.3972 1.6
      vertex 2.73126 -13.731 4.6
      vertex 4.06398 -13.3972 4.6
    endloop
  endfacet
  facet normal -0.24296 0.970036 0
    outer loop
      vertex 2.73126 -13.731 4.6
      vertex 4.06398 -13.3972 1.6
      vertex 2.73126 -13.731 1.6
    endloop
  endfacet
  facet normal 0.242867 -0.970059 0
    outer loop
      vertex -4.06398 13.3972 1.6
      vertex -3.5 13.5384 4.6
      vertex -4.06398 13.3972 4.6
    endloop
  endfacet
  facet normal 0.242867 -0.970059 0
    outer loop
      vertex -3.5 13.5384 4.6
      vertex -4.06398 13.3972 1.6
      vertex -3.5 13.5384 1.6
    endloop
  endfacet
  facet normal 0.941533 0.33692 0
    outer loop
      vertex -12.9343 -5.35757 4.6
      vertex -13.3972 -4.06398 1.6
      vertex -13.3972 -4.06398 4.6
    endloop
  endfacet
  facet normal 0.941533 0.33692 0
    outer loop
      vertex -13.3972 -4.06398 1.6
      vertex -12.9343 -5.35757 4.6
      vertex -12.9343 -5.35757 1.6
    endloop
  endfacet
  facet normal -0.803184 0.59573 0
    outer loop
      vertex 10.8221 -8.88151 1.6
      vertex 11.6406 -7.77798 4.6
      vertex 11.6406 -7.77798 1.6
    endloop
  endfacet
  facet normal -0.803184 0.59573 0
    outer loop
      vertex 11.6406 -7.77798 4.6
      vertex 10.8221 -8.88151 1.6
      vertex 10.8221 -8.88151 4.6
    endloop
  endfacet
  facet normal 0.51409 -0.857736 0
    outer loop
      vertex -7.77798 11.6406 1.6
      vertex -6.59955 12.3469 4.6
      vertex -7.77798 11.6406 4.6
    endloop
  endfacet
  facet normal 0.51409 -0.857736 0
    outer loop
      vertex -6.59955 12.3469 4.6
      vertex -7.77798 11.6406 1.6
      vertex -6.59955 12.3469 1.6
    endloop
  endfacet
  facet normal 0.146736 0.989176 -0
    outer loop
      vertex -1.37224 -13.9326 1.6
      vertex -2.73126 -13.731 4.6
      vertex -1.37224 -13.9326 4.6
    endloop
  endfacet
  facet normal 0.146736 0.989176 0
    outer loop
      vertex -2.73126 -13.731 4.6
      vertex -1.37224 -13.9326 1.6
      vertex -2.73126 -13.731 1.6
    endloop
  endfacet
  facet normal -0.59573 0.803184 0
    outer loop
      vertex 8.88151 -10.8221 1.6
      vertex 7.77798 -11.6406 4.6
      vertex 8.88151 -10.8221 4.6
    endloop
  endfacet
  facet normal -0.59573 0.803184 0
    outer loop
      vertex 7.77798 -11.6406 4.6
      vertex 8.88151 -10.8221 1.6
      vertex 7.77798 -11.6406 1.6
    endloop
  endfacet
  facet normal 0.24296 0.970036 -0
    outer loop
      vertex -2.73126 -13.731 1.6
      vertex -4.06398 -13.3972 4.6
      vertex -2.73126 -13.731 4.6
    endloop
  endfacet
  facet normal 0.24296 0.970036 0
    outer loop
      vertex -4.06398 -13.3972 4.6
      vertex -2.73126 -13.731 1.6
      vertex -4.06398 -13.3972 1.6
    endloop
  endfacet
  facet normal -0.903993 0.427547 0
    outer loop
      vertex 12.3469 -6.59955 1.6
      vertex 12.9343 -5.35757 4.6
      vertex 12.9343 -5.35757 1.6
    endloop
  endfacet
  facet normal -0.903993 0.427547 0
    outer loop
      vertex 12.9343 -5.35757 4.6
      vertex 12.3469 -6.59955 1.6
      vertex 12.3469 -6.59955 4.6
    endloop
  endfacet
  facet normal -0.51409 -0.857736 0
    outer loop
      vertex 6.59955 12.3469 1.6
      vertex 7.77798 11.6406 4.6
      vertex 6.59955 12.3469 4.6
    endloop
  endfacet
  facet normal -0.51409 -0.857736 -0
    outer loop
      vertex 7.77798 11.6406 4.6
      vertex 6.59955 12.3469 1.6
      vertex 7.77798 11.6406 1.6
    endloop
  endfacet
  facet normal 0.857736 0.51409 0
    outer loop
      vertex -11.6406 -7.77798 4.6
      vertex -12.3469 -6.59955 1.6
      vertex -12.3469 -6.59955 4.6
    endloop
  endfacet
  facet normal 0.857736 0.51409 0
    outer loop
      vertex -12.3469 -6.59955 1.6
      vertex -11.6406 -7.77798 4.6
      vertex -11.6406 -7.77798 1.6
    endloop
  endfacet
  facet normal -0.970036 0.24296 0
    outer loop
      vertex 13.3972 -4.06398 1.6
      vertex 13.731 -2.73126 4.6
      vertex 13.731 -2.73126 1.6
    endloop
  endfacet
  facet normal -0.970036 0.24296 0
    outer loop
      vertex 13.731 -2.73126 4.6
      vertex 13.3972 -4.06398 1.6
      vertex 13.3972 -4.06398 4.6
    endloop
  endfacet
  facet normal 0.857736 -0.51409 0
    outer loop
      vertex -12.3469 6.59955 4.6
      vertex -11.6406 7.77798 1.6
      vertex -11.6406 7.77798 4.6
    endloop
  endfacet
  facet normal 0.857736 -0.51409 0
    outer loop
      vertex -11.6406 7.77798 1.6
      vertex -12.3469 6.59955 4.6
      vertex -12.3469 6.59955 1.6
    endloop
  endfacet
  facet normal 0.59573 -0.803184 0
    outer loop
      vertex -8.88151 10.8221 1.6
      vertex -7.77798 11.6406 4.6
      vertex -8.88151 10.8221 4.6
    endloop
  endfacet
  facet normal 0.59573 -0.803184 0
    outer loop
      vertex -7.77798 11.6406 4.6
      vertex -8.88151 10.8221 1.6
      vertex -7.77798 11.6406 1.6
    endloop
  endfacet
  facet normal 0.803184 0.59573 0
    outer loop
      vertex -10.8221 -8.88151 4.6
      vertex -11.6406 -7.77798 1.6
      vertex -11.6406 -7.77798 4.6
    endloop
  endfacet
  facet normal 0.803184 0.59573 0
    outer loop
      vertex -11.6406 -7.77798 1.6
      vertex -10.8221 -8.88151 4.6
      vertex -10.8221 -8.88151 1.6
    endloop
  endfacet
  facet normal -0.427547 -0.903993 0
    outer loop
      vertex 5.35757 12.9343 1.6
      vertex 6.59955 12.3469 4.6
      vertex 5.35757 12.9343 4.6
    endloop
  endfacet
  facet normal -0.427547 -0.903993 -0
    outer loop
      vertex 6.59955 12.3469 4.6
      vertex 5.35757 12.9343 1.6
      vertex 6.59955 12.3469 1.6
    endloop
  endfacet
  facet normal -0.146736 0.989176 0
    outer loop
      vertex 2.73126 -13.731 1.6
      vertex 1.37224 -13.9326 4.6
      vertex 2.73126 -13.731 4.6
    endloop
  endfacet
  facet normal -0.146736 0.989176 0
    outer loop
      vertex 1.37224 -13.9326 4.6
      vertex 2.73126 -13.731 1.6
      vertex 1.37224 -13.9326 1.6
    endloop
  endfacet
  facet normal 0.903993 0.427547 0
    outer loop
      vertex -12.3469 -6.59955 4.6
      vertex -12.9343 -5.35757 1.6
      vertex -12.9343 -5.35757 4.6
    endloop
  endfacet
  facet normal 0.903993 0.427547 0
    outer loop
      vertex -12.9343 -5.35757 1.6
      vertex -12.3469 -6.59955 4.6
      vertex -12.3469 -6.59955 1.6
    endloop
  endfacet
  facet normal -0.998796 0.0490576 0
    outer loop
      vertex 13.9326 -1.37224 1.6
      vertex 14 0 4.6
      vertex 14 0 1.6
    endloop
  endfacet
  facet normal -0.998796 0.0490576 0
    outer loop
      vertex 14 0 4.6
      vertex 13.9326 -1.37224 1.6
      vertex 13.9326 -1.37224 4.6
    endloop
  endfacet
  facet normal -0.242867 -0.970059 0
    outer loop
      vertex 3.5 13.5384 1.6
      vertex 4.06398 13.3972 4.6
      vertex 3.5 13.5384 4.6
    endloop
  endfacet
  facet normal -0.242867 -0.970059 -0
    outer loop
      vertex 4.06398 13.3972 4.6
      vertex 3.5 13.5384 1.6
      vertex 4.06398 13.3972 1.6
    endloop
  endfacet
  facet normal 0.59573 0.803184 -0
    outer loop
      vertex -7.77798 -11.6406 1.6
      vertex -8.88151 -10.8221 4.6
      vertex -7.77798 -11.6406 4.6
    endloop
  endfacet
  facet normal 0.59573 0.803184 0
    outer loop
      vertex -8.88151 -10.8221 4.6
      vertex -7.77798 -11.6406 1.6
      vertex -8.88151 -10.8221 1.6
    endloop
  endfacet
  facet normal 0.740963 -0.671546 0
    outer loop
      vertex -10.8221 8.88151 4.6
      vertex -9.89949 9.89949 1.6
      vertex -9.89949 9.89949 4.6
    endloop
  endfacet
  facet normal 0.740963 -0.671546 0
    outer loop
      vertex -9.89949 9.89949 1.6
      vertex -10.8221 8.88151 4.6
      vertex -10.8221 8.88151 1.6
    endloop
  endfacet
  facet normal -0.857736 0.51409 0
    outer loop
      vertex 11.6406 -7.77798 1.6
      vertex 12.3469 -6.59955 4.6
      vertex 12.3469 -6.59955 1.6
    endloop
  endfacet
  facet normal -0.857736 0.51409 0
    outer loop
      vertex 12.3469 -6.59955 4.6
      vertex 11.6406 -7.77798 1.6
      vertex 11.6406 -7.77798 4.6
    endloop
  endfacet
  facet normal -0.59573 -0.803184 0
    outer loop
      vertex 7.77798 11.6406 1.6
      vertex 8.88151 10.8221 4.6
      vertex 7.77798 11.6406 4.6
    endloop
  endfacet
  facet normal -0.59573 -0.803184 -0
    outer loop
      vertex 8.88151 10.8221 4.6
      vertex 7.77798 11.6406 1.6
      vertex 8.88151 10.8221 1.6
    endloop
  endfacet
  facet normal -0.941533 0.33692 0
    outer loop
      vertex 12.9343 -5.35757 1.6
      vertex 13.3972 -4.06398 4.6
      vertex 13.3972 -4.06398 1.6
    endloop
  endfacet
  facet normal -0.941533 0.33692 0
    outer loop
      vertex 13.3972 -4.06398 4.6
      vertex 12.9343 -5.35757 1.6
      vertex 12.9343 -5.35757 4.6
    endloop
  endfacet
  facet normal -0.33692 -0.941533 0
    outer loop
      vertex 4.06398 13.3972 1.6
      vertex 5.35757 12.9343 4.6
      vertex 4.06398 13.3972 4.6
    endloop
  endfacet
  facet normal -0.33692 -0.941533 -0
    outer loop
      vertex 5.35757 12.9343 4.6
      vertex 4.06398 13.3972 1.6
      vertex 5.35757 12.9343 1.6
    endloop
  endfacet
  facet normal -0.803184 -0.59573 0
    outer loop
      vertex 11.6406 7.77798 1.6
      vertex 10.8221 8.88151 4.6
      vertex 10.8221 8.88151 1.6
    endloop
  endfacet
  facet normal -0.803184 -0.59573 0
    outer loop
      vertex 10.8221 8.88151 4.6
      vertex 11.6406 7.77798 1.6
      vertex 11.6406 7.77798 4.6
    endloop
  endfacet
  facet normal 0.427547 0.903993 -0
    outer loop
      vertex -5.35757 -12.9343 1.6
      vertex -6.59955 -12.3469 4.6
      vertex -5.35757 -12.9343 4.6
    endloop
  endfacet
  facet normal 0.427547 0.903993 0
    outer loop
      vertex -6.59955 -12.3469 4.6
      vertex -5.35757 -12.9343 1.6
      vertex -6.59955 -12.3469 1.6
    endloop
  endfacet
  facet normal 0.970036 0.24296 0
    outer loop
      vertex -13.3972 -4.06398 4.6
      vertex -13.731 -2.73126 1.6
      vertex -13.731 -2.73126 4.6
    endloop
  endfacet
  facet normal 0.970036 0.24296 0
    outer loop
      vertex -13.731 -2.73126 1.6
      vertex -13.3972 -4.06398 4.6
      vertex -13.3972 -4.06398 1.6
    endloop
  endfacet
  facet normal -0.903993 -0.427547 0
    outer loop
      vertex 12.9343 5.35757 1.6
      vertex 12.3469 6.59955 4.6
      vertex 12.3469 6.59955 1.6
    endloop
  endfacet
  facet normal -0.903993 -0.427547 0
    outer loop
      vertex 12.3469 6.59955 4.6
      vertex 12.9343 5.35757 1.6
      vertex 12.9343 5.35757 4.6
    endloop
  endfacet
  facet normal -0.427547 0.903993 0
    outer loop
      vertex 6.59955 -12.3469 1.6
      vertex 5.35757 -12.9343 4.6
      vertex 6.59955 -12.3469 4.6
    endloop
  endfacet
  facet normal -0.427547 0.903993 0
    outer loop
      vertex 5.35757 -12.9343 4.6
      vertex 6.59955 -12.3469 1.6
      vertex 5.35757 -12.9343 1.6
    endloop
  endfacet
  facet normal -0.857736 -0.51409 0
    outer loop
      vertex 12.3469 6.59955 1.6
      vertex 11.6406 7.77798 4.6
      vertex 11.6406 7.77798 1.6
    endloop
  endfacet
  facet normal -0.857736 -0.51409 0
    outer loop
      vertex 11.6406 7.77798 4.6
      vertex 12.3469 6.59955 1.6
      vertex 12.3469 6.59955 4.6
    endloop
  endfacet
  facet normal 0.671546 -0.740963 0
    outer loop
      vertex -9.89949 9.89949 1.6
      vertex -8.88151 10.8221 4.6
      vertex -9.89949 9.89949 4.6
    endloop
  endfacet
  facet normal 0.671546 -0.740963 0
    outer loop
      vertex -8.88151 10.8221 4.6
      vertex -9.89949 9.89949 1.6
      vertex -8.88151 10.8221 1.6
    endloop
  endfacet
  facet normal 0.989176 -0.146736 0
    outer loop
      vertex -13.9326 1.37224 4.6
      vertex -13.731 2.73126 1.6
      vertex -13.731 2.73126 4.6
    endloop
  endfacet
  facet normal 0.989176 -0.146736 0
    outer loop
      vertex -13.731 2.73126 1.6
      vertex -13.9326 1.37224 4.6
      vertex -13.9326 1.37224 1.6
    endloop
  endfacet
  facet normal 0.941533 -0.33692 0
    outer loop
      vertex -13.3972 4.06398 4.6
      vertex -12.9343 5.35757 1.6
      vertex -12.9343 5.35757 4.6
    endloop
  endfacet
  facet normal 0.941533 -0.33692 0
    outer loop
      vertex -12.9343 5.35757 1.6
      vertex -13.3972 4.06398 4.6
      vertex -13.3972 4.06398 1.6
    endloop
  endfacet
  facet normal 0.33692 -0.941533 0
    outer loop
      vertex -5.35757 12.9343 1.6
      vertex -4.06398 13.3972 4.6
      vertex -5.35757 12.9343 4.6
    endloop
  endfacet
  facet normal 0.33692 -0.941533 0
    outer loop
      vertex -4.06398 13.3972 4.6
      vertex -5.35757 12.9343 1.6
      vertex -4.06398 13.3972 1.6
    endloop
  endfacet
  facet normal 0.998796 0.0490576 0
    outer loop
      vertex -13.9326 -1.37224 4.6
      vertex -14 0 1.6
      vertex -14 0 4.6
    endloop
  endfacet
  facet normal 0.998796 0.0490576 0
    outer loop
      vertex -14 0 1.6
      vertex -13.9326 -1.37224 4.6
      vertex -13.9326 -1.37224 1.6
    endloop
  endfacet
  facet normal -0.671546 0.740963 0
    outer loop
      vertex 9.89949 -9.89949 1.6
      vertex 8.88151 -10.8221 4.6
      vertex 9.89949 -9.89949 4.6
    endloop
  endfacet
  facet normal -0.671546 0.740963 0
    outer loop
      vertex 8.88151 -10.8221 4.6
      vertex 9.89949 -9.89949 1.6
      vertex 8.88151 -10.8221 1.6
    endloop
  endfacet
  facet normal 0.803184 -0.59573 0
    outer loop
      vertex -11.6406 7.77798 4.6
      vertex -10.8221 8.88151 1.6
      vertex -10.8221 8.88151 4.6
    endloop
  endfacet
  facet normal 0.803184 -0.59573 0
    outer loop
      vertex -10.8221 8.88151 1.6
      vertex -11.6406 7.77798 4.6
      vertex -11.6406 7.77798 1.6
    endloop
  endfacet
  facet normal 0.740963 0.671546 0
    outer loop
      vertex -9.89949 -9.89949 4.6
      vertex -10.8221 -8.88151 1.6
      vertex -10.8221 -8.88151 4.6
    endloop
  endfacet
  facet normal 0.740963 0.671546 0
    outer loop
      vertex -10.8221 -8.88151 1.6
      vertex -9.89949 -9.89949 4.6
      vertex -9.89949 -9.89949 1.6
    endloop
  endfacet
  facet normal -0.0490576 0.998796 0
    outer loop
      vertex 1.37224 -13.9326 1.6
      vertex 0 -14 4.6
      vertex 1.37224 -13.9326 4.6
    endloop
  endfacet
  facet normal -0.0490576 0.998796 0
    outer loop
      vertex 0 -14 4.6
      vertex 1.37224 -13.9326 1.6
      vertex 0 -14 1.6
    endloop
  endfacet
  facet normal 0.989176 0.146736 0
    outer loop
      vertex -13.731 -2.73126 4.6
      vertex -13.9326 -1.37224 1.6
      vertex -13.9326 -1.37224 4.6
    endloop
  endfacet
  facet normal 0.989176 0.146736 0
    outer loop
      vertex -13.9326 -1.37224 1.6
      vertex -13.731 -2.73126 4.6
      vertex -13.731 -2.73126 1.6
    endloop
  endfacet
  facet normal 0.970036 -0.24296 0
    outer loop
      vertex -13.731 2.73126 4.6
      vertex -13.3972 4.06398 1.6
      vertex -13.3972 4.06398 4.6
    endloop
  endfacet
  facet normal 0.970036 -0.24296 0
    outer loop
      vertex -13.3972 4.06398 1.6
      vertex -13.731 2.73126 4.6
      vertex -13.731 2.73126 1.6
    endloop
  endfacet
  facet normal 0.903993 -0.427547 0
    outer loop
      vertex -12.9343 5.35757 4.6
      vertex -12.3469 6.59955 1.6
      vertex -12.3469 6.59955 4.6
    endloop
  endfacet
  facet normal 0.903993 -0.427547 0
    outer loop
      vertex -12.3469 6.59955 1.6
      vertex -12.9343 5.35757 4.6
      vertex -12.9343 5.35757 1.6
    endloop
  endfacet
  facet normal 0.671546 0.740963 -0
    outer loop
      vertex -8.88151 -10.8221 1.6
      vertex -9.89949 -9.89949 4.6
      vertex -8.88151 -10.8221 4.6
    endloop
  endfacet
  facet normal 0.671546 0.740963 0
    outer loop
      vertex -9.89949 -9.89949 4.6
      vertex -8.88151 -10.8221 1.6
      vertex -9.89949 -9.89949 1.6
    endloop
  endfacet
  facet normal 0.33692 0.941533 -0
    outer loop
      vertex -4.06398 -13.3972 1.6
      vertex -5.35757 -12.9343 4.6
      vertex -4.06398 -13.3972 4.6
    endloop
  endfacet
  facet normal 0.33692 0.941533 0
    outer loop
      vertex -5.35757 -12.9343 4.6
      vertex -4.06398 -13.3972 1.6
      vertex -5.35757 -12.9343 1.6
    endloop
  endfacet
  facet normal 0.0490576 0.998796 -0
    outer loop
      vertex 0 -14 1.6
      vertex -1.37224 -13.9326 4.6
      vertex 0 -14 4.6
    endloop
  endfacet
  facet normal 0.0490576 0.998796 0
    outer loop
      vertex -1.37224 -13.9326 4.6
      vertex 0 -14 1.6
      vertex -1.37224 -13.9326 1.6
    endloop
  endfacet
  facet normal 0.998796 -0.0490576 0
    outer loop
      vertex -14 0 4.6
      vertex -13.9326 1.37224 1.6
      vertex -13.9326 1.37224 4.6
    endloop
  endfacet
  facet normal 0.998796 -0.0490576 0
    outer loop
      vertex -13.9326 1.37224 1.6
      vertex -14 0 4.6
      vertex -14 0 1.6
    endloop
  endfacet
  facet normal -0.740963 0.671546 0
    outer loop
      vertex 9.89949 -9.89949 1.6
      vertex 10.8221 -8.88151 4.6
      vertex 10.8221 -8.88151 1.6
    endloop
  endfacet
  facet normal -0.740963 0.671546 0
    outer loop
      vertex 10.8221 -8.88151 4.6
      vertex 9.89949 -9.89949 1.6
      vertex 9.89949 -9.89949 4.6
    endloop
  endfacet
  facet normal 0.857723 -0.514112 0
    outer loop
      vertex 14.135 -9.44469 1.6
      vertex 14.9927 -8.01374 0
      vertex 14.9927 -8.01374 1.6
    endloop
  endfacet
  facet normal 0.857723 -0.514112 0
    outer loop
      vertex 14.9927 -8.01374 0
      vertex 14.135 -9.44469 1.6
      vertex 14.135 -9.44469 0
    endloop
  endfacet
  facet normal 0 0 -1
    outer loop
      vertex 16.9181 -1.66629 0
      vertex 16.9181 1.66629 0
      vertex 17 0 0
    endloop
  endfacet
  facet normal 0 0 -1
    outer loop
      vertex 16.6733 -3.31653 0
      vertex 16.9181 1.66629 0
      vertex 16.9181 -1.66629 0
    endloop
  endfacet
  facet normal 0 0 -1
    outer loop
      vertex 16.6733 -3.31653 0
      vertex 16.6733 3.31653 0
      vertex 16.9181 1.66629 0
    endloop
  endfacet
  facet normal 0 0 -1
    outer loop
      vertex 16.268 -4.93484 0
      vertex 16.6733 3.31653 0
      vertex 16.6733 -3.31653 0
    endloop
  endfacet
  facet normal 0 0 -1
    outer loop
      vertex 16.268 -4.93484 0
      vertex 16.268 4.93484 0
      vertex 16.6733 3.31653 0
    endloop
  endfacet
  facet normal 0 0 -1
    outer loop
      vertex 15.706 -6.50562 0
      vertex 16.268 4.93484 0
      vertex 16.268 -4.93484 0
    endloop
  endfacet
  facet normal 0 0 -1
    outer loop
      vertex 15.706 -6.50562 0
      vertex 15.706 6.50562 0
      vertex 16.268 4.93484 0
    endloop
  endfacet
  facet normal 0 0 -1
    outer loop
      vertex 14.9927 -8.01374 0
      vertex 15.706 6.50562 0
      vertex 15.706 -6.50562 0
    endloop
  endfacet
  facet normal 0 0 -1
    outer loop
      vertex 14.9927 -8.01374 0
      vertex 14.9927 8.01374 0
      vertex 15.706 6.50562 0
    endloop
  endfacet
  facet normal 0 0 -1
    outer loop
      vertex 14.135 -9.44469 0
      vertex 14.9927 8.01374 0
      vertex 14.9927 -8.01374 0
    endloop
  endfacet
  facet normal 0 0 -1
    outer loop
      vertex 14.135 -9.44469 0
      vertex 14.135 9.44469 0
      vertex 14.9927 8.01374 0
    endloop
  endfacet
  facet normal 0 0 -1
    outer loop
      vertex 13.1412 -10.7847 0
      vertex 14.135 9.44469 0
      vertex 14.135 -9.44469 0
    endloop
  endfacet
  facet normal 0 0 -1
    outer loop
      vertex 13.1412 -10.7847 0
      vertex 13.1412 10.7847 0
      vertex 14.135 9.44469 0
    endloop
  endfacet
  facet normal 0 0 -1
    outer loop
      vertex 12.0208 -12.0208 0
      vertex 13.1412 10.7847 0
      vertex 13.1412 -10.7847 0
    endloop
  endfacet
  facet normal 0 0 -1
    outer loop
      vertex 12.0208 -12.0208 0
      vertex 12.0208 12.0208 0
      vertex 13.1412 10.7847 0
    endloop
  endfacet
  facet normal 0 0 -1
    outer loop
      vertex 10.7847 -13.1412 0
      vertex 12.0208 12.0208 0
      vertex 12.0208 -12.0208 0
    endloop
  endfacet
  facet normal 0 0 -1
    outer loop
      vertex 10.7847 -13.1412 0
      vertex 10.7847 13.1412 0
      vertex 12.0208 12.0208 0
    endloop
  endfacet
  facet normal 0 0 -1
    outer loop
      vertex 9.44469 -14.135 0
      vertex 10.7847 13.1412 0
      vertex 10.7847 -13.1412 0
    endloop
  endfacet
  facet normal 0 0 -1
    outer loop
      vertex 9.44469 -14.135 0
      vertex 9.44469 14.135 0
      vertex 10.7847 13.1412 0
    endloop
  endfacet
  facet normal 0 0 -1
    outer loop
      vertex 8.01374 -14.9927 0
      vertex 9.44469 14.135 0
      vertex 9.44469 -14.135 0
    endloop
  endfacet
  facet normal 0 0 -1
    outer loop
      vertex 8.01374 -14.9927 0
      vertex 8.01374 14.9927 0
      vertex 9.44469 14.135 0
    endloop
  endfacet
  facet normal 0 0 -1
    outer loop
      vertex 6.50562 -15.706 0
      vertex 8.01374 14.9927 0
      vertex 8.01374 -14.9927 0
    endloop
  endfacet
  facet normal 0 0 -1
    outer loop
      vertex 6.50562 -15.706 0
      vertex 6.50562 15.706 0
      vertex 8.01374 14.9927 0
    endloop
  endfacet
  facet normal 0 0 -1
    outer loop
      vertex 4.93484 -16.268 0
      vertex 6.50562 15.706 0
      vertex 6.50562 -15.706 0
    endloop
  endfacet
  facet normal 0 0 -1
    outer loop
      vertex 4.93484 -16.268 0
      vertex 4.93484 16.268 0
      vertex 6.50562 15.706 0
    endloop
  endfacet
  facet normal 0 0 -1
    outer loop
      vertex 3.31653 -16.6733 0
      vertex 4.93484 16.268 0
      vertex 4.93484 -16.268 0
    endloop
  endfacet
  facet normal 0 0 -1
    outer loop
      vertex 3.31653 -16.6733 0
      vertex 3.31653 16.6733 0
      vertex 4.93484 16.268 0
    endloop
  endfacet
  facet normal 0 0 -1
    outer loop
      vertex 1.66629 -16.9181 0
      vertex 3.31653 16.6733 0
      vertex 3.31653 -16.6733 0
    endloop
  endfacet
  facet normal 0 0 -1
    outer loop
      vertex 1.66629 -16.9181 0
      vertex 1.66629 16.9181 0
      vertex 3.31653 16.6733 0
    endloop
  endfacet
  facet normal 0 0 -1
    outer loop
      vertex 0 -17 0
      vertex 1.66629 16.9181 0
      vertex 1.66629 -16.9181 0
    endloop
  endfacet
  facet normal 0 0 -1
    outer loop
      vertex 0 -17 0
      vertex 0 17 0
      vertex 1.66629 16.9181 0
    endloop
  endfacet
  facet normal 0 0 -1
    outer loop
      vertex -1.66629 -16.9181 0
      vertex 0 17 0
      vertex 0 -17 0
    endloop
  endfacet
  facet normal 0 0 -1
    outer loop
      vertex -1.66629 -16.9181 0
      vertex -1.66629 16.9181 0
      vertex 0 17 0
    endloop
  endfacet
  facet normal 0 0 -1
    outer loop
      vertex -3.31653 -16.6733 0
      vertex -1.66629 16.9181 0
      vertex -1.66629 -16.9181 0
    endloop
  endfacet
  facet normal 0 0 -1
    outer loop
      vertex -3.31653 -16.6733 0
      vertex -3.31653 16.6733 0
      vertex -1.66629 16.9181 0
    endloop
  endfacet
  facet normal 0 0 -1
    outer loop
      vertex -4.93484 -16.268 0
      vertex -3.31653 16.6733 0
      vertex -3.31653 -16.6733 0
    endloop
  endfacet
  facet normal 0 0 -1
    outer loop
      vertex -4.93484 -16.268 0
      vertex -4.93484 16.268 0
      vertex -3.31653 16.6733 0
    endloop
  endfacet
  facet normal 0 0 -1
    outer loop
      vertex -6.50562 -15.706 0
      vertex -4.93484 16.268 0
      vertex -4.93484 -16.268 0
    endloop
  endfacet
  facet normal 0 0 -1
    outer loop
      vertex -6.50562 -15.706 0
      vertex -6.50562 15.706 0
      vertex -4.93484 16.268 0
    endloop
  endfacet
  facet normal 0 0 -1
    outer loop
      vertex -8.01374 -14.9927 0
      vertex -6.50562 15.706 0
      vertex -6.50562 -15.706 0
    endloop
  endfacet
  facet normal 0 0 -1
    outer loop
      vertex -8.01374 -14.9927 0
      vertex -8.01374 14.9927 0
      vertex -6.50562 15.706 0
    endloop
  endfacet
  facet normal 0 0 -1
    outer loop
      vertex -9.44469 -14.135 0
      vertex -8.01374 14.9927 0
      vertex -8.01374 -14.9927 0
    endloop
  endfacet
  facet normal 0 0 -1
    outer loop
      vertex -9.44469 -14.135 0
      vertex -9.44469 14.135 0
      vertex -8.01374 14.9927 0
    endloop
  endfacet
  facet normal 0 0 -1
    outer loop
      vertex -10.7847 -13.1412 0
      vertex -9.44469 14.135 0
      vertex -9.44469 -14.135 0
    endloop
  endfacet
  facet normal 0 0 -1
    outer loop
      vertex -10.7847 -13.1412 0
      vertex -10.7847 13.1412 0
      vertex -9.44469 14.135 0
    endloop
  endfacet
  facet normal 0 0 -1
    outer loop
      vertex -12.0208 -12.0208 0
      vertex -10.7847 13.1412 0
      vertex -10.7847 -13.1412 0
    endloop
  endfacet
  facet normal 0 0 -1
    outer loop
      vertex -12.0208 -12.0208 0
      vertex -12.0208 12.0208 0
      vertex -10.7847 13.1412 0
    endloop
  endfacet
  facet normal 0 0 -1
    outer loop
      vertex -13.1412 -10.7847 0
      vertex -12.0208 12.0208 0
      vertex -12.0208 -12.0208 0
    endloop
  endfacet
  facet normal 0 0 -1
    outer loop
      vertex -13.1412 -10.7847 0
      vertex -13.1412 10.7847 0
      vertex -12.0208 12.0208 0
    endloop
  endfacet
  facet normal 0 0 -1
    outer loop
      vertex -14.135 -9.44469 0
      vertex -13.1412 10.7847 0
      vertex -13.1412 -10.7847 0
    endloop
  endfacet
  facet normal 0 0 -1
    outer loop
      vertex -14.135 -9.44469 0
      vertex -14.135 9.44469 0
      vertex -13.1412 10.7847 0
    endloop
  endfacet
  facet normal 0 0 -1
    outer loop
      vertex -14.9927 -8.01374 0
      vertex -14.135 9.44469 0
      vertex -14.135 -9.44469 0
    endloop
  endfacet
  facet normal 0 0 -1
    outer loop
      vertex -14.9927 -8.01374 0
      vertex -14.9927 8.01374 0
      vertex -14.135 9.44469 0
    endloop
  endfacet
  facet normal 0 0 -1
    outer loop
      vertex -15.706 -6.50562 0
      vertex -14.9927 8.01374 0
      vertex -14.9927 -8.01374 0
    endloop
  endfacet
  facet normal 0 0 -1
    outer loop
      vertex -15.706 -6.50562 0
      vertex -15.706 6.50562 0
      vertex -14.9927 8.01374 0
    endloop
  endfacet
  facet normal 0 0 -1
    outer loop
      vertex -16.268 -4.93484 0
      vertex -15.706 6.50562 0
      vertex -15.706 -6.50562 0
    endloop
  endfacet
  facet normal 0 0 -1
    outer loop
      vertex -16.268 -4.93484 0
      vertex -16.268 4.93484 0
      vertex -15.706 6.50562 0
    endloop
  endfacet
  facet normal 0 0 -1
    outer loop
      vertex -16.6733 -3.31653 0
      vertex -16.268 4.93484 0
      vertex -16.268 -4.93484 0
    endloop
  endfacet
  facet normal 0 0 -1
    outer loop
      vertex -16.6733 -3.31653 0
      vertex -16.6733 3.31653 0
      vertex -16.268 4.93484 0
    endloop
  endfacet
  facet normal 0 0 -1
    outer loop
      vertex -16.9181 -1.66629 0
      vertex -16.6733 3.31653 0
      vertex -16.6733 -3.31653 0
    endloop
  endfacet
  facet normal 0 0 -1
    outer loop
      vertex -16.9181 -1.66629 0
      vertex -16.9181 1.66629 0
      vertex -16.6733 3.31653 0
    endloop
  endfacet
  facet normal 0 -0 -1
    outer loop
      vertex -16.9181 1.66629 0
      vertex -16.9181 -1.66629 0
      vertex -17 0 0
    endloop
  endfacet
  facet normal 0.989176 0.146736 0
    outer loop
      vertex 16.9181 1.66629 1.6
      vertex 16.6733 3.31653 0
      vertex 16.6733 3.31653 1.6
    endloop
  endfacet
  facet normal 0.989176 0.146736 0
    outer loop
      vertex 16.6733 3.31653 0
      vertex 16.9181 1.66629 1.6
      vertex 16.9181 1.66629 0
    endloop
  endfacet
  facet normal 0.998794 0.0490918 0
    outer loop
      vertex 17 0 1.6
      vertex 16.9181 1.66629 0
      vertex 16.9181 1.66629 1.6
    endloop
  endfacet
  facet normal 0.998794 0.0490918 0
    outer loop
      vertex 16.9181 1.66629 0
      vertex 17 0 1.6
      vertex 17 0 0
    endloop
  endfacet
  facet normal 0.970041 0.242943 0
    outer loop
      vertex 16.6733 3.31653 1.6
      vertex 16.268 4.93484 0
      vertex 16.268 4.93484 1.6
    endloop
  endfacet
  facet normal 0.970041 0.242943 0
    outer loop
      vertex 16.268 4.93484 0
      vertex 16.6733 3.31653 1.6
      vertex 16.6733 3.31653 0
    endloop
  endfacet
  facet normal 0.857723 0.514112 0
    outer loop
      vertex 14.9927 8.01374 1.6
      vertex 14.135 9.44469 0
      vertex 14.135 9.44469 1.6
    endloop
  endfacet
  facet normal 0.857723 0.514112 0
    outer loop
      vertex 14.135 9.44469 0
      vertex 14.9927 8.01374 1.6
      vertex 14.9927 8.01374 0
    endloop
  endfacet
  facet normal -0.970041 -0.242943 0
    outer loop
      vertex -16.268 -4.93484 0
      vertex -16.6733 -3.31653 1.6
      vertex -16.6733 -3.31653 0
    endloop
  endfacet
  facet normal -0.970041 -0.242943 0
    outer loop
      vertex -16.6733 -3.31653 1.6
      vertex -16.268 -4.93484 0
      vertex -16.268 -4.93484 1.6
    endloop
  endfacet
  facet normal -0.427561 0.903986 0
    outer loop
      vertex -6.50562 15.706 0
      vertex -8.01374 14.9927 1.6
      vertex -6.50562 15.706 1.6
    endloop
  endfacet
  facet normal -0.427561 0.903986 0
    outer loop
      vertex -8.01374 14.9927 1.6
      vertex -6.50562 15.706 0
      vertex -8.01374 14.9927 0
    endloop
  endfacet
  facet normal -0.514112 0.857723 0
    outer loop
      vertex -8.01374 14.9927 0
      vertex -9.44469 14.135 1.6
      vertex -8.01374 14.9927 1.6
    endloop
  endfacet
  facet normal -0.514112 0.857723 0
    outer loop
      vertex -9.44469 14.135 1.6
      vertex -8.01374 14.9927 0
      vertex -9.44469 14.135 0
    endloop
  endfacet
  facet normal 0.67158 0.740932 -0
    outer loop
      vertex 12.0208 12.0208 0
      vertex 10.7847 13.1412 1.6
      vertex 12.0208 12.0208 1.6
    endloop
  endfacet
  facet normal 0.67158 0.740932 0
    outer loop
      vertex 10.7847 13.1412 1.6
      vertex 12.0208 12.0208 0
      vertex 10.7847 13.1412 0
    endloop
  endfacet
  facet normal 0.941551 -0.336872 0
    outer loop
      vertex 15.706 -6.50562 1.6
      vertex 16.268 -4.93484 0
      vertex 16.268 -4.93484 1.6
    endloop
  endfacet
  facet normal 0.941551 -0.336872 0
    outer loop
      vertex 16.268 -4.93484 0
      vertex 15.706 -6.50562 1.6
      vertex 15.706 -6.50562 0
    endloop
  endfacet
  facet normal 0.740932 0.67158 0
    outer loop
      vertex 13.1412 10.7847 1.6
      vertex 12.0208 12.0208 0
      vertex 12.0208 12.0208 1.6
    endloop
  endfacet
  facet normal 0.740932 0.67158 0
    outer loop
      vertex 12.0208 12.0208 0
      vertex 13.1412 10.7847 1.6
      vertex 13.1412 10.7847 0
    endloop
  endfacet
  facet normal -0.67158 0.740932 0
    outer loop
      vertex -10.7847 13.1412 0
      vertex -12.0208 12.0208 1.6
      vertex -10.7847 13.1412 1.6
    endloop
  endfacet
  facet normal -0.67158 0.740932 0
    outer loop
      vertex -12.0208 12.0208 1.6
      vertex -10.7847 13.1412 0
      vertex -12.0208 12.0208 0
    endloop
  endfacet
  facet normal 0.514112 0.857723 -0
    outer loop
      vertex 9.44469 14.135 0
      vertex 8.01374 14.9927 1.6
      vertex 9.44469 14.135 1.6
    endloop
  endfacet
  facet normal 0.514112 0.857723 0
    outer loop
      vertex 8.01374 14.9927 1.6
      vertex 9.44469 14.135 0
      vertex 8.01374 14.9927 0
    endloop
  endfacet
  facet normal 0.595692 0.803213 -0
    outer loop
      vertex 10.7847 13.1412 0
      vertex 9.44469 14.135 1.6
      vertex 10.7847 13.1412 1.6
    endloop
  endfacet
  facet normal 0.595692 0.803213 0
    outer loop
      vertex 9.44469 14.135 1.6
      vertex 10.7847 13.1412 0
      vertex 9.44469 14.135 0
    endloop
  endfacet
  facet normal 0.336872 -0.941551 0
    outer loop
      vertex 4.93484 -16.268 0
      vertex 6.50562 -15.706 1.6
      vertex 4.93484 -16.268 1.6
    endloop
  endfacet
  facet normal 0.336872 -0.941551 0
    outer loop
      vertex 6.50562 -15.706 1.6
      vertex 4.93484 -16.268 0
      vertex 6.50562 -15.706 0
    endloop
  endfacet
  facet normal -0.146736 -0.989176 0
    outer loop
      vertex -3.31653 -16.6733 0
      vertex -1.66629 -16.9181 1.6
      vertex -3.31653 -16.6733 1.6
    endloop
  endfacet
  facet normal -0.146736 -0.989176 -0
    outer loop
      vertex -1.66629 -16.9181 1.6
      vertex -3.31653 -16.6733 0
      vertex -1.66629 -16.9181 0
    endloop
  endfacet
  facet normal 0.336872 0.941551 -0
    outer loop
      vertex 6.50562 15.706 0
      vertex 4.93484 16.268 1.6
      vertex 6.50562 15.706 1.6
    endloop
  endfacet
  facet normal 0.336872 0.941551 0
    outer loop
      vertex 4.93484 16.268 1.6
      vertex 6.50562 15.706 0
      vertex 4.93484 16.268 0
    endloop
  endfacet
  facet normal 0.803213 -0.595692 0
    outer loop
      vertex 13.1412 -10.7847 1.6
      vertex 14.135 -9.44469 0
      vertex 14.135 -9.44469 1.6
    endloop
  endfacet
  facet normal 0.803213 -0.595692 0
    outer loop
      vertex 14.135 -9.44469 0
      vertex 13.1412 -10.7847 1.6
      vertex 13.1412 -10.7847 0
    endloop
  endfacet
  facet normal -0.857723 0.514112 0
    outer loop
      vertex -14.9927 8.01374 0
      vertex -14.135 9.44469 1.6
      vertex -14.135 9.44469 0
    endloop
  endfacet
  facet normal -0.857723 0.514112 0
    outer loop
      vertex -14.135 9.44469 1.6
      vertex -14.9927 8.01374 0
      vertex -14.9927 8.01374 1.6
    endloop
  endfacet
  facet normal -0.989176 0.146736 0
    outer loop
      vertex -16.9181 1.66629 0
      vertex -16.6733 3.31653 1.6
      vertex -16.6733 3.31653 0
    endloop
  endfacet
  facet normal -0.989176 0.146736 0
    outer loop
      vertex -16.6733 3.31653 1.6
      vertex -16.9181 1.66629 0
      vertex -16.9181 1.66629 1.6
    endloop
  endfacet
  facet normal 0.998794 -0.0490918 0
    outer loop
      vertex 16.9181 -1.66629 1.6
      vertex 17 0 0
      vertex 17 0 1.6
    endloop
  endfacet
  facet normal 0.998794 -0.0490918 0
    outer loop
      vertex 17 0 0
      vertex 16.9181 -1.66629 1.6
      vertex 16.9181 -1.66629 0
    endloop
  endfacet
  facet normal -0.903986 -0.427561 0
    outer loop
      vertex -14.9927 -8.01374 0
      vertex -15.706 -6.50562 1.6
      vertex -15.706 -6.50562 0
    endloop
  endfacet
  facet normal -0.903986 -0.427561 0
    outer loop
      vertex -15.706 -6.50562 1.6
      vertex -14.9927 -8.01374 0
      vertex -14.9927 -8.01374 1.6
    endloop
  endfacet
  facet normal -0.998794 -0.0490918 0
    outer loop
      vertex -16.9181 -1.66629 0
      vertex -17 0 1.6
      vertex -17 0 0
    endloop
  endfacet
  facet normal -0.998794 -0.0490918 0
    outer loop
      vertex -17 0 1.6
      vertex -16.9181 -1.66629 0
      vertex -16.9181 -1.66629 1.6
    endloop
  endfacet
  facet normal 0.514112 -0.857723 0
    outer loop
      vertex 8.01374 -14.9927 0
      vertex 9.44469 -14.135 1.6
      vertex 8.01374 -14.9927 1.6
    endloop
  endfacet
  facet normal 0.514112 -0.857723 0
    outer loop
      vertex 9.44469 -14.135 1.6
      vertex 8.01374 -14.9927 0
      vertex 9.44469 -14.135 0
    endloop
  endfacet
  facet normal 0.903986 0.427561 0
    outer loop
      vertex 15.706 6.50562 1.6
      vertex 14.9927 8.01374 0
      vertex 14.9927 8.01374 1.6
    endloop
  endfacet
  facet normal 0.903986 0.427561 0
    outer loop
      vertex 14.9927 8.01374 0
      vertex 15.706 6.50562 1.6
      vertex 15.706 6.50562 0
    endloop
  endfacet
  facet normal -0.242943 0.970041 0
    outer loop
      vertex -3.31653 16.6733 0
      vertex -4.93484 16.268 1.6
      vertex -3.31653 16.6733 1.6
    endloop
  endfacet
  facet normal -0.242943 0.970041 0
    outer loop
      vertex -4.93484 16.268 1.6
      vertex -3.31653 16.6733 0
      vertex -4.93484 16.268 0
    endloop
  endfacet
  facet normal 0.146736 -0.989176 0
    outer loop
      vertex 1.66629 -16.9181 0
      vertex 3.31653 -16.6733 1.6
      vertex 1.66629 -16.9181 1.6
    endloop
  endfacet
  facet normal 0.146736 -0.989176 0
    outer loop
      vertex 3.31653 -16.6733 1.6
      vertex 1.66629 -16.9181 0
      vertex 3.31653 -16.6733 0
    endloop
  endfacet
  facet normal -0.941551 -0.336872 0
    outer loop
      vertex -15.706 -6.50562 0
      vertex -16.268 -4.93484 1.6
      vertex -16.268 -4.93484 0
    endloop
  endfacet
  facet normal -0.941551 -0.336872 0
    outer loop
      vertex -16.268 -4.93484 1.6
      vertex -15.706 -6.50562 0
      vertex -15.706 -6.50562 1.6
    endloop
  endfacet
  facet normal 0.989176 -0.146736 0
    outer loop
      vertex 16.6733 -3.31653 1.6
      vertex 16.9181 -1.66629 0
      vertex 16.9181 -1.66629 1.6
    endloop
  endfacet
  facet normal 0.989176 -0.146736 0
    outer loop
      vertex 16.9181 -1.66629 0
      vertex 16.6733 -3.31653 1.6
      vertex 16.6733 -3.31653 0
    endloop
  endfacet
  facet normal 0.427561 -0.903986 0
    outer loop
      vertex 6.50562 -15.706 0
      vertex 8.01374 -14.9927 1.6
      vertex 6.50562 -15.706 1.6
    endloop
  endfacet
  facet normal 0.427561 -0.903986 0
    outer loop
      vertex 8.01374 -14.9927 1.6
      vertex 6.50562 -15.706 0
      vertex 8.01374 -14.9927 0
    endloop
  endfacet
  facet normal -0.336872 0.941551 0
    outer loop
      vertex -4.93484 16.268 0
      vertex -6.50562 15.706 1.6
      vertex -4.93484 16.268 1.6
    endloop
  endfacet
  facet normal -0.336872 0.941551 0
    outer loop
      vertex -6.50562 15.706 1.6
      vertex -4.93484 16.268 0
      vertex -6.50562 15.706 0
    endloop
  endfacet
  facet normal -0.427561 -0.903986 0
    outer loop
      vertex -8.01374 -14.9927 0
      vertex -6.50562 -15.706 1.6
      vertex -8.01374 -14.9927 1.6
    endloop
  endfacet
  facet normal -0.427561 -0.903986 -0
    outer loop
      vertex -6.50562 -15.706 1.6
      vertex -8.01374 -14.9927 0
      vertex -6.50562 -15.706 0
    endloop
  endfacet
  facet normal -0.595692 0.803213 0
    outer loop
      vertex -9.44469 14.135 0
      vertex -10.7847 13.1412 1.6
      vertex -9.44469 14.135 1.6
    endloop
  endfacet
  facet normal -0.595692 0.803213 0
    outer loop
      vertex -10.7847 13.1412 1.6
      vertex -9.44469 14.135 0
      vertex -10.7847 13.1412 0
    endloop
  endfacet
  facet normal 0.595692 -0.803213 0
    outer loop
      vertex 9.44469 -14.135 0
      vertex 10.7847 -13.1412 1.6
      vertex 9.44469 -14.135 1.6
    endloop
  endfacet
  facet normal 0.595692 -0.803213 0
    outer loop
      vertex 10.7847 -13.1412 1.6
      vertex 9.44469 -14.135 0
      vertex 10.7847 -13.1412 0
    endloop
  endfacet
  facet normal 0.146736 0.989176 -0
    outer loop
      vertex 3.31653 16.6733 0
      vertex 1.66629 16.9181 1.6
      vertex 3.31653 16.6733 1.6
    endloop
  endfacet
  facet normal 0.146736 0.989176 0
    outer loop
      vertex 1.66629 16.9181 1.6
      vertex 3.31653 16.6733 0
      vertex 1.66629 16.9181 0
    endloop
  endfacet
  facet normal -0.0490918 -0.998794 0
    outer loop
      vertex -1.66629 -16.9181 0
      vertex 0 -17 1.6
      vertex -1.66629 -16.9181 1.6
    endloop
  endfacet
  facet normal -0.0490918 -0.998794 -0
    outer loop
      vertex 0 -17 1.6
      vertex -1.66629 -16.9181 0
      vertex 0 -17 0
    endloop
  endfacet
  facet normal 0.0490918 -0.998794 0
    outer loop
      vertex 0 -17 0
      vertex 1.66629 -16.9181 1.6
      vertex 0 -17 1.6
    endloop
  endfacet
  facet normal 0.0490918 -0.998794 0
    outer loop
      vertex 1.66629 -16.9181 1.6
      vertex 0 -17 0
      vertex 1.66629 -16.9181 0
    endloop
  endfacet
  facet normal -0.941551 0.336872 0
    outer loop
      vertex -16.268 4.93484 0
      vertex -15.706 6.50562 1.6
      vertex -15.706 6.50562 0
    endloop
  endfacet
  facet normal -0.941551 0.336872 0
    outer loop
      vertex -15.706 6.50562 1.6
      vertex -16.268 4.93484 0
      vertex -16.268 4.93484 1.6
    endloop
  endfacet
  facet normal 0.242943 0.970041 -0
    outer loop
      vertex 4.93484 16.268 0
      vertex 3.31653 16.6733 1.6
      vertex 4.93484 16.268 1.6
    endloop
  endfacet
  facet normal 0.242943 0.970041 0
    outer loop
      vertex 3.31653 16.6733 1.6
      vertex 4.93484 16.268 0
      vertex 3.31653 16.6733 0
    endloop
  endfacet
  facet normal -0.595692 -0.803213 0
    outer loop
      vertex -10.7847 -13.1412 0
      vertex -9.44469 -14.135 1.6
      vertex -10.7847 -13.1412 1.6
    endloop
  endfacet
  facet normal -0.595692 -0.803213 -0
    outer loop
      vertex -9.44469 -14.135 1.6
      vertex -10.7847 -13.1412 0
      vertex -9.44469 -14.135 0
    endloop
  endfacet
  facet normal -0.970041 0.242943 0
    outer loop
      vertex -16.6733 3.31653 0
      vertex -16.268 4.93484 1.6
      vertex -16.268 4.93484 0
    endloop
  endfacet
  facet normal -0.970041 0.242943 0
    outer loop
      vertex -16.268 4.93484 1.6
      vertex -16.6733 3.31653 0
      vertex -16.6733 3.31653 1.6
    endloop
  endfacet
  facet normal 0.427561 0.903986 -0
    outer loop
      vertex 8.01374 14.9927 0
      vertex 6.50562 15.706 1.6
      vertex 8.01374 14.9927 1.6
    endloop
  endfacet
  facet normal 0.427561 0.903986 0
    outer loop
      vertex 6.50562 15.706 1.6
      vertex 8.01374 14.9927 0
      vertex 6.50562 15.706 0
    endloop
  endfacet
  facet normal -0.803213 0.595692 0
    outer loop
      vertex -14.135 9.44469 0
      vertex -13.1412 10.7847 1.6
      vertex -13.1412 10.7847 0
    endloop
  endfacet
  facet normal -0.803213 0.595692 0
    outer loop
      vertex -13.1412 10.7847 1.6
      vertex -14.135 9.44469 0
      vertex -14.135 9.44469 1.6
    endloop
  endfacet
  facet normal 0.903986 -0.427561 0
    outer loop
      vertex 14.9927 -8.01374 1.6
      vertex 15.706 -6.50562 0
      vertex 15.706 -6.50562 1.6
    endloop
  endfacet
  facet normal 0.903986 -0.427561 0
    outer loop
      vertex 15.706 -6.50562 0
      vertex 14.9927 -8.01374 1.6
      vertex 14.9927 -8.01374 0
    endloop
  endfacet
  facet normal -0.336872 -0.941551 0
    outer loop
      vertex -6.50562 -15.706 0
      vertex -4.93484 -16.268 1.6
      vertex -6.50562 -15.706 1.6
    endloop
  endfacet
  facet normal -0.336872 -0.941551 -0
    outer loop
      vertex -4.93484 -16.268 1.6
      vertex -6.50562 -15.706 0
      vertex -4.93484 -16.268 0
    endloop
  endfacet
  facet normal 0.941551 0.336872 0
    outer loop
      vertex 16.268 4.93484 1.6
      vertex 15.706 6.50562 0
      vertex 15.706 6.50562 1.6
    endloop
  endfacet
  facet normal 0.941551 0.336872 0
    outer loop
      vertex 15.706 6.50562 0
      vertex 16.268 4.93484 1.6
      vertex 16.268 4.93484 0
    endloop
  endfacet
  facet normal -0.803213 -0.595692 0
    outer loop
      vertex -13.1412 -10.7847 0
      vertex -14.135 -9.44469 1.6
      vertex -14.135 -9.44469 0
    endloop
  endfacet
  facet normal -0.803213 -0.595692 0
    outer loop
      vertex -14.135 -9.44469 1.6
      vertex -13.1412 -10.7847 0
      vertex -13.1412 -10.7847 1.6
    endloop
  endfacet
  facet normal 0.0490918 0.998794 -0
    outer loop
      vertex 1.66629 16.9181 0
      vertex 0 17 1.6
      vertex 1.66629 16.9181 1.6
    endloop
  endfacet
  facet normal 0.0490918 0.998794 0
    outer loop
      vertex 0 17 1.6
      vertex 1.66629 16.9181 0
      vertex 0 17 0
    endloop
  endfacet
  facet normal 0.740932 -0.67158 0
    outer loop
      vertex 12.0208 -12.0208 1.6
      vertex 13.1412 -10.7847 0
      vertex 13.1412 -10.7847 1.6
    endloop
  endfacet
  facet normal 0.740932 -0.67158 0
    outer loop
      vertex 13.1412 -10.7847 0
      vertex 12.0208 -12.0208 1.6
      vertex 12.0208 -12.0208 0
    endloop
  endfacet
  facet normal -0.0490918 0.998794 0
    outer loop
      vertex 0 17 0
      vertex -1.66629 16.9181 1.6
      vertex 0 17 1.6
    endloop
  endfacet
  facet normal -0.0490918 0.998794 0
    outer loop
      vertex -1.66629 16.9181 1.6
      vertex 0 17 0
      vertex -1.66629 16.9181 0
    endloop
  endfacet
  facet normal -0.998794 0.0490918 0
    outer loop
      vertex -17 0 0
      vertex -16.9181 1.66629 1.6
      vertex -16.9181 1.66629 0
    endloop
  endfacet
  facet normal -0.998794 0.0490918 0
    outer loop
      vertex -16.9181 1.66629 1.6
      vertex -17 0 0
      vertex -17 0 1.6
    endloop
  endfacet
  facet normal -0.146736 0.989176 0
    outer loop
      vertex -1.66629 16.9181 0
      vertex -3.31653 16.6733 1.6
      vertex -1.66629 16.9181 1.6
    endloop
  endfacet
  facet normal -0.146736 0.989176 0
    outer loop
      vertex -3.31653 16.6733 1.6
      vertex -1.66629 16.9181 0
      vertex -3.31653 16.6733 0
    endloop
  endfacet
  facet normal -0.989176 -0.146736 0
    outer loop
      vertex -16.6733 -3.31653 0
      vertex -16.9181 -1.66629 1.6
      vertex -16.9181 -1.66629 0
    endloop
  endfacet
  facet normal -0.989176 -0.146736 0
    outer loop
      vertex -16.9181 -1.66629 1.6
      vertex -16.6733 -3.31653 0
      vertex -16.6733 -3.31653 1.6
    endloop
  endfacet
  facet normal -0.903986 0.427561 0
    outer loop
      vertex -15.706 6.50562 0
      vertex -14.9927 8.01374 1.6
      vertex -14.9927 8.01374 0
    endloop
  endfacet
  facet normal -0.903986 0.427561 0
    outer loop
      vertex -14.9927 8.01374 1.6
      vertex -15.706 6.50562 0
      vertex -15.706 6.50562 1.6
    endloop
  endfacet
  facet normal 0.242943 -0.970041 0
    outer loop
      vertex 3.31653 -16.6733 0
      vertex 4.93484 -16.268 1.6
      vertex 3.31653 -16.6733 1.6
    endloop
  endfacet
  facet normal 0.242943 -0.970041 0
    outer loop
      vertex 4.93484 -16.268 1.6
      vertex 3.31653 -16.6733 0
      vertex 4.93484 -16.268 0
    endloop
  endfacet
  facet normal 0.803213 0.595692 0
    outer loop
      vertex 14.135 9.44469 1.6
      vertex 13.1412 10.7847 0
      vertex 13.1412 10.7847 1.6
    endloop
  endfacet
  facet normal 0.803213 0.595692 0
    outer loop
      vertex 13.1412 10.7847 0
      vertex 14.135 9.44469 1.6
      vertex 14.135 9.44469 0
    endloop
  endfacet
  facet normal -0.740932 -0.67158 0
    outer loop
      vertex -12.0208 -12.0208 0
      vertex -13.1412 -10.7847 1.6
      vertex -13.1412 -10.7847 0
    endloop
  endfacet
  facet normal -0.740932 -0.67158 0
    outer loop
      vertex -13.1412 -10.7847 1.6
      vertex -12.0208 -12.0208 0
      vertex -12.0208 -12.0208 1.6
    endloop
  endfacet
  facet normal 0.970041 -0.242943 0
    outer loop
      vertex 16.268 -4.93484 1.6
      vertex 16.6733 -3.31653 0
      vertex 16.6733 -3.31653 1.6
    endloop
  endfacet
  facet normal 0.970041 -0.242943 0
    outer loop
      vertex 16.6733 -3.31653 0
      vertex 16.268 -4.93484 1.6
      vertex 16.268 -4.93484 0
    endloop
  endfacet
  facet normal -0.67158 -0.740932 0
    outer loop
      vertex -12.0208 -12.0208 0
      vertex -10.7847 -13.1412 1.6
      vertex -12.0208 -12.0208 1.6
    endloop
  endfacet
  facet normal -0.67158 -0.740932 -0
    outer loop
      vertex -10.7847 -13.1412 1.6
      vertex -12.0208 -12.0208 0
      vertex -10.7847 -13.1412 0
    endloop
  endfacet
  facet normal -0.740932 0.67158 0
    outer loop
      vertex -13.1412 10.7847 0
      vertex -12.0208 12.0208 1.6
      vertex -12.0208 12.0208 0
    endloop
  endfacet
  facet normal -0.740932 0.67158 0
    outer loop
      vertex -12.0208 12.0208 1.6
      vertex -13.1412 10.7847 0
      vertex -13.1412 10.7847 1.6
    endloop
  endfacet
  facet normal -0.514112 -0.857723 0
    outer loop
      vertex -9.44469 -14.135 0
      vertex -8.01374 -14.9927 1.6
      vertex -9.44469 -14.135 1.6
    endloop
  endfacet
  facet normal -0.514112 -0.857723 -0
    outer loop
      vertex -8.01374 -14.9927 1.6
      vertex -9.44469 -14.135 0
      vertex -8.01374 -14.9927 0
    endloop
  endfacet
  facet normal -0.242943 -0.970041 0
    outer loop
      vertex -4.93484 -16.268 0
      vertex -3.31653 -16.6733 1.6
      vertex -4.93484 -16.268 1.6
    endloop
  endfacet
  facet normal -0.242943 -0.970041 -0
    outer loop
      vertex -3.31653 -16.6733 1.6
      vertex -4.93484 -16.268 0
      vertex -3.31653 -16.6733 0
    endloop
  endfacet
  facet normal -0.857723 -0.514112 0
    outer loop
      vertex -14.135 -9.44469 0
      vertex -14.9927 -8.01374 1.6
      vertex -14.9927 -8.01374 0
    endloop
  endfacet
  facet normal -0.857723 -0.514112 0
    outer loop
      vertex -14.9927 -8.01374 1.6
      vertex -14.135 -9.44469 0
      vertex -14.135 -9.44469 1.6
    endloop
  endfacet
  facet normal 0.67158 -0.740932 0
    outer loop
      vertex 10.7847 -13.1412 0
      vertex 12.0208 -12.0208 1.6
      vertex 10.7847 -13.1412 1.6
    endloop
  endfacet
  facet normal 0.67158 -0.740932 0
    outer loop
      vertex 12.0208 -12.0208 1.6
      vertex 10.7847 -13.1412 0
      vertex 12.0208 -12.0208 0
    endloop
  endfacet
  facet normal 0 0 1
    outer loop
      vertex 3.5 12.2 1.6
      vertex 17 0 1.6
      vertex 16.9181 1.66629 1.6
    endloop
  endfacet
  facet normal 0 0 1
    outer loop
      vertex 3.5 12.2 1.6
      vertex 16.9181 1.66629 1.6
      vertex 16.6733 3.31653 1.6
    endloop
  endfacet
  facet normal 0 0 1
    outer loop
      vertex 17 0 1.6
      vertex 3.5 12.2 1.6
      vertex 16.9181 -1.66629 1.6
    endloop
  endfacet
  facet normal 0 0 1
    outer loop
      vertex 3.5 12.2 1.6
      vertex 16.6733 3.31653 1.6
      vertex 16.268 4.93484 1.6
    endloop
  endfacet
  facet normal 0 0 1
    outer loop
      vertex 16.9181 -1.66629 1.6
      vertex 3.5 12.2 1.6
      vertex 16.6733 -3.31653 1.6
    endloop
  endfacet
  facet normal 0 0 1
    outer loop
      vertex 3.5 12.2 1.6
      vertex 16.268 4.93484 1.6
      vertex 15.706 6.50562 1.6
    endloop
  endfacet
  facet normal 0 0 1
    outer loop
      vertex 16.6733 -3.31653 1.6
      vertex 3.5 12.2 1.6
      vertex 16.268 -4.93484 1.6
    endloop
  endfacet
  facet normal 0 0 1
    outer loop
      vertex 3.5 12.2 1.6
      vertex 15.706 6.50562 1.6
      vertex 14.9927 8.01374 1.6
    endloop
  endfacet
  facet normal 0 0 1
    outer loop
      vertex 16.268 -4.93484 1.6
      vertex 3.5 12.2 1.6
      vertex 15.706 -6.50562 1.6
    endloop
  endfacet
  facet normal 0 0 1
    outer loop
      vertex 3.5 12.2 1.6
      vertex 14.9927 8.01374 1.6
      vertex 14.135 9.44469 1.6
    endloop
  endfacet
  facet normal 0 0 1
    outer loop
      vertex 15.706 -6.50562 1.6
      vertex 3.5 12.2 1.6
      vertex 14.9927 -8.01374 1.6
    endloop
  endfacet
  facet normal 0 0 1
    outer loop
      vertex 3.5 12.2 1.6
      vertex 14.135 9.44469 1.6
      vertex 13.1412 10.7847 1.6
    endloop
  endfacet
  facet normal 0 0 1
    outer loop
      vertex 14.9927 -8.01374 1.6
      vertex 3.5 12.2 1.6
      vertex 14.135 -9.44469 1.6
    endloop
  endfacet
  facet normal 0 0 1
    outer loop
      vertex 3.5 12.2 1.6
      vertex 13.1412 10.7847 1.6
      vertex 12.0208 12.0208 1.6
    endloop
  endfacet
  facet normal 0 0 1
    outer loop
      vertex 14.135 -9.44469 1.6
      vertex 3.5 12.2 1.6
      vertex 13.1412 -10.7847 1.6
    endloop
  endfacet
  facet normal -0 0 1
    outer loop
      vertex 3.5 12.2 1.6
      vertex 12.0208 12.0208 1.6
      vertex 10.7847 13.1412 1.6
    endloop
  endfacet
  facet normal 0 0 1
    outer loop
      vertex 13.1412 -10.7847 1.6
      vertex 3.5 12.2 1.6
      vertex 12.0208 -12.0208 1.6
    endloop
  endfacet
  facet normal 0 0 1
    outer loop
      vertex 3.5 12.2 1.6
      vertex 10.7847 13.1412 1.6
      vertex 9.44469 14.135 1.6
    endloop
  endfacet
  facet normal 0 0 1
    outer loop
      vertex 12.0208 -12.0208 1.6
      vertex 3.5 12.2 1.6
      vertex 10.7847 -13.1412 1.6
    endloop
  endfacet
  facet normal 0 0 1
    outer loop
      vertex 3.5 12.2 1.6
      vertex 9.44469 14.135 1.6
      vertex 8.01374 14.9927 1.6
    endloop
  endfacet
  facet normal 0 0 1
    outer loop
      vertex 10.7847 -13.1412 1.6
      vertex 3.5 12.2 1.6
      vertex 9.44469 -14.135 1.6
    endloop
  endfacet
  facet normal 0 0 1
    outer loop
      vertex 3.5 12.2 1.6
      vertex 8.01374 14.9927 1.6
      vertex 6.50562 15.706 1.6
    endloop
  endfacet
  facet normal 0 0 1
    outer loop
      vertex 9.44469 -14.135 1.6
      vertex 3.5 12.2 1.6
      vertex 8.01374 -14.9927 1.6
    endloop
  endfacet
  facet normal 0 0 1
    outer loop
      vertex 3.5 12.2 1.6
      vertex 6.50562 15.706 1.6
      vertex 4.93484 16.268 1.6
    endloop
  endfacet
  facet normal 0 0 1
    outer loop
      vertex 8.01374 -14.9927 1.6
      vertex 3.5 12.2 1.6
      vertex 6.50562 -15.706 1.6
    endloop
  endfacet
  facet normal 0 0 1
    outer loop
      vertex 3.5 12.2 1.6
      vertex 4.93484 16.268 1.6
      vertex 3.5 16.2 1.6
    endloop
  endfacet
  facet normal 0 0 1
    outer loop
      vertex 3.31653 16.6733 1.6
      vertex 3.5 16.2 1.6
      vertex 4.93484 16.268 1.6
    endloop
  endfacet
  facet normal 0 0 1
    outer loop
      vertex 1.66629 16.9181 1.6
      vertex 3.5 16.2 1.6
      vertex 3.31653 16.6733 1.6
    endloop
  endfacet
  facet normal 0 0 1
    outer loop
      vertex 0 17 1.6
      vertex 3.5 16.2 1.6
      vertex 1.66629 16.9181 1.6
    endloop
  endfacet
  facet normal 0 0 1
    outer loop
      vertex -3.5 16.2 1.6
      vertex 0 17 1.6
      vertex -1.66629 16.9181 1.6
    endloop
  endfacet
  facet normal 0 0 1
    outer loop
      vertex -3.5 16.2 1.6
      vertex -1.66629 16.9181 1.6
      vertex -3.31653 16.6733 1.6
    endloop
  endfacet
  facet normal 0 0 1
    outer loop
      vertex 0 17 1.6
      vertex -3.5 16.2 1.6
      vertex 3.5 16.2 1.6
    endloop
  endfacet
  facet normal 0 0 1
    outer loop
      vertex -3.5 16.2 1.6
      vertex -4.93484 16.268 1.6
      vertex -3.5 12.2 1.6
    endloop
  endfacet
  facet normal -0 0 1
    outer loop
      vertex -4.93484 16.268 1.6
      vertex -3.5 16.2 1.6
      vertex -3.31653 16.6733 1.6
    endloop
  endfacet
  facet normal 0 0 1
    outer loop
      vertex 6.50562 -15.706 1.6
      vertex 3.5 12.2 1.6
      vertex 4.93484 -16.268 1.6
    endloop
  endfacet
  facet normal 0 0 1
    outer loop
      vertex 3.5 12.2 1.6
      vertex 3.31653 -16.6733 1.6
      vertex 4.93484 -16.268 1.6
    endloop
  endfacet
  facet normal 0 0 1
    outer loop
      vertex 3.5 12.2 1.6
      vertex 1.66629 -16.9181 1.6
      vertex 3.31653 -16.6733 1.6
    endloop
  endfacet
  facet normal 0 0 1
    outer loop
      vertex 3.5 12.2 1.6
      vertex 0 -17 1.6
      vertex 1.66629 -16.9181 1.6
    endloop
  endfacet
  facet normal 0 0 1
    outer loop
      vertex 3.5 12.2 1.6
      vertex -1.66629 -16.9181 1.6
      vertex 0 -17 1.6
    endloop
  endfacet
  facet normal -0 0 1
    outer loop
      vertex -3.5 12.2 1.6
      vertex -1.66629 -16.9181 1.6
      vertex 3.5 12.2 1.6
    endloop
  endfacet
  facet normal 0 0 1
    outer loop
      vertex -1.66629 -16.9181 1.6
      vertex -3.5 12.2 1.6
      vertex -3.31653 -16.6733 1.6
    endloop
  endfacet
  facet normal -0 0 1
    outer loop
      vertex -6.50562 15.706 1.6
      vertex -3.5 12.2 1.6
      vertex -4.93484 16.268 1.6
    endloop
  endfacet
  facet normal 0 0 1
    outer loop
      vertex -3.5 12.2 1.6
      vertex -4.93484 -16.268 1.6
      vertex -3.31653 -16.6733 1.6
    endloop
  endfacet
  facet normal -0 0 1
    outer loop
      vertex -8.01374 14.9927 1.6
      vertex -3.5 12.2 1.6
      vertex -6.50562 15.706 1.6
    endloop
  endfacet
  facet normal 0 0 1
    outer loop
      vertex -3.5 12.2 1.6
      vertex -6.50562 -15.706 1.6
      vertex -4.93484 -16.268 1.6
    endloop
  endfacet
  facet normal -0 0 1
    outer loop
      vertex -9.44469 14.135 1.6
      vertex -3.5 12.2 1.6
      vertex -8.01374 14.9927 1.6
    endloop
  endfacet
  facet normal 0 0 1
    outer loop
      vertex -3.5 12.2 1.6
      vertex -8.01374 -14.9927 1.6
      vertex -6.50562 -15.706 1.6
    endloop
  endfacet
  facet normal -0 0 1
    outer loop
      vertex -10.7847 13.1412 1.6
      vertex -3.5 12.2 1.6
      vertex -9.44469 14.135 1.6
    endloop
  endfacet
  facet normal 0 0 1
    outer loop
      vertex -3.5 12.2 1.6
      vertex -9.44469 -14.135 1.6
      vertex -8.01374 -14.9927 1.6
    endloop
  endfacet
  facet normal 0 0 1
    outer loop
      vertex -12.0208 12.0208 1.6
      vertex -3.5 12.2 1.6
      vertex -10.7847 13.1412 1.6
    endloop
  endfacet
  facet normal 0 0 1
    outer loop
      vertex -3.5 12.2 1.6
      vertex -10.7847 -13.1412 1.6
      vertex -9.44469 -14.135 1.6
    endloop
  endfacet
  facet normal 0 0 1
    outer loop
      vertex -13.1412 10.7847 1.6
      vertex -3.5 12.2 1.6
      vertex -12.0208 12.0208 1.6
    endloop
  endfacet
  facet normal 0 0 1
    outer loop
      vertex -3.5 12.2 1.6
      vertex -12.0208 -12.0208 1.6
      vertex -10.7847 -13.1412 1.6
    endloop
  endfacet
  facet normal 0 0 1
    outer loop
      vertex -14.135 9.44469 1.6
      vertex -3.5 12.2 1.6
      vertex -13.1412 10.7847 1.6
    endloop
  endfacet
  facet normal 0 0 1
    outer loop
      vertex -3.5 12.2 1.6
      vertex -13.1412 -10.7847 1.6
      vertex -12.0208 -12.0208 1.6
    endloop
  endfacet
  facet normal 0 0 1
    outer loop
      vertex -14.9927 8.01374 1.6
      vertex -3.5 12.2 1.6
      vertex -14.135 9.44469 1.6
    endloop
  endfacet
  facet normal 0 0 1
    outer loop
      vertex -3.5 12.2 1.6
      vertex -14.135 -9.44469 1.6
      vertex -13.1412 -10.7847 1.6
    endloop
  endfacet
  facet normal 0 0 1
    outer loop
      vertex -15.706 6.50562 1.6
      vertex -3.5 12.2 1.6
      vertex -14.9927 8.01374 1.6
    endloop
  endfacet
  facet normal 0 0 1
    outer loop
      vertex -3.5 12.2 1.6
      vertex -14.9927 -8.01374 1.6
      vertex -14.135 -9.44469 1.6
    endloop
  endfacet
  facet normal 0 0 1
    outer loop
      vertex -16.268 4.93484 1.6
      vertex -3.5 12.2 1.6
      vertex -15.706 6.50562 1.6
    endloop
  endfacet
  facet normal 0 0 1
    outer loop
      vertex -3.5 12.2 1.6
      vertex -15.706 -6.50562 1.6
      vertex -14.9927 -8.01374 1.6
    endloop
  endfacet
  facet normal 0 0 1
    outer loop
      vertex -16.6733 3.31653 1.6
      vertex -3.5 12.2 1.6
      vertex -16.268 4.93484 1.6
    endloop
  endfacet
  facet normal 0 0 1
    outer loop
      vertex -3.5 12.2 1.6
      vertex -16.268 -4.93484 1.6
      vertex -15.706 -6.50562 1.6
    endloop
  endfacet
  facet normal 0 0 1
    outer loop
      vertex -16.9181 1.66629 1.6
      vertex -3.5 12.2 1.6
      vertex -16.6733 3.31653 1.6
    endloop
  endfacet
  facet normal 0 0 1
    outer loop
      vertex -3.5 12.2 1.6
      vertex -16.6733 -3.31653 1.6
      vertex -16.268 -4.93484 1.6
    endloop
  endfacet
  facet normal 0 0 1
    outer loop
      vertex -17 0 1.6
      vertex -3.5 12.2 1.6
      vertex -16.9181 1.66629 1.6
    endloop
  endfacet
  facet normal 0 0 1
    outer loop
      vertex -3.5 12.2 1.6
      vertex -16.9181 -1.66629 1.6
      vertex -16.6733 -3.31653 1.6
    endloop
  endfacet
  facet normal 0 0 1
    outer loop
      vertex -3.5 12.2 1.6
      vertex -17 0 1.6
      vertex -16.9181 -1.66629 1.6
    endloop
  endfacet
  facet normal -0 0 1
    outer loop
      vertex -3.5 16.2 1.6
      vertex 3.5 12.2 1.6
      vertex 3.5 16.2 1.6
    endloop
  endfacet
  facet normal 0 0 1
    outer loop
      vertex 3.5 12.2 1.6
      vertex -3.5 16.2 1.6
      vertex -3.5 12.2 1.6
    endloop
  endfacet
  facet normal -1 0 0
    outer loop
      vertex 3.5 13.5384 1.6
      vertex 3.5 14.774 4.6
      vertex 3.5 14.774 1.6
    endloop
  endfacet
  facet normal -1 -0 0
    outer loop
      vertex 3.5 14.774 4.6
      vertex 3.5 13.5384 1.6
      vertex 3.5 13.5384 4.6
    endloop
  endfacet
  facet normal 1 -0 0
    outer loop
      vertex -3.5 13.5384 4.6
      vertex -3.5 14.774 1.6
      vertex -3.5 14.774 4.6
    endloop
  endfacet
  facet normal 1 0 0
    outer loop
      vertex -3.5 14.774 1.6
      vertex -3.5 13.5384 4.6
      vertex -3.5 13.5384 1.6
    endloop
  endfacet
endsolid OpenSCAD_Model
